score name,Profile-based score (corrected for self-comparisons)
score sequences,29 sequences (5B0138C0 checksum)
score sequence ids,PP_HOMO PP_PAN PP_CANIS PP_BOS PP_MUS PP_RATTUS PP_MONODELPHIS PP_XENOPOS PAI1_HOMO PAI1_PAN PAI1_CANIS PAI1_BOS PAI1_MUS PAI1_RATTUS PAI1_MONODELPHIS PAI1_XENOPOS PAI1_DANIO PAI1_FUGU GDN_FUGU GDN_DANIO GDN_HOMO GDN_PAN GDN_BOS GDN_CANIS GDN_MUS GDN_RATTUS GDN_MONODELPHIS GDN_GALLUS GDN_XENOPOS
score number of sites,496 sites
score weighting,weighted by evolutionary distance
score against,Sequence profile
profile name,Sequence profile
profile sequences,29 sequences (5B0138C0 checksum)
profile sequence ids,PP_HOMO PP_PAN PP_CANIS PP_BOS PP_MUS PP_RATTUS PP_MONODELPHIS PP_XENOPOS PAI1_HOMO PAI1_PAN PAI1_CANIS PAI1_BOS PAI1_MUS PAI1_RATTUS PAI1_MONODELPHIS PAI1_XENOPOS PAI1_DANIO PAI1_FUGU GDN_FUGU GDN_DANIO GDN_HOMO GDN_PAN GDN_BOS GDN_CANIS GDN_MUS GDN_RATTUS GDN_MONODELPHIS GDN_GALLUS GDN_XENOPOS
profile number of sites,496 sites
profile weighting,weighted by evolutionary distance
profile substitution matrix,"vectors of Transformed 250 PAM PET91 matrix (Valdar 2001) to be in the range of [0.0-1.0] with constant diagonal., average diagonal, linear transform, gap 0.000, gap-gap 0.000"
report site selections,present sites
report sites,429 sites
report sequences shown,NS_CANIS NS_BOS NS_HOMO NS_PAN NS_MUS NS_RATTUS NS_MONODELPHIS NS_GALLUS NS_XENOPOS NS_FUGU NS_DANIO PP_HOMO PP_PAN PP_CANIS PP_BOS PP_MUS PP_RATTUS PP_MONODELPHIS PP_XENOPOS PAI1_HOMO PAI1_PAN PAI1_CANIS PAI1_BOS PAI1_MUS PAI1_RATTUS PAI1_MONODELPHIS PAI1_XENOPOS PAI1_DANIO PAI1_FUGU GDN_FUGU GDN_DANIO GDN_HOMO GDN_PAN GDN_BOS GDN_CANIS GDN_MUS GDN_RATTUS GDN_MONODELPHIS GDN_GALLUS GDN_XENOPOS
report numbering by,reference sequence NS_HOMO starting from 1
report numbering extent,-9 to 410
note sequences,sequences marked * were not scored
note consensus,showing consensus determined from profile
consensus details,Consensus: residues with score >= 0.700 or >= 1.00 of max score
note scores,showing score for each position under score
note header ends,data follows immediately below
alignment num,report num,*Ref: NS_HOMO,*NS_CANIS,*NS_BOS,*NS_HOMO,*NS_PAN,*NS_MUS,*NS_RATTUS,*NS_MONODELPHIS,*NS_GALLUS,*NS_XENOPOS,*NS_FUGU,*NS_DANIO,PP_HOMO,PP_PAN,PP_CANIS,PP_BOS,PP_MUS,PP_RATTUS,PP_MONODELPHIS,PP_XENOPOS,PAI1_HOMO,PAI1_PAN,PAI1_CANIS,PAI1_BOS,PAI1_MUS,PAI1_RATTUS,PAI1_MONODELPHIS,PAI1_XENOPOS,PAI1_DANIO,PAI1_FUGU,GDN_FUGU,GDN_DANIO,GDN_HOMO,GDN_PAN,GDN_BOS,GDN_CANIS,GDN_MUS,GDN_RATTUS,GDN_MONODELPHIS,GDN_GALLUS,GDN_XENOPOS,consensus 1,consensus 1 score,consensus 2,consensus 2 score,score
54,-9,-,-,-,-,-,-,-,-,-,-,-,-,-,-,-,-,-,-,-,-,M,M,M,M,M,M,-,-,-,-,-,-,-,-,-,-,-,-,-,-,-,,,,,0.034374680694358749
55,-8,-,-,-,-,-,-,-,-,-,-,-,-,-,-,-,-,-,-,-,-,Q,Q,Q,R,Q,Q,-,-,-,-,-,-,-,-,-,-,-,-,-,-,-,,,,,0.028289219370184165
56,-7,-,-,-,-,-,-,-,-,-,-,-,-,-,-,-,-,-,-,-,-,M,M,M,M,M,M,M,-,-,-,-,-,-,-,-,-,-,-,-,-,-,,,,,0.048372111414571511
57,-6,-,-,-,-,-,-,-,-,-,-,M,-,-,-,-,-,-,-,M,-,S,S,S,S,S,S,K,M,-,-,M,-,-,-,-,-,-,-,-,-,-,,,,,0.06080222679943921
58,-5,-,-,-,-,-,-,-,-,-,-,S,-,-,-,-,-,-,-,T,M,P,P,P,P,S,S,L,S,-,-,K,-,M,M,M,M,M,M,M,-,-,,,,,0.15759937112683781
59,-4,-,-,-,-,-,-,-,-,-,-,M,-,-,-,-,-,-,-,Q,K,A,A,V,V,A,A,S,R,-,-,T,M,N,N,N,N,N,N,S,M,M,,,,,0.18561972376880781
60,-3,-,-,-,-,-,-,-,-,-,-,L,-,-,-,-,-,-,-,T,R,L,L,F,F,L,L,R,N,-,-,L,C,W,W,W,W,W,W,W,N,R,,,,,0.16756088321191642
61,-2,-,-,-,-,-,-,-,-,-,-,D,M,-,-,-,-,-,-,W,L,T,A,A,A,A,T,V,L,-,-,S,V,H,H,H,H,H,H,Q,W,S,,,,,0.16051365718847921
62,-1,-,-,-,-,-,-,-,-,-,-,I,L,-,-,-,-,-,-,F,Y,C,C,C,C,C,C,F,R,-,-,F,L,L,L,F,F,F,F,F,H,L,,,,,0.23122368490641518
63,1,M,M,M,M,M,M,M,M,M,M,L,L,M,M,M,M,M,M,G,P,L,L,L,L,L,L,A,C,-,-,L,F,P,P,P,S,P,P,P,F,F,,,,,0.35896485407813045
64,2,A,A,A,A,A,T,A,T,Y,H,S,L,D,D,N,D,N,K,R,G,V,V,A,A,I,T,C,M,M,-,C,R,L,L,F,F,F,F,L,S,T,,,,,0.26729879658103689
65,3,F,F,F,F,F,Y,Y,F,F,H,P,V,T,T,K,K,K,K,F,V,L,L,L,L,L,L,L,I,Q,M,L,C,F,F,F,F,F,F,L,L,L,,,,,0.41678219472689415
66,4,L,L,L,L,L,L,L,F,L,L,L,V,I,I,I,I,T,T,L,I,G,G,G,G,G,G,S,V,S,L,F,G,L,L,L,L,I,I,L,L,L,,,,,0.41261136307311636
67,5,G,G,G,G,G,E,G,G,G,S,V,L,F,S,L,L,I,I,L,V,L,L,L,L,L,L,L,V,L,F,G,V,L,L,V,V,L,L,F,F,F,L,0.71357685440756424,,,0.57552486719499418
74,6,L,L,L,L,L,L,L,L,L,L,L,P,L,L,L,L,L,L,T,A,A,A,A,A,V,V,L,L,S,A,L,L,A,A,A,A,T,T,T,L,L,,,,,0.52239826176044979
75,7,F,F,F,F,F,L,L,L,L,L,L,P,W,W,W,W,W,W,L,V,L,L,L,L,L,L,L,L,V,Y,V,F,S,S,S,A,T,T,T,L,G,,,,,0.37214155384414549
76,8,S,S,S,S,S,A,S,A,S,A,T,L,S,S,S,S,S,S,C,T,V,V,V,I,V,V,I,S,L,T,V,L,V,V,V,V,V,V,V,G,A,,,,,0.48769524288151955
77,9,L,L,L,L,L,L,L,L,L,L,L,L,L,L,L,L,F,F,G,L,F,F,F,F,S,F,I,L,L,L,L,L,T,T,T,T,T,T,T,T,F,,,,,0.48342324134644266
78,10,L,L,L,L,L,L,V,L,L,I,M,L,L,L,L,L,L,L,P,C,G,G,G,G,G,G,G,A,I,L,R,C,L,L,L,L,L,L,L,L,L,,,,,0.45442486092675161
79,11,V,V,V,V,V,A,A,I,V,V,L,L,L,L,L,L,L,L,F,G,E,E,E,E,K,K,V,S,F,L,G,S,P,P,P,P,Y,S,T,A,A,,,,,0.32440640097863621
80,12,L,L,L,L,L,L,L,L,L,M,Q,R,L,L,I,T,F,F,L,V,G,G,A,G,G,G,G,V,A,L,H,V,S,S,S,S,S,S,S,S,S,,,,,0.38021344568642651
81,13,Q,Q,Q,Q,Q,Q,Q,P,P,Q,C,G,F,F,F,F,F,L,M,W,S,S,S,S,F,F,D,T,L,A,G,S,I,I,V,V,V,V,A,V,A,,,,,0.36129194702598921
82,14,S,S,S,S,S,S,S,S,S,A,H,C,F,F,S,S,S,S,L,I,A,A,A,A,T,A,S,S,C,L,G,V,C,C,C,C,H,Y,Y,C,Q,,,,,0.36838695660635029
83,15,M,L,L,M,M,V,L,M,K,L,Y,F,G,G,G,G,G,G,R,T,V,V,S,S,L,S,L,A,A,S,A,S,S,S,S,S,S,S,S,S,P,,,,,0.48262932510510065
84,16,A,A,A,A,A,V,V,A,A,V,C,C,S,S,S,S,S,S,S,C,H,H,Y,Y,P,P,P,Q,S,R,L,Q,H,H,Q,Q,Q,Q,H,Q,E,,,,,0.42702072434957195
85,17,T,L,L,T,T,T,T,L,F,F,H,Q,Q,Q,Q,Q,Q,Q,H,N,H,H,S,Q,L,L,Q,N,S,A,S,S,F,F,F,F,F,L,L,F,L,,,,,0.37323540450482368
86,18,G,A,G,G,A,G,G,S,K,G,G,A,A,A,A,A,T,T,S,A,P,P,Y,P,R,P,H,R,L,A,Q,Q,N,N,N,N,N,N,D,N,D,,,,,0.39193200879725526
87,19,A,A,T,A,A,A,A,T,T,T,T,S,S,S,S,S,S,S,A,S,P,P,Q,Q,E,E,N,V,C,L,A,S,P,P,P,P,S,S,P,F,L,,,,,0.42429483977890553
88,20,T,T,T,T,T,T,A,S,N,S,D,D,R,R,R,S,R,R,S,R,S,S,T,S,S,S,P,S,N,S,P,S,L,L,L,L,L,L,F,Y,L,,,,,0.40568755177206794
89,21,F,F,F,F,F,F,F,F,F,V,V,V,C,C,P,P,A,T,L,L,Y,Y,R,A,H,H,Q,R,L,S,S,S,S,S,S,S,S,S,S,P,S,,,,,0.40316654638940452
90,22,P,P,T,P,P,P,P,P,P,H,P,P,S,S,L,W,T,M,L,W,V,V,A,A,T,T,V,V,I,L,Y,Y,L,L,L,L,L,L,L,L,L,,,,,0.42660693118966508
91,23,E,D,D,E,E,D,D,D,D,D,E,E,A,A,V,A,D,D,A,G,A,A,A,A,A,A,S,A,Q,Q,G,G,E,E,E,E,E,E,E,E,E,,,,,0.48516174433223691
92,24,E,E,E,E,E,E,E,E,E,E,D,D,Q,Q,Q,Q,Q,Q,D,D,H,H,G,S,H,Q,Q,Q,D,D,E,A,E,E,E,E,E,E,E,E,E,,,,,0.53846961857233844
93,25,A,T,T,A,A,T,T,T,T,T,P,V,K,K,R,R,K,K,N,A,L,L,L,L,Q,Q,M,K,K,K,R,R,L,L,L,L,L,L,L,L,L,,,,,0.43656011509629877
94,26,I,I,I,I,I,I,I,I,I,V,T,T,N,N,N,N,I,N,N,I,A,A,A,A,A,A,V,G,Q,Q,G,G,G,G,G,G,G,G,G,S,G,,,,,0.45157692368623115
95,27,A,A,A,A,A,T,A,A,A,N,A,A,T,T,V,A,A,A,T,T,S,S,T,T,T,T,T,T,T,T,S,S,S,S,S,S,S,S,S,S,S,,,,,0.61290496902022606
96,28,D,E,E,D,D,E,E,E,E,E,E,E,E,E,E,E,D,E,R,E,D,D,D,D,D,N,D,S,D,D,D,D,N,N,D,N,N,D,D,D,D,D,0.77386531765832245,,,0.6590655005652406
97,29,L,L,L,L,L,W,W,L,L,F,F,F,F,F,F,F,F,F,F,L,F,F,F,F,F,F,F,F,F,F,L,L,T,T,T,T,T,T,T,V,I,F,0.72736588360629451,,,0.59195075734968028
98,30,S,S,S,S,S,S,S,S,S,S,S,S,A,A,A,V,A,A,A,A,G,G,G,G,G,G,G,G,G,G,G,G,G,G,G,G,G,G,G,G,G,G,0.81237945603724382,,,0.71575570080131334
99,31,V,V,V,V,V,V,V,V,V,I,V,V,V,V,V,V,V,V,L,V,V,V,V,V,V,V,M,L,L,L,I,L,I,I,I,I,I,I,I,I,I,V,0.75438071637768767,,,0.68237650628417812
100,32,N,N,N,N,N,N,N,N,N,K,R,R,D,D,D,D,D,D,D,D,R,R,K,K,K,K,K,R,Q,K,Q,Q,Q,Q,Q,Q,Q,Q,Q,Q,Q,,,,,0.55395893827145681
101,33,M,M,M,M,M,M,V,V,V,V,L,L,L,L,L,L,L,L,L,L,V,V,V,V,V,V,V,L,V,V,V,V,V,V,V,V,V,V,I,V,V,V,0.80730211387590878,,,0.73661529202446763
102,34,Y,Y,Y,Y,Y,Y,Y,Y,Y,Y,Y,Y,Y,Y,Y,Y,Y,Y,Y,S,F,F,F,F,F,F,F,F,F,F,F,F,F,F,F,F,F,F,F,F,F,F,0.88137527669863891,Y,0.73772326286216883,0.81221986439565608
103,35,N,N,N,N,N,N,N,N,N,H,H,H,Q,Q,Q,Q,K,K,Q,R,Q,Q,Q,Q,Q,Q,R,Q,A,S,Q,M,N,N,N,N,N,N,N,N,N,,,,,0.52918851972776548
104,36,R,H,H,R,R,H,H,H,Q,K,L,Q,E,E,T,A,A,A,T,A,Q,Q,E,Q,Q,H,E,E,E,Q,Q,Q,Q,Q,Q,Q,Q,Q,Q,Q,Q,Q,0.70160374299748418,,,0.56746598736103804
105,37,L,L,L,L,L,L,L,L,L,L,L,L,V,V,I,V,I,I,I,I,V,V,V,V,V,V,V,V,A,L,E,V,I,I,I,I,I,I,I,I,V,V,0.75254376095033126,I,0.74143072843306279,0.69118002519045896
106,38,R,R,R,R,R,R,R,R,R,R,Q,Q,S,S,C,G,S,S,H,H,A,A,A,V,V,V,V,L,V,S,V,L,V,V,V,V,I,I,V,V,V,,,,,0.45992578756090041
108,39,A,A,A,A,A,G,A,A,A,A,A,I,L,L,L,L,L,L,S,S,Q,Q,R,R,Q,Q,Q,A,Q,Q,R,Q,K,K,K,R,K,K,K,K,K,,,,,0.43716521522438861
109,40,T,T,T,T,T,T,T,T,A,T,G,S,S,S,S,S,S,S,L,S,A,A,A,A,A,A,T,D,S,S,S,D,S,S,S,S,S,S,S,A,S,S,0.76082902958604548,,,0.63203884691769929
110,41,G,G,G,G,G,G,G,G,R,I,G,S,H,H,H,H,H,N,H,C,S,S,S,S,S,S,S,Q,A,S,R,R,R,R,Q,R,R,Q,R,K,R,,,,,0.46375974266522008
111,42,E,E,E,E,E,E,E,E,E,E,D,G,-,-,-,-,-,-,-,T,K,K,K,K,K,K,G,W,P,V,P,A,P,P,P,P,P,P,P,P,P,,,,,0.24065569148982707
112,43,D,D,D,D,D,D,D,D,D,D,Q,E,K,K,E,K,K,K,E,E,D,D,D,D,D,D,D,G,D,D,L,Q,H,H,H,H,H,H,R,Q,H,,,,,0.47499793656593675
113,44,E,E,E,E,E,E,E,E,E,E,D,E,D,D,N,N,N,N,E,E,R,R,R,R,R,R,G,K,R,K,D,E,D,D,D,D,E,E,E,D,E,,,,,0.51364652307918079
114,45,N,N,N,N,N,N,N,N,N,N,N,N,N,N,N,N,N,N,N,N,N,N,N,N,N,N,N,N,N,N,N,N,N,N,N,N,N,N,N,N,N,N,0.99999999999999978,,,0.99999999999999956
115,46,I,I,I,I,I,I,I,I,I,I,I,I,I,I,I,I,I,V,V,I,V,V,M,V,V,V,V,L,L,V,I,V,I,I,I,V,V,V,I,V,F,V,0.76639291957942568,I,0.7316538334494237,0.7013606349863547
116,47,L,L,L,L,L,L,L,L,L,I,I,I,I,I,I,I,I,I,I,I,V,V,V,V,V,V,V,G,A,A,V,L,V,V,I,V,V,V,I,V,V,V,0.75803900811407621,I,0.70080720720464151,0.66731399587864715
117,48,F,F,F,F,F,F,F,F,F,F,F,F,F,F,F,I,F,F,F,F,F,F,F,F,F,F,F,F,L,M,L,L,I,I,I,V,V,I,I,V,M,F,0.70432007164526811,,,0.59503884900110593
118,49,S,S,S,S,S,S,S,S,C,S,S,S,S,S,S,S,S,S,S,S,S,S,S,S,S,S,S,S,S,S,S,S,S,S,S,S,S,S,S,S,S,S,0.99999999999999978,,,0.99999999999999956
119,50,P,P,P,P,P,P,P,P,P,P,P,P,P,P,P,P,P,P,P,P,P,P,P,P,P,P,P,P,P,P,P,P,P,P,P,P,P,P,P,P,P,P,0.99999999999999978,,,0.99999999999999956
120,51,L,L,L,L,L,L,L,L,L,L,L,L,L,L,L,L,L,L,L,L,Y,Y,Y,Y,Y,Y,Y,Y,Y,Y,H,H,H,H,H,H,H,H,H,H,H,,,,,0.56490890663150461
121,52,S,S,S,S,S,S,S,S,S,S,S,S,G,G,G,G,G,G,G,G,G,G,G,G,G,G,G,G,G,G,G,G,G,G,G,G,G,G,G,G,G,G,0.99999999999999978,,,0.99999999999999956
122,53,I,V,V,I,I,I,I,I,I,T,V,V,I,I,T,T,T,T,A,T,V,V,V,V,V,V,I,V,I,A,V,V,I,I,I,I,I,I,I,I,I,I,0.71084941041408778,,,0.61895682258542395
123,54,A,T,T,A,A,A,A,A,A,A,A,A,T,T,T,T,T,T,R,S,A,A,A,A,S,S,A,T,A,V,A,A,A,A,A,A,A,A,A,A,S,A,0.72525346776457356,,,0.60873016013628178
124,55,L,F,L,L,L,L,L,I,I,I,V,L,L,L,L,L,M,V,L,L,S,S,S,S,S,S,S,S,S,S,S,S,S,S,S,S,S,S,S,S,S,S,0.76480132596356898,,,0.63999807799322983
125,56,A,A,A,A,A,A,A,A,A,A,A,A,V,V,V,A,L,L,V,I,V,V,V,V,V,V,V,A,V,V,I,V,V,V,V,V,I,I,V,V,V,V,0.8603245523997417,,,0.75948941007484994
126,57,M,M,M,M,M,M,M,M,M,L,L,L,L,L,L,L,L,L,L,L,L,L,L,L,L,L,L,L,L,L,L,L,L,L,L,L,L,L,L,L,L,L,0.99999999999999978,,,0.99999999999999956
127,58,G,G,G,G,G,G,G,G,G,G,G,G,E,E,G,G,G,G,G,G,A,A,A,A,A,A,A,S,G,A,G,G,G,G,G,G,G,G,G,G,G,G,0.76923912646345527,,,0.6582096353897805
128,59,M,M,M,M,M,M,V,M,M,M,M,M,M,M,M,M,M,M,M,M,M,M,M,M,M,M,M,V,M,M,M,M,M,M,M,M,M,M,M,V,M,M,0.96287811581164562,,,0.92843848325903888
129,60,M,M,L,M,M,M,M,V,I,V,V,V,V,V,I,V,V,V,V,I,L,L,L,L,L,L,L,L,A,A,L,L,L,L,L,L,L,L,L,L,L,L,0.78159999760761423,,,0.67461662936736755
130,61,E,E,E,E,E,E,E,E,E,E,G,E,Q,Q,Q,Q,Q,Q,Q,K,Q,Q,Q,Q,Q,Q,Q,Q,Q,Q,L,L,Q,Q,Q,Q,Q,Q,Q,Q,Q,Q,0.9216918798453162,,,0.85067322724812999
131,62,L,L,L,L,L,L,L,L,L,L,L,L,L,L,L,L,L,L,M,L,L,L,L,L,M,L,L,S,M,L,P,P,L,L,L,L,L,L,L,L,L,L,0.86944872821544306,,,0.76632494791747741
132,63,G,G,G,G,G,G,G,G,G,G,G,G,G,G,G,G,G,G,G,G,T,T,T,T,T,T,T,G,G,G,G,G,G,G,G,G,G,G,G,G,G,G,0.84432498247382082,,,0.75271834795293746
133,64,A,A,A,A,A,A,A,A,A,A,A,A,A,A,A,A,A,A,A,A,T,T,T,T,T,T,T,A,A,A,A,A,A,A,A,A,A,A,A,A,A,A,0.87560002347608168,,,0.80239712062805935
134,65,Q,Q,Q,Q,Q,Q,Q,R,H,R,R,R,K,K,K,K,K,K,K,R,G,G,A,G,A,A,G,A,Y,A,H,H,D,D,D,D,D,D,D,D,D,,,,,0.42792398764648937
135,66,G,G,G,G,G,G,G,G,G,G,G,G,G,G,G,G,G,G,G,G,G,G,G,G,G,G,G,G,G,G,G,G,G,G,G,G,G,G,G,G,G,G,0.99999999999999978,,,0.99999999999999956
136,67,S,S,S,S,S,S,S,S,T,S,V,S,K,K,R,K,K,K,K,A,E,E,E,E,K,K,N,T,A,K,E,D,R,R,R,R,K,R,K,K,K,,,,,0.55535961375278087
137,68,T,T,T,T,T,T,T,T,T,S,S,S,A,A,A,A,A,A,A,A,T,T,T,T,T,T,T,T,T,T,T,T,T,T,T,T,T,T,T,T,T,T,0.8399670355250981,,,0.76796447461337669
138,69,Q,L,L,Q,Q,R,L,L,L,L,L,L,Q,Q,Q,Q,Q,Q,H,L,Q,Q,C,R,R,R,R,L,L,L,R,R,K,K,K,K,K,K,K,K,K,,,,,0.48911931101697803
139,70,K,K,K,K,K,K,K,K,K,K,E,Q,Q,Q,Q,Q,Q,Q,Q,S,Q,Q,R,Q,R,Q,E,D,K,R,K,R,K,K,K,K,K,K,K,K,K,,,,,0.60052386676521285
140,71,E,E,E,E,E,E,E,E,E,E,Q,E,Q,Q,Q,Q,Q,Q,Q,Q,Q,Q,Q,Q,Q,Q,Q,Q,L,A,Q,Q,Q,Q,Q,Q,Q,Q,Q,Q,Q,Q,0.93897757331823484,,,0.88121881038509275
141,72,I,I,I,I,I,I,I,I,I,I,I,I,I,I,I,I,I,I,I,I,I,I,I,I,I,I,I,I,L,L,V,L,L,L,L,L,L,L,L,L,L,I,0.77648099659327308,,,0.71977451510493562
142,73,R,R,R,R,R,R,R,R,R,R,R,R,R,R,R,R,L,M,R,Q,Q,Q,Q,Q,Q,Q,Q,R,A,N,L,L,A,A,T,T,S,S,T,T,M,,,,,0.39790509864168899
143,74,H,H,H,H,H,H,H,H,H,H,K,Q,Q,Q,Q,K,K,Q,K,Q,A,A,E,E,D,D,A,K,S,S,T,N,M,M,T,T,T,T,T,T,T,,,,,0.40482443267198437
144,75,S,S,S,S,S,S,S,S,S,V,V,A,T,T,T,T,T,T,A,A,A,A,A,A,A,A,A,A,K,A,A,G,V,V,V,V,V,V,V,M,V,,,,,0.54470042182232981
145,76,M,M,M,M,M,M,M,M,L,L,A,V,L,L,L,L,L,L,L,L,M,M,M,M,M,M,M,L,M,M,L,L,M,M,M,M,M,M,M,M,M,M,0.80868605774288616,L,0.72431394225711343,0.76598357767247549
146,77,G,G,G,G,G,G,G,G,G,G,G,G,K,K,K,K,R,R,R,K,G,G,Q,Q,G,G,E,N,G,G,R,K,R,R,R,R,R,R,R,R,R,,,,,0.56494847787593805
147,78,Y,Y,Y,Y,Y,Y,Y,Y,F,Y,F,Y,Q,Q,L,F,M,M,L,L,F,F,F,F,F,F,Y,Y,Y,F,Y,Y,Y,Y,Y,Y,Y,Y,Y,Y,Y,Y,0.70509141541186904,,,0.58456064792008988
148,79,D,D,D,D,D,E,E,E,D,D,S,S,Q,Q,Q,Q,R,Q,Q,Q,K,K,Q,K,K,N,S,G,S,S,K,K,G,G,G,G,N,N,G,S,K,,,,,0.46598839973706035
149,80,S,S,S,S,S,G,S,G,S,K,H,H,E,E,E,D,G,K,E,G,I,I,I,I,V,I,I,H,L,L,K,K,V,V,V,V,V,V,V,V,I,,,,,0.39273443604508962
150,81,L,L,L,L,L,L,L,L,L,L,L,F,T,T,N,T,T,T,D,N,D,D,D,E,N,S,E,K,Q,L,-,-,-,-,-,-,-,-,-,-,-,,,,,0.17415906847981155
151,82,K,K,K,K,K,K,K,K,K,K,V,R,S,S,S,S,P,S,S,Q,D,D,E,E,E,E,E,E,E,A,-,-,-,-,-,-,-,-,-,-,-,,,,,0.20443410656408756
152,83,N,N,N,N,N,G,S,D,N,N,S,E,A,A,T,T,A,T,I,D,K,K,K,K,K,R,K,W,R,R,N,N,N,N,N,N,N,N,N,N,N,,,,,0.44724921384752536
153,84,G,G,G,G,G,G,G,G,G,G,G,D,G,G,G,G,G,G,G,S,G,G,G,G,G,G,G,A,G,G,G,G,G,G,G,G,G,G,G,G,E,G,0.93379308234740865,,,0.87223221285060182
154,85,E,D,E,E,E,E,E,E,E,E,G,E,E,E,E,E,E,E,E,E,M,M,M,M,T,T,L,V,M,M,P,P,V,V,V,V,V,V,F,V,V,,,,,0.41061786390350002
155,86,E,E,E,E,E,E,E,E,E,E,E,E,E,E,E,E,E,E,E,E,A,A,A,A,A,A,A,A,P,S,Y,Y,G,G,G,G,G,G,G,G,A,,,,,0.45703838140858927
156,87,F,F,F,F,F,F,F,F,F,F,F,F,F,F,F,F,F,F,F,F,P,P,P,P,H,P,P,L,K,R,K,K,K,K,K,K,K,K,K,K,K,,,,,0.38668980079130078
157,88,S,S,S,S,S,S,S,S,T,S,S,S,F,F,S,S,S,S,S,S,A,A,A,A,A,A,A,A,L,Q,M,M,I,I,M,V,V,V,V,A,S,,,,,0.43304901349046415
158,89,F,F,F,F,F,F,F,F,F,L,L,L,V,V,V,E,V,V,A,E,L,L,L,F,L,L,L,L,Q,Q,L,L,L,L,L,L,L,L,L,L,L,L,0.71997381585158315,,,0.56341926707537626
159,90,L,L,L,L,L,L,L,L,L,L,L,L,L,L,L,L,L,L,L,L,R,R,R,H,R,R,R,N,R,R,K,R,K,K,K,K,K,K,K,K,K,,,,,0.4846390239255392
160,91,K,K,K,K,K,R,R,K,K,K,Q,R,K,K,K,K,K,K,K,K,H,H,Q,R,Q,K,K,K,L,L,K,K,K,K,K,K,K,K,K,K,K,K,0.84251824980561496,,,0.7224298961242106
161,92,E,D,D,E,E,D,D,D,D,D,N,N,S,S,S,S,S,S,S,T,L,L,L,L,L,L,L,L,L,L,L,L,I,I,I,I,I,I,I,I,I,,,,,0.52638226574798441
162,93,F,F,L,F,F,F,F,L,L,L,L,L,F,F,F,F,L,L,L,L,Y,Y,Y,Y,S,S,Y,R,Q,H,H,H,N,N,N,N,N,N,N,N,N,,,,,0.39881623359506463
163,94,S,S,S,S,S,S,S,S,S,S,T,S,F,F,F,F,F,F,L,L,K,K,K,K,K,K,K,E,R,R,K,K,K,K,K,K,K,K,K,R,R,,,,,0.47085408918953747
164,95,N,N,H,N,N,N,S,D,D,N,A,Q,S,S,S,S,S,S,S,A,E,E,E,E,E,E,E,Q,D,D,T,S,A,A,A,A,A,A,A,L,A,,,,,0.46317403493359932
165,96,M,M,M,M,M,M,M,M,M,M,P,A,A,A,A,A,A,A,A,V,L,L,L,L,L,L,L,I,L,L,L,L,I,I,I,I,I,I,I,I,I,,,,,0.56036934603001676
166,97,V,V,V,V,V,A,V,I,A,L,L,L,I,I,I,I,I,I,M,I,M,M,M,M,M,M,M,S,A,S,T,T,V,V,V,G,V,V,V,V,V,,,,,0.53086170528223531
167,98,T,T,T,T,T,S,S,T,T,T,A,S,S,S,S,S,S,S,P,S,G,G,G,G,G,G,A,G,S,S,A,T,S,S,S,S,S,S,S,S,A,S,0.75172391690090035,,,0.6320515580451711
168,99,A,A,A,A,A,A,A,T,T,A,D,T,E,E,E,E,K,K,P,E,P,P,P,P,P,S,P,Q,-,E,K,K,K,K,K,K,K,K,K,K,K,,,,,0.45968886176647167
169,100,K,K,E,K,K,E,E,E,E,Q,K,D,K,K,K,K,K,K,K,E,W,W,W,W,W,W,W,Q,-,D,A,S,K,K,K,K,K,K,K,K,K,,,,,0.45351853618673071
170,101,E,E,E,E,E,E,E,E,E,E,E,E,K,K,K,K,K,K,R,N,N,N,N,N,N,N,N,K,-,G,N,N,N,N,N,N,N,N,N,N,N,N,0.75202424073546592,,,0.62640720066008337
171,102,S,S,S,S,S,N,G,N,S,K,A,E,Q,Q,Q,Q,Q,Q,Q,K,K,K,K,K,K,K,K,S,E,V,Q,A,K,K,K,K,K,K,K,K,K,K,0.72969356892343751,,,0.61133029692322527
172,103,Q,Q,Q,Q,Q,Q,Q,H,H,H,H,Q,E,E,E,E,E,E,G,E,D,D,D,D,N,N,D,A,D,E,D,D,D,D,D,D,D,D,D,D,D,D,0.79214925592319918,,,0.6950694807390555
173,104,Y,Y,Y,Y,Y,Y,Y,Y,Y,Y,H,Y,F,F,F,F,F,F,F,F,E,E,E,E,E,E,E,E,G,T,S,I,I,I,I,I,I,I,I,I,I,,,,,0.38121953572237977
174,104a,-,-,-,-,-,-,-,-,-,-,-,-,-,-,-,-,-,-,-,-,-,-,-,-,-,-,-,D,-,-,-,-,-,-,-,-,-,-,-,-,-,,,,,0.0
175,104b,-,-,-,-,-,-,-,-,-,-,-,-,-,-,-,-,-,-,-,-,-,-,-,-,-,-,-,P,-,-,-,-,-,-,-,-,-,-,-,-,-,,,,,0.0
176,104c,-,-,-,-,-,-,-,-,-,-,-,-,-,-,-,-,-,-,-,-,-,-,-,-,-,-,-,K,-,-,-,-,-,-,-,-,-,-,-,-,-,,,,,0.0
178,105,V,V,V,V,V,V,V,V,V,V,V,V,T,T,T,T,T,T,T,T,-,-,-,-,-,-,-,P,-,-,-,-,-,-,-,-,-,-,-,-,-,,,,,0.091200526101729532
179,106,M,M,M,M,M,M,M,M,L,L,V,V,F,F,F,F,F,F,F,F,I,I,I,I,I,I,F,V,V,-,L,V,V,V,V,V,V,V,V,V,V,,,,,0.54692111838237811
180,107,K,K,K,K,K,K,K,K,N,S,R,R,N,N,N,N,N,N,N,N,S,S,S,S,S,S,S,H,E,-,L,T,T,T,M,T,T,T,T,T,T,,,,,0.45763643350885957
181,108,I,I,I,I,I,L,I,M,M,I,F,L,L,L,L,L,L,L,L,L,T,T,T,T,T,T,T,I,V,-,I,I,V,V,V,V,V,V,V,I,S,,,,,0.48644693358468083
182,109,A,A,A,A,A,A,A,A,A,A,A,A,A,A,A,A,A,A,A,A,T,T,A,A,A,A,A,A,A,A,A,A,A,A,A,A,A,A,A,A,A,A,0.96512451223954399,,,0.93246439624494093
183,110,N,N,N,N,N,N,N,N,N,N,N,N,N,N,N,N,S,S,N,N,D,D,D,D,D,D,N,D,S,S,N,N,N,N,N,N,N,N,N,N,N,N,0.78076218669248409,,,0.67310002208434905
184,111,S,S,S,S,S,S,S,S,S,S,I,S,A,A,A,A,A,A,A,A,A,A,A,A,A,A,A,G,G,A,A,A,A,A,A,A,A,A,A,A,G,A,0.93396421169284516,,,0.87822950871990091
185,112,L,L,L,L,L,L,L,L,L,L,L,L,L,L,L,L,L,L,L,L,I,I,I,I,I,I,I,L,V,V,M,L,V,V,V,V,V,V,M,V,V,,,,,0.64280873823894902
186,113,F,F,F,F,F,F,F,L,Y,Y,F,F,Y,Y,Y,Y,Y,Y,Y,Y,F,F,F,F,F,F,F,F,M,M,F,F,F,F,F,F,F,F,F,F,F,F,0.84690531270960556,Y,0.7244619280285961,0.76033363322364822
187,114,V,V,V,V,V,V,V,V,V,L,L,L,L,L,L,L,L,L,L,L,V,V,V,V,V,V,I,V,V,V,T,P,V,V,V,V,L,V,A,A,A,V,0.70347967016610025,,,0.60000343677891832
188,115,Q,Q,Q,Q,Q,Q,Q,Q,Q,Q,Q,Q,Q,Q,Q,Q,Q,Q,Q,Q,Q,Q,Q,Q,Q,Q,Q,Q,D,E,K,N,K,K,K,K,R,R,K,K,S,Q,0.75519282150236011,,,0.63251330603051914
189,116,N,N,N,N,N,N,N,N,N,N,Q,S,E,E,E,E,E,E,E,E,R,R,R,R,R,R,R,R,R,R,E,E,N,N,N,N,N,N,N,S,S,,,,,0.53047444418151202
190,117,G,G,G,G,G,G,G,G,G,G,G,G,G,G,G,G,G,G,G,G,D,D,D,D,D,D,D,D,K,K,G,G,A,A,D,G,G,G,G,G,V,,,,,0.57827756425046517
191,118,F,F,F,F,F,F,F,F,F,F,V,V,F,F,F,F,F,F,F,F,L,L,L,L,L,L,M,L,I,M,F,F,S,S,S,F,F,F,F,F,F,F,0.72450737596739256,,,0.59980594420864441
192,119,H,H,H,H,H,H,H,H,H,H,T,H,T,T,T,T,I,I,L,Q,K,K,K,E,E,E,E,S,I,S,P,S,E,E,K,K,K,K,K,K,K,,,,,0.39608015636836752
193,120,V,V,I,V,V,V,I,V,V,I,F,F,V,V,V,V,V,V,V,V,L,L,L,L,L,L,L,L,L,L,M,M,I,I,M,M,M,V,M,M,M,,,,,0.63491515598147641
194,121,N,N,S,N,-,N,N,S,S,S,N,N,K,K,K,K,K,K,K,K,V,V,V,V,V,V,V,T,E,E,K,K,E,E,E,E,E,E,E,E,E,,,,,0.48676636680458452
195,122,E,E,E,E,K,E,E,D,E,D,P,E,E,E,E,E,E,E,E,E,Q,Q,H,H,Q,Q,Q,P,K,K,E,E,V,V,V,V,V,V,V,V,S,,,,,0.43779305902676713
196,123,E,E,E,E,E,E,E,Q,K,K,E,D,Q,Q,Q,Q,T,S,H,Q,G,G,G,G,G,G,G,G,V,G,A,D,P,P,P,P,P,P,P,P,S,,,,,0.42656351077726296
197,124,F,F,F,F,F,F,F,F,F,F,F,F,Y,Y,Y,Y,Y,Y,Y,Y,F,F,F,F,F,F,F,F,F,Y,F,F,F,F,F,F,F,F,F,F,F,F,0.88669861283792861,Y,0.78030138716207098,0.84511116959652122
198,125,L,L,L,L,L,L,L,L,L,I,L,L,L,L,L,L,L,L,L,L,M,M,M,M,M,M,M,L,R,R,V,L,V,V,V,V,A,A,V,V,V,,,,,0.54338656456725076
199,126,Q,Q,Q,Q,Q,Q,Q,Q,Q,Q,H,Q,H,H,H,H,H,H,H,H,P,P,P,P,P,P,P,Q,R,R,A,S,T,T,T,T,V,A,T,T,Y,,,,,0.43875041404668153
200,127,M,M,M,M,M,M,M,M,L,L,L,L,G,G,S,G,S,S,S,S,H,H,H,N,H,H,Y,R,S,A,T,A,R,R,R,R,R,R,R,R,K,,,,,0.43084405812534615
201,128,M,L,I,M,M,L,M,M,V,M,M,M,N,N,N,N,N,N,N,N,F,F,F,F,F,F,F,F,L,L,N,N,N,N,N,N,N,N,N,N,N,,,,,0.56680681594790172
202,129,K,K,K,K,K,K,K,K,K,K,K,K,K,K,K,K,K,K,K,R,F,F,F,F,F,F,F,Q,S,V,K,R,K,K,K,K,K,K,K,K,K,,,,,0.48683615205797326
203,130,K,K,K,K,K,M,M,K,K,K,K,K,E,E,E,E,E,E,D,D,R,R,R,R,K,K,K,A,K,K,A,E,D,D,D,D,D,E,D,E,D,,,,,0.53616384922612115
204,131,Y,Y,Y,Y,Y,Y,Y,Y,Y,Y,Y,Y,F,F,F,F,F,F,F,V,L,L,L,L,L,L,V,T,A,A,N,N,V,V,V,V,V,V,V,V,V,,,,,0.48134355757285174
205,132,F,F,F,F,F,F,F,F,F,F,F,F,F,F,F,F,F,F,F,F,F,F,F,F,F,F,F,F,F,F,F,F,F,F,F,F,F,F,F,F,F,F,0.99999999999999978,,,0.99999999999999956
206,133,N,K,N,N,-,N,N,Q,K,K,K,R,Q,Q,Q,Q,Q,Q,Q,N,R,R,R,R,Q,R,R,H,Q,Q,Q,L,Q,Q,Q,Q,Q,Q,Q,E,H,Q,0.78886221170812243,,,0.66238291233936786
207,134,A,A,A,A,A,A,A,A,A,A,A,A,S,S,S,S,S,S,S,S,S,S,T,T,T,T,S,R,S,T,C,C,C,C,C,C,C,C,C,C,S,,,,,0.57321166911692856
208,135,A,E,E,A,E,E,E,E,E,E,H,E,A,A,A,A,A,A,A,A,T,T,T,T,M,T,M,H,V,H,E,E,E,E,E,E,E,E,E,S,D,,,,,0.43087987829955599
209,136,V,V,V,V,V,V,V,V,V,V,V,V,I,I,I,I,T,T,V,I,V,V,V,V,V,V,I,L,P,P,S,S,V,V,V,V,V,V,V,V,V,V,0.73095795658841645,,,0.59568830510002113
210,137,N,N,N,N,N,N,N,D,E,E,E,E,K,K,K,K,K,K,K,K,K,K,K,K,K,K,K,S,H,H,R,H,R,R,R,Q,Q,Q,R,K,R,K,0.77816123525134162,,,0.66368010981944336
211,138,H,H,H,H,-,H,H,H,N,N,M,T,L,L,L,L,L,L,L,L,Q,Q,Q,Q,Q,Q,Q,Q,Q,Q,S,S,N,N,N,N,N,S,N,S,S,,,,,0.42928952487379679
212,139,V,V,V,V,V,V,V,V,I,V,V,V,V,V,V,V,V,V,V,V,V,V,V,V,V,V,V,V,I,V,L,V,V,V,A,V,V,V,L,V,V,V,0.93048042454160451,,,0.86796617300393142
213,140,D,D,D,D,D,D,D,D,D,D,D,D,D,D,D,D,D,D,D,D,D,D,D,D,D,D,D,N,D,D,D,D,N,N,N,S,N,N,N,D,D,D,0.8618452111354491,,,0.77745706510608603
214,141,F,F,F,F,S,F,F,F,F,F,F,F,F,F,F,F,F,F,F,F,F,F,F,F,F,F,F,F,F,F,F,Y,F,F,F,F,F,F,F,F,F,F,0.98809481723416392,,,0.97621369840281291
215,142,S,S,S,S,S,S,S,S,S,S,S,S,Q,Q,Q,Q,L,L,Q,Q,S,S,S,S,S,S,T,T,S,T,R,S,E,E,E,E,Q,Q,D,E,Q,,,,,0.43583295469528427
216,143,Q,Q,Q,Q,Q,Q,E,Q,Q,Q,Q,Q,D,D,D,N,D,D,D,D,E,E,E,E,E,E,E,D,Q,R,H,D,D,D,D,D,D,D,N,D,E,D,0.77790841439610925,,,0.66936940430511993
218,144,N,N,N,N,N,N,N,N,S,G,S,S,A,A,A,A,A,A,A,V,V,V,V,V,V,V,G,V,P,P,P,P,P,P,P,P,P,P,K,P,K,,,,,0.49484508556725931
219,145,V,I,V,V,V,V,V,E,A,S,A,T,K,K,K,K,K,K,K,K,E,E,E,E,E,E,E,A,E,E,S,E,A,A,A,A,A,A,I,N,N,,,,,0.48329846257633829
220,146,A,A,A,A,G,A,A,A,A,T,A,A,A,A,T,A,T,T,S,A,R,R,R,R,R,R,R,Q,M,Q,K,A,S,S,S,S,S,S,S,T,T,,,,,0.43867036752019573
221,147,V,V,V,V,V,V,V,V,V,V,V,V,C,C,S,C,S,S,C,S,A,A,A,A,A,A,A,A,A,A,A,A,A,A,A,A,A,A,A,A,A,A,0.80001745288170401,,,0.68202258402684379
222,148,A,A,A,A,A,A,A,A,A,A,A,A,A,A,A,A,A,A,A,A,R,R,R,R,R,R,R,K,R,V,A,A,C,C,C,C,S,C,S,C,A,,,,,0.46699119462352806
223,149,N,N,N,N,N,N,N,S,T,N,K,E,E,G,E,E,Q,Q,E,E,F,F,F,F,F,F,F,D,Q,G,D,Q,D,D,A,D,E,D,D,D,S,,,,,0.373761777894073
224,150,Y,L,Y,Y,Y,S,Y,H,H,H,Q,R,M,M,T,T,A,A,A,T,I,I,I,I,I,I,I,I,V,V,D,S,S,S,S,S,S,A,S,S,I,,,,,0.46727934749954386
225,151,I,I,I,I,I,I,I,I,I,I,I,I,I,I,I,I,I,I,I,I,I,I,V,V,I,I,M,I,I,I,I,I,I,I,I,I,I,I,I,I,I,I,0.95761589633570754,,,0.9185014275123613
226,152,N,N,N,N,N,N,N,N,N,N,N,N,S,S,S,S,S,S,S,S,N,N,N,N,N,N,N,N,N,N,N,N,N,N,N,N,N,N,N,N,N,N,0.81985032141662084,,,0.73879678192875409
227,153,K,K,K,K,K,K,K,K,K,M,T,S,T,T,T,N,T,T,T,E,D,D,D,D,D,D,D,Q,S,E,E,D,A,A,A,V,F,F,L,Q,Q,,,,,0.39019833381065566
228,154,W,W,W,W,W,W,W,W,W,W,W,W,W,W,W,W,W,W,W,W,W,W,W,W,W,W,W,W,W,W,W,W,W,W,W,W,W,W,W,W,W,W,0.99999999999999978,,,0.99999999999999956
229,155,V,V,V,V,V,V,V,V,V,V,V,V,V,V,V,V,V,V,V,V,V,V,V,V,V,V,V,V,T,V,V,V,V,V,V,V,V,V,V,V,V,V,0.97356501036155918,,,0.94739605499362778
230,156,E,E,E,E,E,E,E,E,E,E,E,L,E,E,E,E,E,E,E,Q,K,K,K,K,E,E,Q,E,S,S,S,K,K,K,R,R,K,K,K,K,K,,,,,0.55422540100499718
231,157,N,N,N,N,N,N,N,N,N,N,N,N,R,R,S,S,S,S,N,R,T,T,R,R,R,R,R,N,D,D,N,N,N,N,N,N,N,N,N,N,N,,,,,0.52256835787997502
232,158,N,N,N,N,N,Y,Y,H,H,H,H,H,K,K,K,K,K,K,K,Q,H,H,H,H,H,H,H,K,H,H,K,S,E,E,E,E,E,E,E,E,Q,,,,,0.54187454650563349
233,159,T,T,T,T,T,T,T,T,T,T,T,T,T,T,T,T,T,T,T,T,T,T,T,T,T,T,T,T,T,T,T,T,T,T,T,T,T,T,T,T,T,T,0.99999999999999978,,,0.99999999999999956
234,160,N,N,N,N,D,N,N,N,N,N,E,E,D,D,D,D,D,D,D,H,K,K,K,K,K,K,K,D,D,A,K,K,R,R,Q,R,R,R,R,R,N,,,,,0.52197478321498081
235,161,N,N,S,N,N,S,S,S,N,N,S,S,G,G,G,G,G,G,G,G,G,G,G,G,G,G,G,G,G,G,G,G,D,D,G,G,G,G,G,G,G,G,0.96343439675920572,,,0.92885135383255768
236,162,L,L,L,L,L,L,L,Q,M,R,M,K,K,K,K,K,K,K,K,K,M,M,M,M,M,M,M,M,M,A,H,Q,M,M,M,M,M,M,M,M,M,,,,,0.55271212283826876
237,163,V,L,L,V,V,L,L,V,I,I,I,I,I,I,I,I,I,I,I,I,I,I,I,I,I,I,I,I,I,I,I,I,I,I,I,I,I,I,I,I,I,I,0.99999999999999978,,,0.99999999999999956
238,164,K,K,K,K,K,K,K,K,K,R,R,Q,K,K,K,K,K,K,K,S,S,S,G,S,N,S,S,K,S,P,P,P,D,D,D,D,D,D,D,D,E,,,,,0.45033742382772141
239,165,D,D,D,D,D,D,D,D,D,D,E,N,D,D,D,D,N,N,S,K,N,N,N,D,D,D,N,D,E,D,S,S,N,N,S,N,N,N,N,Q,G,,,,,0.55996908088960418
240,166,L,L,L,L,L,L,L,L,F,L,L,L,M,M,M,M,M,M,M,M,L,L,L,L,L,L,L,L,F,F,L,V,L,L,L,L,L,L,L,V,L,L,0.78148608435729339,,,0.68693073147102235
241,167,V,V,V,V,V,V,V,V,V,V,M,V,F,F,F,F,F,F,F,F,L,L,L,L,L,L,L,V,L,L,V,V,L,L,L,L,L,L,I,V,I,L,0.7311837964916974,,,0.63184902262633502
242,168,S,S,S,S,S,S,S,S,S,T,S,S,S,S,S,S,S,S,S,S,G,G,G,G,A,A,E,G,P,Q,K,T,S,S,S,S,S,S,S,A,S,S,0.71307521346087555,,,0.5648167010962748
243,169,P,P,P,P,P,P,P,A,S,A,A,A,G,G,G,G,E,E,T,S,K,K,R,E,K,K,E,S,S,S,A,A,P,P,P,P,P,P,P,P,P,,,,,0.40996335685092428
244,170,R,R,R,R,R,E,G,R,R,D,E,E,E,E,E,E,E,E,E,G,G,G,G,G,G,G,G,N,G,G,D,D,D,D,D,N,N,N,D,D,E,,,,,0.57593670684533049
245,171,D,D,D,D,D,D,D,D,D,D,D,D,E,E,D,E,E,D,D,D,A,A,A,A,A,A,T,N,V,S,M,M,L,L,L,L,L,L,L,D,L,,,,,0.36845967820899167
246,172,F,F,F,F,F,F,F,F,F,F,V,F,F,F,F,F,F,F,F,F,V,V,V,V,V,V,V,I,L,L,L,F,I,I,L,I,I,I,I,I,L,,,,,0.56386152261834577
247,173,D,D,D,D,D,D,D,S,S,T,S,S,G,G,G,G,G,G,G,T,D,D,D,D,D,N,D,P,S,T,D,D,D,D,N,D,D,D,D,D,D,,,,,0.56923621246596146
248,173a,-,-,-,-,-,-,-,-,-,-,-,-,-,-,-,-,-,-,-,-,-,-,-,-,-,-,-,-,-,-,S,T,G,G,G,G,G,S,D,-,S,,,,,0.051502279552027345
249,174,A,A,A,A,A,G,A,A,A,N,G,S,P,P,P,P,P,P,P,P,Q,Q,Q,Q,E,E,Q,P,E,D,A,A,V,V,V,A,A,A,R,S,S,,,,,0.4241757349294269
250,175,A,G,V,A,A,V,V,L,L,L,I,S,L,L,L,L,L,L,L,L,L,L,L,L,L,L,L,L,L,E,L,L,L,L,L,L,L,L,L,L,V,L,0.94546856670061274,,,0.89303512092981041
251,176,T,T,T,T,T,T,T,T,T,T,T,T,T,T,T,T,T,T,T,T,T,T,T,T,T,T,T,T,T,T,T,T,T,T,T,T,T,T,T,T,T,T,0.99999999999999978,,,0.99999999999999956
252,177,Y,H,H,Y,Y,N,H,N,H,K,R,M,R,R,R,R,R,R,R,K,R,R,R,R,R,R,K,R,R,R,R,R,R,R,R,R,R,K,R,R,R,R,0.95824856137905745,,,0.92251855702088759
253,178,L,L,L,L,L,L,L,L,L,L,L,I,L,L,L,L,L,L,L,M,L,L,L,L,L,L,M,L,L,L,L,L,L,L,L,L,L,L,L,L,L,L,0.96554841643384703,,,0.93388061172937853
254,179,A,A,A,A,A,A,A,A,V,V,M,M,V,V,V,V,V,V,V,V,V,V,M,V,V,V,V,V,V,V,V,V,V,V,V,V,V,V,V,V,V,V,0.98223600291787672,,,0.96441872727274758
255,180,L,L,L,L,L,L,L,L,L,L,L,L,L,L,L,L,L,L,L,L,L,L,L,L,L,L,L,L,F,L,A,A,L,L,L,L,L,L,V,L,L,L,0.91017261380854608,,,0.83076082630829629
256,181,I,I,I,I,I,I,I,I,I,V,V,V,V,V,V,V,V,V,V,V,V,V,V,V,V,V,V,L,L,L,V,V,V,V,V,V,V,V,V,V,V,V,0.93723705698742688,,,0.88526531344800474
257,182,N,N,N,N,N,N,N,N,N,N,N,N,N,N,N,N,N,N,N,N,N,N,N,N,N,N,N,S,N,N,N,N,N,N,N,N,N,N,N,N,N,N,0.97712409714397297,,,0.95440701849226384
258,183,A,A,A,A,A,A,A,A,A,A,A,A,A,A,A,A,A,A,A,A,A,A,A,A,A,A,A,A,A,A,S,S,A,A,A,A,A,A,A,A,A,A,0.95722608389279296,,,0.91768840969169241
259,184,V,V,V,V,V,V,V,V,I,M,I,V,I,I,I,I,I,I,I,L,L,L,L,L,L,L,L,V,L,L,I,I,V,V,V,V,V,V,I,V,L,,,,,0.6626504007912416
260,185,Y,Y,Y,Y,Y,Y,Y,Y,Y,Y,Y,Y,Y,Y,Y,Y,Y,Y,Y,Y,Y,Y,Y,Y,Y,Y,Y,H,H,S,Y,F,Y,Y,Y,Y,Y,Y,Y,Y,Y,Y,0.92767485589782084,,,0.86220692661147669
261,186,F,F,F,F,F,F,F,F,F,F,F,F,F,F,F,F,F,F,F,F,F,F,F,F,F,F,F,F,F,F,F,F,F,F,F,F,F,F,F,F,F,F,0.99999999999999978,,,0.99999999999999956
262,187,K,K,K,K,K,K,K,K,K,K,R,R,K,K,K,K,K,K,K,K,N,N,N,N,S,N,K,S,H,Q,K,K,K,K,K,K,K,K,K,K,K,K,0.80269536479319403,,,0.67847036241576453
263,188,G,G,G,G,G,G,G,G,G,G,G,G,G,G,G,G,G,G,G,G,G,G,G,G,G,G,G,G,G,A,G,G,G,G,G,G,G,G,G,G,G,G,0.97600303504811547,,,0.95226558213077039
264,189,N,N,S,N,N,N,N,N,N,N,S,S,D,D,D,D,D,D,N,E,Q,Q,Q,Q,Q,Q,Q,K,V,P,L,L,L,L,L,L,L,L,L,L,L,,,,,0.39020211840051716
265,190,W,W,W,W,W,W,W,W,W,W,W,W,W,W,W,W,W,W,W,W,W,W,W,W,W,W,W,W,W,W,W,W,W,W,W,W,W,W,W,W,W,W,0.99999999999999978,,,0.99999999999999956
266,191,K,K,K,K,K,K,K,K,K,K,K,K,K,K,K,K,K,K,K,K,K,K,K,K,K,K,K,T,K,K,K,K,K,K,R,K,K,K,K,K,K,K,0.95986877277863836,,,0.92078522566656662
267,192,S,S,S,S,S,S,S,S,S,S,I,N,Q,Q,Q,Q,Q,Q,K,Q,T,T,T,M,T,T,L,V,T,V,S,S,S,S,S,S,S,S,S,S,S,,,,,0.44333999289892517
268,193,Q,Q,Q,Q,Q,Q,Q,Q,Q,Q,Q,Q,K,K,K,K,K,K,K,K,P,P,P,P,P,P,P,P,P,P,R,R,R,R,R,R,R,R,R,R,R,,,,,0.55255941199370107
269,194,F,F,F,F,F,F,F,F,F,F,F,F,F,F,F,F,F,F,F,F,F,F,F,F,F,F,F,F,F,F,F,F,F,F,F,F,F,F,F,F,F,F,0.99999999999999978,,,0.99999999999999956
270,195,R,R,R,R,R,R,R,R,R,R,R,R,R,R,R,N,R,R,R,S,P,P,P,P,L,L,P,L,D,D,Q,Q,Q,Q,L,Q,Q,Q,Q,R,Q,,,,,0.42025613357877001
271,196,P,P,P,P,P,P,P,P,P,P,P,P,K,K,K,K,K,K,E,V,D,D,E,E,E,E,T,E,P,P,A,P,P,P,P,P,P,P,P,P,P,,,,,0.43655209182814519
272,197,E,E,E,E,E,E,E,E,E,E,E,E,E,E,E,E,E,E,E,E,S,S,S,S,A,A,K,K,R,K,E,Q,E,E,E,E,E,E,E,E,E,E,0.74106017210168229,,,0.59350755724352688
273,198,N,N,N,N,N,N,N,N,N,N,N,N,D,D,D,D,D,D,E,A,S,S,G,N,S,S,G,A,N,R,D,S,N,N,N,N,S,N,N,N,N,,,,,0.50143713120610311
274,199,T,T,T,T,T,T,T,T,T,T,T,T,T,T,T,T,T,T,T,T,T,T,T,T,T,T,T,T,T,T,T,T,T,T,T,T,T,T,T,T,T,T,0.99999999999999978,,,0.99999999999999956
275,200,R,R,R,R,R,R,R,R,R,R,R,R,Q,Q,Q,Q,E,E,H,H,H,H,H,H,H,H,H,H,R,A,K,K,K,K,K,K,K,K,K,K,K,,,,,0.56371189808177358
276,201,T,T,T,T,T,T,T,T,T,T,T,T,L,L,L,L,M,M,I,S,R,R,H,H,Q,Q,H,Q,E,E,M,P,K,K,K,K,K,K,K,K,K,,,,,0.37910420522856558
277,202,F,F,F,F,F,F,F,F,F,F,F,F,I,I,T,M,T,T,S,E,R,R,R,R,R,R,R,R,Q,R,R,R,R,R,R,R,R,R,R,R,R,R,0.74913149069902363,,,0.59110223044532695
278,203,S,S,S,S,S,S,S,S,S,S,S,S,N,N,N,N,D,D,D,E,L,L,L,L,L,L,L,P,L,M,P,S,T,T,T,T,T,T,T,P,T,,,,,0.39133893932040476
279,204,F,F,F,F,F,F,F,F,F,F,F,F,F,F,F,F,F,F,F,F,F,F,F,F,F,F,F,F,F,F,F,F,F,F,F,F,F,F,F,F,F,F,0.99999999999999978,,,0.99999999999999956
280,205,T,T,T,T,T,T,T,T,T,T,S,T,T,T,T,T,T,S,T,S,H,H,H,H,H,H,H,Y,H,H,T,T,V,V,V,V,V,V,V,Y,H,,,,,0.44093625760213501
281,206,K,K,K,K,K,K,K,K,K,K,K,R,K,K,K,L,K,K,I,V,K,K,K,K,K,K,K,R,T,C,S,A,A,A,A,T,A,A,G,G,G,,,,,0.42687871952509243
282,207,D,D,D,D,D,D,D,D,D,D,D,D,K,K,K,K,K,K,K,K,S,S,S,S,S,S,S,S,V,A,G,G,A,A,A,A,G,G,A,A,P,,,,,0.45471856823148454
283,208,D,D,D,D,D,D,D,D,D,D,D,D,N,N,D,D,D,D,D,R,D,D,D,D,D,D,D,D,N,N,D,D,D,D,D,D,D,D,D,D,D,D,0.88934480670790661,,,0.80645801179170662
284,209,E,E,E,E,E,E,E,E,E,E,G,G,G,G,G,G,G,G,G,G,G,G,G,G,G,G,G,G,G,G,G,G,G,G,G,G,G,G,G,G,G,G,0.99999999999999978,,,0.99999999999999956
285,210,S,S,S,S,S,S,S,S,T,S,S,S,S,S,A,T,S,S,S,L,S,S,S,S,S,S,S,S,S,S,T,N,K,K,K,K,K,K,K,K,K,,,,,0.54546266843973679
286,211,E,E,E,E,E,E,E,E,E,E,E,E,T,T,A,A,T,T,I,T,T,T,T,T,T,T,T,H,A,T,V,T,S,S,S,S,S,S,S,T,D,T,0.71284355251783926,,,0.57348894584799659
287,212,V,V,V,V,V,V,V,A,V,V,V,V,V,V,V,V,V,V,I,V,V,V,V,I,V,I,V,V,V,V,H,Y,Y,Y,Y,Y,Y,Y,F,Y,Y,,,,,0.54099965775972791
288,213,Q,Q,Q,Q,Q,Q,Q,Q,Q,Q,Q,Q,K,K,K,K,K,K,K,K,S,S,S,S,S,S,S,Q,S,P,K,K,Q,Q,Q,Q,Q,Q,Q,Q,Q,,,,,0.53004673106821854
289,214,I,I,I,I,I,I,I,I,I,I,T,T,I,I,I,I,V,I,V,V,V,V,V,V,V,V,V,V,V,V,V,V,V,V,V,V,V,V,V,V,V,V,0.92630087027507257,,,0.87542743917130883
290,215,P,P,P,P,P,P,P,P,P,P,Q,L,P,P,P,P,P,P,P,P,P,P,P,P,P,P,P,Q,P,H,P,P,P,P,P,P,P,P,P,P,P,P,0.94789299528687176,,,0.89899042524486705
291,216,M,M,M,M,M,M,M,M,M,M,M,M,M,M,M,M,M,M,M,M,M,M,M,M,M,M,M,M,M,M,M,M,M,M,M,M,M,M,M,M,M,M,0.99999999999999978,,,0.99999999999999956
292,217,M,M,M,M,M,M,M,M,M,M,M,M,M,M,M,M,M,M,M,M,M,M,M,M,M,M,M,M,M,M,M,M,L,L,L,L,L,L,L,L,L,M,0.87049588784288057,,,0.80607359085195329
293,218,Y,Y,Y,Y,Y,Y,Y,Y,Y,Y,Y,Y,K,K,K,K,K,K,K,H,A,A,A,A,A,A,A,A,T,T,S,S,A,A,A,A,A,A,A,S,A,,,,,0.5433179066778614
294,219,Q,Q,Q,Q,Q,Q,Q,Q,Q,Q,Q,Q,A,A,A,A,A,A,M,L,Q,Q,Q,Q,Q,Q,Q,N,T,L,Q,Q,Q,Q,Q,Q,Q,Q,Q,Q,Q,,,,,0.54293722867298899
295,220,Q,Q,Q,Q,Q,Q,Q,Q,Q,K,Q,Q,L,L,L,L,L,L,Q,Q,T,T,T,T,S,N,T,T,T,T,L,L,L,L,L,L,L,L,L,L,L,,,,,0.5467219847157333
296,221,G,G,G,G,G,G,G,G,G,G,G,G,L,L,L,L,L,L,L,T,N,N,N,N,N,N,N,G,Q,N,S,S,S,S,S,S,S,S,A,S,S,,,,,0.43451405291643846
297,222,E,E,E,E,E,E,E,E,E,E,D,D,R,R,R,R,R,R,R,T,K,K,K,K,K,K,K,K,K,H,V,V,V,V,V,V,V,V,V,I,L,,,,,0.44810008268019147
298,223,F,F,F,F,F,F,F,F,F,F,F,F,T,T,T,T,A,A,T,T,F,F,F,F,F,F,F,Y,F,Y,F,F,F,F,F,F,F,F,F,F,F,F,0.72878508951402921,,,0.58992567513057204
299,224,Y,Y,Y,Y,Y,Y,Y,Y,Y,Y,Y,Y,K,K,K,K,Q,K,K,K,N,N,N,N,N,N,N,N,N,H,N,N,R,R,R,R,R,R,R,R,R,,,,,0.58017052274130365
300,225,Y,Y,Y,Y,Y,Y,Y,Y,Y,Y,Y,Y,Y,Y,Y,Y,Y,Y,L,L,Y,Y,Y,Y,Y,Y,C,C,Y,Y,I,M,C,W,C,C,S,S,C,C,S,,,,,0.5260989658875751
301,226,G,G,G,G,G,G,G,G,G,G,G,G,G,G,G,G,G,G,G,G,T,T,T,T,T,T,T,S,G,G,G,G,G,-,G,G,G,G,G,G,G,G,0.79094942589041639,,,0.66943808252183634
302,227,E,E,E,E,E,E,E,E,E,E,E,E,Y,Y,Y,Y,Y,Y,Y,Y,E,E,E,E,E,E,E,E,E,E,M,Q,S,S,S,S,S,S,S,T,S,,,,,0.40582022818717034
303,228,F,F,F,F,F,F,F,F,F,F,F,F,F,F,F,F,F,F,F,F,F,F,F,F,F,F,F,F,F,F,V,A,T,T,T,T,T,T,A,T,A,F,0.71921915007972226,,,0.58273782563298249
304,229,S,S,S,S,S,S,S,S,S,T,S,S,S,S,S,S,S,S,F,S,T,T,S,T,T,T,L,T,V,V,T,S,S,S,S,S,R,K,S,S,S,,,,,0.55129781483670182
305,230,D,D,D,D,D,D,D,D,D,D,D,D,E,E,E,E,Q,E,H,V,T,T,T,T,T,T,T,T,S,T,T,T,A,A,T,T,T,T,T,T,T,T,0.72628967790172905,,,0.5751488626819522
306,231,G,G,G,G,G,G,G,G,G,G,G,G,-,-,-,-,-,-,-,-,P,P,P,P,P,P,P,P,K,T,P,P,P,P,P,P,P,P,P,P,P,,,,,0.40896660731777218
307,232,S,S,S,S,S,S,S,S,S,S,S,T,-,-,-,-,-,-,-,-,-,-,-,-,-,-,-,-,-,-,-,-,-,-,-,-,-,-,-,-,-,,,,,0.0
308,233,N,N,N,N,N,N,N,N,N,N,Q,T,-,-,-,-,-,-,-,-,-,-,-,-,-,-,-,-,-,-,-,-,-,-,-,-,-,-,-,-,-,,,,,0.0
309,234,E,E,E,E,E,E,E,E,E,E,E,E,-,-,-,-,-,-,-,-,-,-,-,-,-,-,-,-,-,-,-,-,-,-,-,-,-,-,-,-,-,,,,,0.0
310,235,A,A,A,A,A,A,A,A,A,A,A,A,S,S,P,S,S,S,S,K,D,D,S,D,D,D,S,D,D,E,Q,D,N,N,S,N,N,N,N,N,N,,,,,0.51235630009626087
311,236,G,G,G,G,G,G,G,G,G,G,G,G,S,S,S,S,S,S,H,N,G,G,G,G,G,G,G,G,G,G,G,G,D,D,G,D,G,G,D,E,G,G,0.71734192480011227,,,0.58781557965325315
312,237,G,G,G,G,G,G,G,G,G,G,G,G,L,V,M,I,M,M,M,A,H,H,H,R,L,H,H,D,V,I,L,Q,L,L,L,L,L,L,L,L,L,,,,,0.4436041681584994
313,238,I,I,I,I,I,I,I,I,I,V,M,V,N,N,N,N,T,T,N,S,Y,Y,Y,Y,E,E,Y,F,D,D,K,K,W,W,W,W,W,W,W,W,W,,,,,0.3209756881424578
314,239,Y,Y,Y,Y,Y,Y,Y,Y,Y,Y,Y,Y,Y,Y,Y,Y,C,Y,Y,Y,Y,Y,Y,Y,Y,Y,Y,Y,Y,Y,Y,Y,Y,Y,Y,Y,Y,Y,Y,Y,Y,Y,0.9800642265462074,,,0.96023697582460554
315,240,Q,Q,Q,Q,Q,Q,Q,Q,Q,Q,Q,Q,Q,Q,Q,Q,Q,Q,Q,K,D,D,D,D,D,D,D,D,D,D,K,I,N,N,N,N,N,N,N,N,N,,,,,0.52145606415768508
316,241,V,V,V,V,V,V,V,V,V,V,V,V,V,V,V,V,V,V,V,V,I,I,I,I,V,I,I,V,V,V,V,V,F,F,F,F,F,F,F,I,V,V,0.7652780761112784,,,0.66162934570657583
317,242,L,L,L,L,L,L,L,L,L,L,L,L,L,L,L,L,L,L,V,L,L,L,L,L,V,L,V,I,I,I,I,I,I,I,I,I,I,I,I,I,I,I,0.72975027215876265,,,0.68856363772258256
318,243,E,E,E,E,E,E,E,E,E,E,E,E,E,E,E,E,E,E,E,E,E,E,E,E,E,E,E,E,E,E,E,E,E,E,E,E,E,E,E,E,E,E,0.99999999999999978,,,0.99999999999999956
319,244,I,I,I,I,I,I,I,I,I,L,M,M,L,L,L,L,L,L,L,L,L,L,L,L,L,L,L,L,M,V,L,L,L,L,L,L,L,L,L,L,L,L,0.9601742401206883,,,0.92229910667853632
320,245,P,P,P,P,P,P,P,P,P,P,P,L,S,S,P,P,P,P,P,P,P,P,P,P,P,P,P,P,P,P,P,P,P,P,P,P,P,P,P,P,P,P,0.95614949129641524,,,0.91577971206736497
321,246,Y,Y,Y,Y,Y,Y,Y,Y,Y,Y,Y,Y,Y,Y,Y,Y,Y,Y,Y,Y,Y,Y,Y,Y,Y,Y,Y,Y,Y,Y,Y,Y,Y,Y,Y,Y,Y,Y,Y,Y,Y,Y,0.99999999999999978,,,0.99999999999999956
322,247,E,E,E,E,E,E,E,E,E,E,E,E,K,K,K,K,K,K,E,K,H,H,H,H,Q,H,H,E,E,E,H,H,H,H,H,H,H,H,H,H,H,H,0.72278937353066275,,,0.61867755581658368
323,248,G,G,G,G,G,G,G,G,G,G,G,G,G,G,G,G,A,A,G,G,G,G,G,G,R,G,G,G,G,G,G,G,G,G,G,G,G,G,G,G,G,G,0.93246737398364288,,,0.87141910928161725
324,249,D,D,D,D,D,D,D,D,D,D,E,E,D,D,D,D,D,D,D,D,D,D,D,N,D,E,D,E,E,D,N,N,E,E,E,E,E,E,E,E,G,D,0.78244113347045441,E,0.71519551181378638,0.70624406333350165
325,250,E,E,A,E,E,E,E,E,E,E,D,D,E,E,G,E,E,E,E,K,T,T,T,T,T,T,T,E,S,S,T,S,S,S,S,S,S,S,S,M,S,,,,,0.48528499912834061
326,251,I,I,I,I,I,I,I,I,I,I,L,M,F,F,F,F,F,F,F,F,L,L,L,L,L,L,L,L,I,L,V,M,I,I,I,I,I,I,I,I,L,,,,,0.58518533995920585
327,252,S,S,S,S,S,S,S,S,S,S,S,S,S,S,S,S,S,S,S,S,S,S,S,S,S,S,S,S,S,S,S,S,S,S,S,S,S,S,S,S,S,S,0.99999999999999978,,,0.99999999999999956
328,253,M,M,M,M,M,M,M,M,M,L,M,M,L,L,L,L,L,L,L,L,M,M,M,M,M,M,M,M,M,M,M,M,M,M,M,M,M,M,M,M,M,M,0.85978350016926974,,,0.79669682860121316
329,254,M,M,M,M,M,M,M,M,M,I,M,M,I,I,I,I,V,V,I,L,F,F,F,L,F,F,F,L,L,L,L,F,L,L,L,L,L,L,L,L,L,L,0.73543393515001954,,,0.62749946378602217
330,255,L,L,L,L,L,L,L,L,I,I,I,I,I,I,I,I,I,I,L,L,I,I,I,I,I,I,I,I,L,L,I,I,I,I,I,I,I,I,I,I,V,I,0.90274519364390848,,,0.83123255748353153
331,256,V,V,V,V,V,A,V,V,V,V,V,V,I,I,I,I,I,L,L,T,A,A,A,A,A,A,A,A,V,V,A,A,A,A,A,A,A,A,A,A,A,A,0.75229544250751312,,,0.62926006765097342
332,257,L,L,L,L,L,L,L,L,L,L,L,L,L,L,L,L,L,L,L,L,A,A,A,A,A,A,A,A,T,S,L,L,L,L,L,L,L,L,L,L,L,L,0.73992743080817514,,,0.62298796136824819
333,258,S,S,S,S,S,S,S,S,S,S,P,P,P,P,P,P,P,P,P,P,P,P,P,P,P,P,P,P,P,P,P,P,P,P,P,P,P,P,P,P,P,P,0.99999999999999978,,,0.99999999999999956
334,259,R,R,R,R,R,R,R,R,R,R,R,R,A,A,A,A,T,T,A,A,Y,Y,Y,Y,F,F,Y,Y,F,I,S,T,T,T,T,T,T,T,T,T,T,,,,,0.45347539549569293
335,260,Q,Q,Q,Q,Q,Q,Q,Q,Q,Q,Q,Q,E,E,E,E,E,E,K,E,E,E,E,E,E,E,E,E,E,E,E,E,E,E,E,E,E,E,E,E,E,E,0.976791517466151,,,0.95377082406915825
336,260a,-,-,-,-,-,-,-,-,-,-,-,-,-,-,-,-,-,-,-,-,K,K,K,K,K,K,K,K,K,R,E,D,S,S,S,S,S,S,S,N,E,,,,,0.25047403513035083
337,261,E,E,E,E,E,E,E,E,E,E,E,E,G,G,D,H,D,D,D,D,E,E,E,E,D,D,E,N,D,E,N,S,S,S,S,S,S,S,S,T,S,,,,,0.50541333213413642
338,262,V,V,V,V,V,V,V,V,V,V,V,V,M,M,V,T,T,V,V,V,V,V,V,V,V,V,M,V,V,V,T,T,T,T,V,T,T,T,T,T,T,,,,,0.61126700800608813
339,263,P,P,P,P,P,P,P,P,P,P,P,P,D,D,N,N,S,N,A,E,P,P,P,P,H,P,P,P,P,P,P,P,P,P,P,P,P,P,P,P,P,P,0.75971667378149743,,,0.61192163441318181
340,264,L,L,L,L,L,L,L,L,L,L,L,L,I,I,I,I,I,I,L,I,L,L,L,L,L,L,L,L,L,L,L,L,L,L,L,L,L,L,L,L,L,L,0.86058390417600039,,,0.78668331348896559
341,265,A,A,A,A,A,A,A,V,V,A,S,A,E,E,E,E,E,E,E,G,S,S,S,S,S,S,S,S,S,S,S,S,S,S,S,S,S,S,S,S,S,S,0.78522622119598229,,,0.67567494140144957
342,266,T,T,T,T,T,T,T,T,T,T,S,S,E,E,E,E,E,E,E,E,A,A,A,A,A,A,A,A,A,A,H,S,A,A,A,A,A,A,A,A,A,A,0.73003551444045023,,,0.61547005829186086
343,267,L,L,L,L,L,L,L,L,L,L,L,L,V,V,M,M,V,V,L,L,L,L,L,L,L,I,L,I,L,L,I,I,I,I,I,I,I,I,I,I,I,I,0.71554381199276718,,,0.65618398361846153
344,268,E,E,E,E,E,E,E,E,E,E,E,E,E,E,E,E,E,E,E,E,T,T,T,T,T,T,T,T,N,I,I,L,I,I,V,V,I,I,I,I,I,,,,,0.44898067045084017
345,269,P,P,P,P,P,P,P,P,P,P,P,P,K,K,K,K,N,K,R,K,N,N,N,S,N,N,N,N,K,G,P,P,P,P,P,P,P,P,P,P,P,,,,,0.47024574626712179
346,270,L,L,L,L,L,L,L,L,L,L,I,I,L,L,R,L,Q,Q,N,I,I,I,I,I,I,I,I,I,E,D,T,H,H,H,H,H,H,H,H,H,H,,,,,0.39830915516111604
347,271,V,V,V,V,V,L,L,V,V,L,I,I,I,I,I,I,V,V,I,V,L,L,L,L,L,L,L,L,L,L,I,I,I,I,I,I,I,I,I,I,I,I,0.76701382305497523,,,0.69763777916744074
348,272,K,K,K,K,K,K,K,K,K,K,K,K,T,T,T,T,T,T,S,T,S,S,D,D,D,D,D,T,S,S,S,S,S,S,S,S,T,S,S,S,S,,,,,0.59327163899747937
349,273,A,A,T,A,A,A,P,P,A,A,A,A,A,A,A,A,A,A,M,A,A,A,A,A,A,A,A,P,S,S,T,T,T,T,T,T,T,T,T,T,T,A,0.71519038583380312,,,0.62733401384129284
350,274,Q,Q,Q,Q,Q,Q,Q,Q,S,P,P,P,Q,Q,H,P,P,R,E,T,Q,Q,Q,E,E,E,Q,E,S,Q,A,N,K,K,K,K,K,K,K,K,K,,,,,0.46928802801385949
351,275,L,L,L,L,L,L,L,L,L,L,L,L,Q,Q,Q,Q,H,H,Q,M,L,L,L,L,L,L,L,L,R,R,S,T,T,T,T,T,T,T,T,T,T,,,,,0.41634530268204317
352,276,V,I,I,V,I,I,I,I,I,I,L,L,I,I,I,I,V,V,I,I,I,I,I,I,I,I,I,I,I,I,V,I,I,I,I,I,I,I,I,I,L,I,0.93871231903936081,,,0.88717168384779765
353,277,E,E,E,E,E,E,E,E,N,E,E,E,L,L,L,L,R,Q,Q,K,S,S,S,S,R,R,S,A,H,R,Q,Q,D,D,D,D,D,N,Q,G,Q,,,,,0.36936665519798273
354,278,E,E,E,E,E,E,E,E,E,E,E,E,K,K,K,Q,R,K,S,T,H,H,Q,Q,Q,Q,Q,Q,Q,Q,N,S,S,S,S,S,S,S,S,S,S,,,,,0.49199673967050128
355,279,W,W,W,W,W,W,W,W,W,W,W,W,W,W,W,W,W,W,W,W,W,W,W,W,W,W,W,W,W,W,W,W,W,W,W,W,W,W,W,W,W,W,0.99999999999999978,,,0.99999999999999956
356,280,A,A,A,A,A,A,A,A,A,A,A,A,L,L,F,F,F,F,F,F,K,K,K,K,K,K,K,K,R,R,T,T,M,M,V,M,M,M,M,M,M,,,,,0.37657757274547932
357,281,N,N,N,N,N,N,N,N,N,N,N,N,S,S,S,S,S,S,T,A,G,G,G,G,G,S,G,A,Q,Q,K,K,S,S,S,S,N,N,T,T,T,,,,,0.47844753250210453
358,282,S,S,S,S,S,S,S,S,S,S,N,N,E,E,E,E,E,E,K,D,N,N,N,N,N,N,N,Q,E,E,L,L,I,I,T,A,T,T,N,T,-,,,,,0.40611963052143335
359,283,V,V,V,V,V,V,V,V,V,V,V,V,M,M,M,M,L,L,M,M,M,M,M,M,M,M,M,M,M,L,M,M,M,M,M,M,M,M,M,M,M,M,0.9464653609422391,,,0.90178927395025676
360,284,K,K,K,K,K,K,K,K,K,K,K,K,Q,Q,Q,Q,H,H,Q,K,T,T,T,T,T,T,T,K,R,R,H,N,V,V,V,V,V,V,V,V,T,,,,,0.40190908278619264
361,285,K,K,K,K,K,K,K,K,K,K,L,R,E,E,E,E,E,E,E,E,R,R,R,R,R,R,K,K,K,R,M,P,P,P,P,P,P,P,P,A,P,,,,,0.44177533147273579
362,286,Q,Q,Q,Q,Q,Q,Q,Q,Q,Q,Q,Q,E,E,E,Q,E,E,E,E,L,L,Q,L,L,L,A,V,I,V,M,R,K,K,K,K,K,K,K,K,K,,,,,0.3893426497417965
363,287,K,K,K,K,K,K,K,K,K,K,K,K,E,E,E,E,E,E,H,V,P,P,L,T,P,P,P,T,S,K,K,R,R,R,R,R,R,R,R,R,R,,,,,0.41207281128371503
364,288,V,V,V,V,V,V,V,V,V,V,V,V,V,V,V,V,V,V,V,V,R,R,R,R,R,R,R,R,K,R,I,M,V,V,V,V,M,M,V,V,V,,,,,0.51140794382639543
365,289,E,E,E,E,E,E,E,E,E,E,E,E,E,E,E,E,E,E,E,E,L,L,L,L,L,L,L,L,Q,Q,R,R,Q,Q,Q,Q,Q,Q,Q,Q,Q,,,,,0.47092158364358239
366,290,V,V,V,V,V,V,V,V,V,V,V,V,I,I,V,I,V,V,I,I,L,L,L,L,L,L,L,L,L,L,L,L,V,V,V,V,L,L,L,V,L,L,0.75836540666601115,,,0.684890146003309
367,291,Y,Y,Y,Y,Y,Y,Y,Y,Y,Y,Y,Y,S,S,S,S,S,S,S,S,V,V,V,V,I,I,I,V,S,S,L,L,I,I,I,I,V,V,I,I,I,,,,,0.53438525557442373
368,292,L,L,L,L,L,L,L,L,L,L,L,L,L,L,L,L,L,L,L,L,L,L,L,L,L,L,L,L,I,M,I,M,L,L,L,L,L,L,L,L,L,L,0.92456024046741137,,,0.86176548269564557
369,293,P,P,P,P,P,P,P,P,P,P,P,P,P,P,P,P,P,P,P,P,P,P,P,P,P,P,P,P,P,P,P,P,P,P,P,P,P,P,P,P,P,P,0.99999999999999978,,,0.99999999999999956
370,294,R,R,R,R,R,R,R,R,R,R,R,R,R,R,R,R,R,R,R,R,K,K,K,K,K,K,K,K,R,R,K,K,K,K,K,K,K,K,K,K,K,K,0.84804917039371785,R,0.75195082960628201,0.80475377079831867
371,295,F,F,F,F,F,F,F,F,F,F,F,F,F,F,F,F,F,F,F,F,F,F,F,F,F,F,F,F,F,F,F,F,F,F,F,F,F,F,F,F,F,F,0.99999999999999978,,,0.99999999999999956
372,296,T,T,T,T,T,T,T,T,T,K,K,K,K,K,K,K,K,K,Q,K,S,S,S,S,S,S,S,S,S,T,T,T,T,T,T,T,T,T,T,T,S,,,,,0.51758624223254235
373,297,V,V,V,V,V,V,V,I,V,V,M,V,V,V,V,V,I,I,I,V,L,L,L,L,L,L,L,L,M,L,A,V,A,A,A,A,A,A,A,A,V,,,,,0.53938846456469602
374,298,E,E,E,E,E,E,E,E,E,E,E,E,E,E,E,E,E,E,E,E,E,E,E,E,E,E,E,L,D,N,D,E,V,V,V,V,V,L,V,V,E,E,0.71028364754726259,,,0.56110516599799531
375,299,Q,Q,Q,Q,Q,Q,Q,Q,Q,E,Q,Q,Q,Q,Q,Q,Q,Q,Q,H,T,T,T,T,T,T,S,S,T,S,A,Q,A,A,A,A,A,A,A,A,A,,,,,0.48848874004086534
376,300,E,E,E,E,E,E,E,E,E,V,K,K,K,K,K,K,K,K,K,K,E,E,E,E,E,E,E,E,E,E,E,E,Q,Q,Q,Q,Q,Q,N,E,E,E,0.70399277550618233,,,0.62188693997053912
377,301,I,I,I,I,I,I,I,I,I,V,I,I,V,V,L,L,L,L,L,I,V,V,V,I,V,V,A,V,I,V,V,L,T,T,T,T,T,T,L,T,A,,,,,0.53882542035451308
378,302,D,D,D,D,D,D,D,D,D,N,D,D,D,D,D,D,D,D,D,D,D,D,N,D,D,D,D,D,D,N,D,D,D,D,D,D,D,D,D,D,D,D,0.960918699052286,,,0.9249589221480341
379,303,L,L,L,L,L,L,L,L,L,L,L,L,F,F,F,F,L,F,F,L,L,L,L,L,L,L,L,L,L,F,L,L,L,L,L,L,L,L,L,L,L,L,0.85986173712504121,,,0.78597177715890576
380,304,K,K,K,K,K,K,K,K,K,K,R,R,K,K,K,K,K,K,K,K,R,R,R,R,R,R,K,K,K,K,K,E,K,K,K,K,K,K,K,K,K,K,0.89873258643223319,,,0.82968059984979003
381,305,D,E,D,D,D,D,D,D,D,D,K,E,D,D,E,E,E,E,E,K,K,K,R,R,G,G,R,K,S,S,G,T,E,E,E,E,E,E,A,D,E,,,,,0.4945655894314151
382,306,V,V,V,V,V,I,I,V,V,V,T,S,V,V,A,A,A,A,A,S,P,P,P,P,P,P,P,P,T,A,S,P,P,P,P,P,P,P,S,P,P,P,0.72251518122754299,,,0.5999550356579666
383,307,L,L,L,L,L,L,L,L,L,L,L,L,L,L,L,L,L,L,F,F,L,L,L,L,L,L,L,L,L,L,L,L,L,L,L,L,L,L,L,L,L,L,0.95810689933735627,,,0.92001784089880001
384,308,K,K,K,K,K,K,K,K,K,M,Q,Q,Y,Y,Y,Y,Y,F,K,L,E,E,E,E,E,E,E,E,S,L,S,K,K,K,K,K,K,K,K,K,R,,,,,0.38140341923608212
385,309,A,A,A,A,A,A,A,G,G,Q,E,Q,S,S,S,S,S,S,A,N,N,N,N,N,K,K,N,R,R,N,A,A,V,V,V,A,A,A,A,A,N,,,,,0.45802275308378992
386,310,L,L,L,L,L,L,L,L,L,L,L,L,L,L,L,L,L,L,M,L,L,L,L,L,L,L,L,L,M,M,L,L,L,L,L,L,L,L,L,L,L,L,0.94474997069321653,,,0.8990628586002487
387,311,G,G,G,G,G,G,G,G,G,G,G,G,N,N,N,N,N,N,N,N,G,G,G,G,G,G,G,G,G,G,G,G,G,G,G,G,G,G,G,G,G,G,0.79973360730814347,,,0.70962908924413159
388,312,I,I,V,I,I,V,V,I,I,I,I,I,I,I,M,I,V,V,I,I,M,M,M,M,M,M,M,I,L,L,L,I,I,I,I,I,I,I,I,I,I,I,0.78268534748896701,,,0.69490937913651318
389,313,T,T,T,T,T,T,T,S,T,T,K,R,T,T,T,T,T,T,T,T,T,T,T,T,P,T,K,T,G,G,T,K,T,T,T,T,T,T,T,T,T,T,0.87540412956055447,,,0.7726847685277427
390,314,E,E,E,E,E,E,E,E,E,K,S,S,E,E,E,E,E,E,E,D,D,D,D,D,D,D,D,D,D,D,D,D,D,D,D,E,E,E,D,D,E,D,0.84645636036362648,E,0.7535436396363735,0.80397400710870237
391,315,I,V,V,I,I,I,I,I,V,I,V,I,I,I,I,I,I,I,I,I,M,M,M,M,M,I,M,M,I,V,M,I,M,M,M,M,M,M,M,M,M,M,0.78758559567895436,I,0.72677676154174842,0.74400765059769469
392,316,F,F,F,F,F,F,F,F,F,F,F,F,F,F,F,F,F,F,F,F,F,F,F,F,F,F,F,F,F,F,F,F,F,F,F,F,F,F,F,F,F,F,0.99999999999999978,,,0.99999999999999956
393,317,I,I,I,I,I,I,I,N,S,S,S,S,S,S,S,S,S,S,I,N,R,R,R,R,S,S,R,T,S,N,S,D,D,D,D,D,E,E,E,D,D,,,,,0.45880853744136629
394,318,K,K,K,K,K,K,K,R,R,G,T,K,G,G,G,G,G,G,G,E,Q,Q,P,P,A,S,P,Q,Q,L,S,Q,S,S,P,P,P,P,P,E,V,,,,,0.41498532617258294
395,319,D,N,N,D,D,D,D,N,S,E,E,D,G,G,G,G,G,G,G,G,F,F,N,S,T,T,G,E,S,A,E,N,S,S,S,S,S,S,S,S,S,,,,,0.48375074166260407
396,319a,-,-,-,-,-,-,-,-,-,-,-,-,-,-,-,-,-,-,-,-,Q,R,L,Q,L,Q,Q,T,R,T,R,K,K,K,K,K,K,K,K,K,K,,,,,0.25336135432921636
397,320,A,A,A,A,A,A,A,A,A,A,A,A,C,C,C,C,C,C,C,C,A,A,A,A,A,A,A,A,A,A,A,A,A,A,A,A,A,A,A,S,A,A,0.76100480815974991,,,0.65731864268185392
398,321,N,N,N,N,N,N,N,D,D,D,D,D,D,D,D,D,D,D,D,D,D,D,D,D,D,D,D,D,D,D,D,D,N,N,N,N,N,N,N,N,N,D,0.85219337948662832,,,0.77866643238563382
399,322,L,L,L,L,L,L,L,F,L,L,L,L,L,L,L,L,L,L,L,L,F,F,F,F,F,F,F,F,F,F,F,F,F,F,F,F,F,F,F,F,F,F,0.8399670355250981,,,0.76796447461337669
400,323,T,T,T,T,T,T,T,S,T,S,S,S,S,S,S,S,S,S,S,S,T,T,S,S,T,T,S,S,S,T,R,R,A,A,A,A,T,A,A,A,A,,,,,0.57611625832891145
401,324,G,A,A,G,G,A,A,A,A,A,S,A,G,G,G,G,G,G,G,G,S,S,S,S,S,S,R,R,R,R,H,H,K,K,K,K,K,K,K,K,K,,,,,0.47770362723337423
402,325,L,L,L,L,L,M,M,L,M,V,M,M,I,I,I,I,I,I,I,I,L,L,L,F,L,L,L,L,I,I,L,L,I,I,I,I,I,I,I,I,I,I,0.81284474892960423,,,0.73382094783777896
403,326,S,S,S,S,S,S,S,S,S,S,I,T,T,T,T,T,T,T,T,T,S,S,S,S,S,S,S,S,T,T,S,S,T,T,T,T,T,T,T,T,T,T,0.79431268401171762,,,0.71990922828491066
404,327,D,D,D,D,D,D,D,D,D,D,A,A,D,D,D,D,D,D,E,E,D,D,N,D,D,D,D,S,T,T,A,S,T,R,R,R,R,R,R,R,R,,,,,0.48566376645715437
405,327a,-,-,-,-,-,-,-,-,-,-,-,Q,-,-,-,-,-,-,-,-,-,-,-,-,-,-,-,-,-,-,-,-,G,-,-,-,-,-,-,-,-,,,,,0.0
410,327b,-,-,-,-,-,-,-,-,-,-,-,M,-,-,-,-,-,-,-,-,-,-,-,-,-,-,-,-,-,-,-,-,-,-,-,-,-,-,-,-,-,,,,,0.0
411,327c,-,-,-,-,-,-,-,-,-,-,-,T,-,-,-,-,-,-,-,-,-,-,-,-,-,-,-,-,-,-,-,-,-,-,-,-,-,-,-,-,-,,,,,0.0
412,327d,-,-,-,-,-,-,-,-,-,-,-,D,-,-,-,-,-,-,-,-,-,-,-,-,-,-,-,-,-,-,-,-,-,-,-,-,-,-,-,-,-,,,,,0.0
413,328,N,N,N,N,N,K,K,K,N,S,G,G,S,S,S,S,S,S,S,S,Q,Q,Q,Q,Q,Q,K,E,E,E,-,-,S,S,S,S,S,S,S,T,S,,,,,0.49238479224712078
414,329,K,K,K,K,K,K,K,K,K,K,K,Q,S,S,A,S,S,S,S,P,E,E,E,E,E,E,E,K,E,E,E,E,E,E,E,E,E,E,E,E,E,E,0.75436674160008999,,,0.62256445941844396
415,330,E,E,E,E,E,E,E,E,E,D,D,D,E,E,E,E,E,E,D,N,P,P,V,F,Q,Q,M,P,P,R,P,S,N,N,N,N,S,S,S,G,S,,,,,0.37852677234688126
416,331,I,I,I,I,I,L,L,I,L,L,L,L,V,V,V,V,V,L,L,L,L,L,L,L,L,L,L,L,L,L,L,I,L,L,L,L,L,L,L,L,L,L,0.88265217853382205,,,0.80491750279609431
417,332,F,F,F,F,F,F,F,F,Y,F,Y,F,Y,Y,F,Y,Y,Y,Y,Y,H,H,Y,Y,S,S,Y,Y,C,C,Y,Y,H,H,H,H,H,H,H,H,H,Y,0.75867790126595924,,,0.65819430739681395
418,333,L,L,L,L,L,L,L,L,L,V,I,I,V,V,V,V,V,V,V,I,V,V,V,V,V,V,V,V,V,V,V,V,V,V,V,V,V,V,V,V,V,V,0.98403284652026923,,,0.9682358182812405
419,334,S,S,S,S,S,S,S,A,A,A,G,G,S,S,S,S,S,S,S,S,A,A,S,S,A,A,S,S,S,S,S,S,S,S,S,S,S,S,S,S,S,S,0.9201363069643318,,,0.85654453409754716
420,335,K,K,K,K,K,K,K,R,K,K,K,K,Q,Q,Q,R,R,R,K,K,Q,Q,R,Q,Q,Q,Q,E,K,K,T,K,H,H,H,H,H,H,H,H,H,,,,,0.56951556289885763
421,336,A,A,A,A,A,A,A,A,A,A,A,A,V,V,V,V,V,A,I,V,A,A,A,A,A,A,A,A,V,I,A,A,I,I,I,I,I,I,I,V,L,,,,,0.59576535295334387
422,337,I,I,I,I,I,V,V,V,F,V,V,V,T,T,M,M,M,M,T,F,L,L,L,L,L,L,L,F,L,M,L,L,L,L,L,L,L,L,L,L,L,L,0.78842036897186485,,,0.66355053037871137
423,338,H,H,H,H,H,H,H,H,H,H,Q,Q,Q,Q,Q,Q,Q,Q,Q,Q,Q,Q,Q,Q,Q,Q,Q,Q,Q,Q,Q,Q,Q,Q,Q,Q,Q,Q,Q,Q,Q,Q,0.99999999999999978,,,0.99999999999999956
424,339,K,K,K,K,K,K,K,K,K,K,K,K,K,K,H,Q,K,K,K,K,K,K,K,K,K,K,K,K,R,K,K,K,K,K,K,K,K,K,K,K,K,K,0.94229387141950616,,,0.88945015503804148
425,340,S,S,C,S,S,S,S,S,A,S,A,A,V,V,I,V,V,V,I,V,V,V,V,V,V,V,V,I,V,I,A,A,A,A,A,A,A,A,A,T,A,V,0.7273780633130108,,,0.63441069511822068
426,341,F,F,F,F,F,C,F,F,F,F,Y,Y,F,F,F,F,F,F,F,F,K,K,K,K,R,K,K,K,K,K,K,K,K,K,K,K,K,K,K,K,K,,,,,0.54726677973857751
427,342,L,I,I,L,L,I,I,I,L,L,L,L,F,F,F,F,F,F,L,L,I,I,I,I,I,I,I,V,L,I,I,I,I,I,I,I,I,I,I,I,I,I,0.77389101747584987,,,0.66299029199454729
428,343,E,E,E,E,E,E,E,E,E,E,E,E,E,E,E,E,E,E,V,E,E,E,E,E,E,E,E,E,E,E,E,E,E,E,E,E,E,E,E,E,E,E,0.96905535662153475,,,0.93836109875887774
429,344,V,V,V,V,V,V,V,V,V,V,V,V,I,I,I,I,I,I,V,I,V,V,V,V,V,V,V,V,V,V,V,V,V,V,V,V,V,V,V,V,V,V,0.89537253596697974,I,0.70462746403302035,0.83991243038571517
430,345,N,N,N,N,N,N,N,N,N,N,T,T,N,N,N,N,N,N,N,N,N,N,N,N,N,N,N,T,N,N,N,N,S,S,S,S,S,S,S,S,N,N,0.83011794211864676,,,0.73604675003304165
431,346,E,E,E,E,E,E,E,E,E,E,E,E,E,E,E,E,E,E,E,E,E,E,E,E,E,E,E,E,E,E,E,E,E,E,E,E,E,E,E,E,E,E,0.99999999999999978,,,0.99999999999999956
432,347,E,E,E,E,E,E,E,E,E,E,E,E,D,D,D,E,D,D,D,E,S,S,S,S,S,S,S,K,E,H,D,D,D,D,D,D,D,D,D,D,D,D,0.74545602627276841,,,0.6154997257460052
433,348,G,G,G,G,G,G,G,G,G,G,G,G,G,G,G,G,G,G,G,G,G,G,G,G,G,G,G,G,G,G,G,G,G,G,G,G,G,G,G,G,G,G,0.99999999999999978,,,0.99999999999999956
434,349,S,S,S,S,S,S,S,S,S,S,L,A,S,S,S,S,S,S,S,S,T,T,T,T,T,T,T,T,T,T,T,T,T,T,T,T,T,T,T,T,T,T,0.81985032141662084,,,0.73879678192875409
435,350,E,E,E,E,E,E,E,E,E,E,E,E,E,E,E,E,E,E,E,E,V,V,V,L,V,V,V,R,K,K,K,K,K,K,K,K,K,K,K,K,K,,,,,0.4890344533974933
436,351,A,A,A,A,A,A,A,A,A,A,G,G,A,A,A,V,A,A,A,A,A,A,A,A,A,A,A,A,G,A,A,A,A,A,A,A,A,A,A,A,A,A,0.95380780298770929,,,0.90920169694877639
437,352,A,A,A,A,A,A,A,A,A,A,A,A,A,A,A,A,A,A,A,A,S,S,S,S,S,S,S,S,S,A,S,S,S,S,S,S,S,A,S,S,S,S,0.77748947506371169,,,0.70992790785343807
438,353,A,A,A,A,A,A,V,A,A,A,V,A,T,T,T,T,A,A,A,A,S,S,S,S,S,S,S,A,S,A,A,A,A,A,A,A,A,V,A,A,G,A,0.72008213079567007,,,0.61212860659534751
439,354,V,T,A,V,V,A,A,A,A,S,G,G,S,S,A,S,S,S,S,S,S,S,S,S,S,S,T,A,A,A,A,T,A,A,A,A,A,V,A,A,A,,,,,0.63384969438905159
440,355,S,S,S,S,S,S,S,S,S,S,S,S,T,T,T,T,T,T,T,T,T,T,T,T,T,T,T,T,T,T,T,T,T,T,T,T,T,T,T,T,T,T,0.99999999999999978,,,0.99999999999999956
441,356,G,G,G,G,G,G,G,G,G,G,G,G,G,G,G,G,G,G,G,G,A,A,A,A,A,A,A,A,A,A,T,S,T,T,T,T,T,T,T,T,T,,,,,0.57491653948402244
442,357,M,M,M,M,M,M,M,M,M,M,L,M,I,I,M,I,I,I,G,M,V,V,I,L,F,I,I,A,A,A,A,V,A,A,A,A,A,A,A,A,A,,,,,0.5267172527849977
443,358,I,I,I,I,I,I,I,I,I,I,V,I,H,H,H,N,N,N,Q,Q,I,I,I,V,V,L,V,I,V,V,I,I,I,I,I,I,I,I,I,I,V,,,,,0.49332181559456689
444,359,A,A,A,A,A,A,A,A,A,A,A,A,I,I,I,T,I,I,V,V,V,V,V,V,I,V,V,L,I,M,L,L,L,L,L,L,L,L,L,L,L,,,,,0.62411159429979635
445,360,I,I,I,I,I,I,I,I,I,N,L,L,P,P,P,P,P,P,P,S,S,S,S,S,S,S,S,L,Y,F,I,H,I,I,I,I,I,I,I,I,I,,,,,0.43600959314022197
446,361,S,S,S,S,S,S,S,S,S,S,T,T,V,V,A,V,A,A,V,-,A,A,A,A,A,A,A,A,S,S,A,A,A,A,A,A,A,A,A,A,A,A,0.82283396309906465,,,0.69457354462003495
447,362,R,R,R,R,R,R,R,R,R,R,R,R,I,I,I,I,I,I,I,A,R,R,R,R,R,R,R,R,R,R,R,R,R,R,R,R,R,R,R,R,R,R,0.74503271086272693,,,0.61595475075554573
448,363,M,M,M,M,M,M,M,M,M,M,T,T,M,M,M,M,M,M,M,M,M,M,M,M,M,M,M,M,M,M,S,S,S,S,S,S,S,S,S,S,S,M,0.74447576544155891,,,0.65510948802967428
449,364,A,A,A,A,A,A,A,A,A,A,L,L,S,S,S,S,S,S,S,S,A,A,A,A,A,A,A,A,A,A,S,S,S,S,S,S,S,S,S,S,S,S,0.78931003429288049,,,0.71673690784888977
450,365,V,V,V,V,V,V,V,V,V,V,V,V,L,L,L,L,L,L,L,M,P,P,P,P,P,P,P,P,V,V,P,P,P,P,P,P,P,P,P,P,P,P,0.73605749085864913,,,0.62439223252953013
451,366,L,L,L,L,L,L,L,L,L,L,L,L,A,A,A,S,T,T,A,S,-,-,-,-,-,-,-,-,-,-,-,-,-,-,-,-,-,-,-,-,-,,,,,0.048063851481913833
452,367,Y,Y,Y,Y,Y,Y,F,Y,Y,Y,Y,Y,Q,Q,H,R,Q,Q,A,S,-,-,-,-,-,-,-,-,-,-,-,-,-,-,-,-,-,-,-,-,-,,,,,0.040305718947146768
454,368,P,P,P,P,P,P,P,P,P,P,P,P,S,S,N,N,T,T,N,H,E,E,E,E,T,T,Q,L,E,E,P,P,P,P,P,P,P,P,P,P,R,,,,,0.41741394003702575
455,369,Q,Q,Q,Q,Q,Q,Q,Q,Q,Q,Q,Q,Q,Q,Q,Q,Q,Q,Q,R,E,E,E,E,E,E,E,E,E,E,W,W,W,W,W,W,W,W,W,W,W,,,,,0.43228288247969521
456,370,V,V,V,V,V,V,V,V,V,V,V,V,F,F,F,F,F,F,F,F,I,I,I,I,M,M,I,V,I,I,V,V,F,F,F,F,F,F,F,F,F,F,0.71823265138307368,,,0.6163040382749212
457,371,I,I,I,I,I,I,I,I,I,I,M,M,I,I,I,I,L,L,V,A,I,I,I,I,V,V,I,I,T,A,A,T,I,I,I,I,I,I,I,I,T,I,0.77605819214797711,,,0.64461746489125538
458,372,V,V,V,V,V,V,V,V,V,V,A,A,A,A,A,A,A,A,A,A,M,M,M,M,I,L,V,M,L,L,V,V,V,V,V,V,V,V,V,V,V,,,,,0.55502240448734863
459,373,D,D,D,D,D,D,D,D,D,D,D,D,N,N,N,N,N,N,N,N,D,D,D,D,D,D,D,D,D,D,D,D,D,D,D,D,D,D,D,D,D,D,0.8399670355250981,,,0.76796447461337669
460,374,H,H,H,H,H,H,H,H,H,H,H,H,H,H,H,H,H,H,R,R,R,R,R,R,R,R,R,H,R,R,R,R,R,R,R,R,R,R,R,R,R,R,0.8615387091506379,,,0.78763028782851885
461,375,P,P,P,P,P,P,P,P,P,P,P,P,P,P,P,P,P,P,P,P,P,P,P,P,S,S,P,P,P,P,P,P,P,P,P,P,P,P,P,P,P,P,0.95939576785790304,,,0.92155937957750922
462,376,F,F,F,F,F,F,F,F,F,F,F,F,F,F,F,F,F,F,F,F,F,F,F,F,F,F,F,F,F,F,F,F,F,F,F,F,F,F,F,F,F,F,0.99999999999999978,,,0.99999999999999956
463,377,F,F,F,F,F,L,L,F,F,F,F,F,L,L,L,L,L,L,L,L,L,L,L,L,L,L,L,L,F,L,L,L,L,L,L,L,L,L,L,V,L,L,0.96207533073887086,,,0.92528274325886295
464,378,F,F,F,F,F,Y,F,F,F,F,F,F,F,F,F,F,F,F,F,F,F,F,F,F,F,F,F,F,F,F,F,F,F,F,F,F,F,F,F,F,F,F,0.99999999999999978,,,0.99999999999999956
465,379,L,L,L,L,L,L,L,L,L,V,V,I,I,I,I,I,I,I,I,F,V,V,V,V,V,V,V,M,L,L,L,L,F,F,F,F,S,C,F,F,F,,,,,0.51893150701053881
466,380,I,I,I,I,I,I,I,I,V,I,I,I,M,M,V,M,L,M,L,I,V,V,V,V,V,V,V,V,I,I,I,I,I,I,I,I,I,I,I,I,I,I,0.76724501525634514,,,0.68721269360840287
467,381,R,R,R,R,R,R,K,R,R,R,R,R,K,K,K,K,K,K,K,R,R,R,R,R,R,R,R,R,Q,Q,R,R,R,R,R,R,R,R,R,R,R,R,0.8534258517820088,,,0.77664508207835559
468,382,N,N,N,N,N,N,N,N,N,N,D,N,H,H,N,N,H,H,N,H,H,H,H,H,H,H,H,H,H,H,H,H,H,H,H,H,H,H,H,H,H,H,0.9324357162330057,,,0.87576759306855378
469,383,R,R,R,R,R,R,R,R,R,R,R,R,N,N,N,N,I,I,N,I,N,N,N,N,N,N,N,N,K,K,N,N,N,N,N,N,N,N,N,N,N,N,0.86057691935688885,,,0.75081878270527669
470,384,R,R,R,R,R,K,K,R,R,K,R,K,P,P,P,P,R,Q,P,Q,P,P,P,P,P,P,P,P,P,P,P,S,P,P,P,P,P,P,P,P,P,P,0.89967034367632759,,,0.81395123276166692
471,385,T,T,T,T,T,S,T,T,T,T,T,T,T,T,T,T,T,T,T,S,T,T,T,T,T,T,T,T,T,T,T,S,T,T,T,T,T,T,T,T,T,T,0.95459849002214103,,,0.91304400649500417
472,386,G,G,G,G,G,G,G,G,G,G,G,G,E,E,E,D,E,E,E,G,G,G,G,G,E,E,E,G,G,G,G,G,G,G,G,G,G,G,G,G,G,G,0.78288427318332698,,,0.70286903747907215
473,387,T,T,T,T,T,I,T,T,T,S,S,S,S,S,S,S,S,S,S,M,T,T,T,T,T,T,T,T,A,T,T,T,A,A,A,A,A,A,A,T,A,,,,,0.58697188912444564
474,388,I,V,I,I,I,I,I,I,V,V,I,I,I,I,I,I,I,I,I,I,V,V,V,V,I,I,I,L,L,L,I,I,V,V,V,V,I,I,V,I,V,I,0.8105949536158833,V,0.71098080614701786,0.73683571856654961
475,389,L,L,L,L,L,L,L,L,L,L,L,L,L,L,L,L,L,L,L,L,L,L,L,L,L,L,L,L,L,L,L,L,L,L,L,L,L,L,L,L,L,L,0.99999999999999978,,,0.99999999999999956
476,390,F,F,F,F,F,F,F,F,F,F,F,F,F,F,F,L,F,F,F,F,F,F,F,F,F,F,F,F,F,F,F,F,F,F,F,F,F,F,F,F,F,F,0.9800901437639602,,,0.96028666317596134
477,391,M,M,M,M,M,M,M,I,M,M,M,M,M,M,M,M,M,M,M,M,M,M,M,M,M,M,M,V,S,M,M,A,M,M,M,M,L,L,M,M,T,M,0.87436605953183721,,,0.77031803039726832
478,392,G,G,G,G,G,G,G,G,G,G,G,G,G,G,G,G,G,G,G,G,G,G,G,G,G,G,G,G,G,G,G,G,G,G,G,G,G,G,G,G,G,G,0.99999999999999978,,,0.99999999999999956
479,393,R,R,R,R,R,R,R,R,R,R,R,R,R,R,R,R,K,K,R,K,Q,Q,Q,Q,Q,Q,Q,Q,Q,Q,Q,Q,Q,Q,Q,Q,Q,Q,Q,Q,Q,Q,0.8399670355250981,,,0.75033337676584977
480,394,V,V,V,V,V,V,V,V,V,V,V,V,V,V,V,V,V,V,V,V,V,V,V,V,V,L,V,V,L,F,I,I,I,I,I,I,V,V,I,I,I,V,0.81928825694176421,,,0.7332373161632243
481,395,M,M,M,M,M,M,M,M,M,M,M,M,T,T,T,T,T,T,T,M,M,M,M,M,M,M,M,M,T,N,N,N,N,N,N,Y,N,N,N,N,N,,,,,0.50261543265423514
482,396,H,H,H,H,H,N,H,H,H,H,T,N,N,N,N,N,D,D,N,N,E,E,E,E,E,E,E,E,Q,H,Q,K,K,K,K,K,K,K,K,K,K,,,,,0.53411078118095179
483,397,P,P,P,P,P,P,P,P,P,P,P,P,P,P,P,P,P,P,P,P,P,P,P,P,P,P,P,P,P,P,P,P,P,P,P,P,P,P,P,P,P,P,0.99999999999999978,,,0.99999999999999956
484,398,E,E,E,E,E,E,E,E,E,E,D,E,D,D,D,D,D,D,E,D,-,-,-,-,-,-,-,-,Q,Q,-,-,-,-,-,-,-,-,-,-,-,,,,,0.093962967777592762
485,399,T,T,T,T,T,T,T,A,A,T,V,L,T,T,T,T,I,I,A,F,-,-,-,-,-,-,-,-,E,Q,-,-,-,-,-,-,-,-,-,-,-,,,,,0.052754643029214829
486,400,M,M,M,M,M,M,M,M,M,L,I,I,Q,Q,Q,Q,Q,H,P,Y,-,-,-,-,-,-,-,-,Y,Q,-,-,-,-,-,-,-,-,-,-,-,,,,,0.077365927268461351
487,401,N,N,N,N,N,N,N,N,N,H,D,D,E,E,K,R,T,T,K,D,-,-,-,-,-,-,-,-,-,-,-,-,-,-,-,-,-,-,-,-,-,,,,,0.034361692974787882
488,402,T,T,A,T,T,T,T,T,T,T,A,P,I,I,M,M,T,V,M,A,-,-,-,-,-,-,-,-,-,-,-,-,-,-,-,-,-,-,-,-,-,,,,,0.041361995871885618
489,403,S,S,S,S,S,S,S,S,S,I,T,F,K,K,K,K,K,K,R,L,-,-,-,-,-,-,-,-,-,-,-,-,-,-,-,-,-,-,-,-,-,,,,,0.055937833657148418
490,404,G,G,G,G,G,G,G,G,G,G,G,D,G,G,G,G,G,G,G,G,-,-,-,-,-,-,-,-,-,-,-,-,-,-,-,-,-,-,-,-,-,,,,,0.081712606022468548
491,405,H,H,H,H,H,H,H,H,H,H,P,N,R,R,R,R,R,R,R,R,-,-,-,-,-,-,-,-,-,-,-,-,-,-,-,-,-,-,-,-,-,,,,,0.081712606022468548
492,406,D,D,D,D,D,D,D,D,D,D,D,N,D,D,D,D,D,D,D,D,-,-,-,-,-,-,-,-,-,-,-,-,-,-,-,-,-,-,-,-,-,,,,,0.081712606022468548
493,407,F,F,F,F,F,F,F,F,F,F,F,F,L,L,L,L,L,L,M,V,-,-,-,-,-,-,-,-,-,-,-,-,-,-,-,-,-,-,-,-,-,,,,,0.061939458155486238
494,408,E,E,E,E,E,E,E,E,E,E,D,D,D,D,D,D,D,D,D,E,-,-,-,-,-,-,-,-,-,-,-,-,-,-,-,-,-,-,-,-,-,,,,,0.073099572310963812
495,409,E,E,E,E,E,E,E,E,E,E,S,M,S,S,S,S,S,S,S,S,-,-,-,-,-,-,-,-,-,-,-,-,-,-,-,-,-,-,-,-,-,,,,,0.081712606022468548
496,410,L,L,L,L,L,L,L,L,L,L,L,-,L,L,L,L,L,L,L,L,-,-,-,-,-,-,-,-,-,-,-,-,-,-,-,-,-,-,-,-,-,,,,,0.081712606022468548
