score name,Profile-based score (corrected for self-comparisons)
score sequences,11 sequences (D745BC24 checksum)
score sequence ids,NS_CANIS NS_BOS NS_HOMO NS_PAN NS_MUS NS_RATTUS NS_MONODELPHIS NS_GALLUS NS_XENOPOS NS_FUGU NS_DANIO
score number of sites,496 sites
score weighting,weighted by evolutionary distance
score against,Sequence profile
profile name,Sequence profile
profile sequences,11 sequences (D745BC24 checksum)
profile sequence ids,NS_CANIS NS_BOS NS_HOMO NS_PAN NS_MUS NS_RATTUS NS_MONODELPHIS NS_GALLUS NS_XENOPOS NS_FUGU NS_DANIO
profile number of sites,496 sites
profile weighting,weighted by evolutionary distance
profile substitution matrix,"vectors of Transformed 250 PAM PET91 matrix (Valdar 2001) to be in the range of [0.0-1.0] with constant diagonal., average diagonal, linear transform, gap 0.000, gap-gap 0.000"
report site selections,present sites
report sites,429 sites
report sequences shown,NS_CANIS NS_BOS NS_HOMO NS_PAN NS_MUS NS_RATTUS NS_MONODELPHIS NS_GALLUS NS_XENOPOS NS_FUGU NS_DANIO PP_HOMO PP_PAN PP_CANIS PP_BOS PP_MUS PP_RATTUS PP_MONODELPHIS PP_XENOPOS PAI1_HOMO PAI1_PAN PAI1_CANIS PAI1_BOS PAI1_MUS PAI1_RATTUS PAI1_MONODELPHIS PAI1_XENOPOS PAI1_DANIO PAI1_FUGU GDN_FUGU GDN_DANIO GDN_HOMO GDN_PAN GDN_BOS GDN_CANIS GDN_MUS GDN_RATTUS GDN_MONODELPHIS GDN_GALLUS GDN_XENOPOS
report numbering by,reference sequence NS_HOMO starting from 1
report numbering extent,-9 to 410
note sequences,sequences marked * were not scored
note consensus,showing consensus determined from profile
consensus details,Consensus: residues with score >= 0.700 or >= 1.00 of max score
note scores,showing score for each position under score
note p-value,showing p-value from randomizations under pvalue
randomization sequence number,40
randomization sequence checksum,3246F4E4
randomization sequence ids,NS_CANIS NS_BOS NS_HOMO NS_PAN NS_MUS NS_RATTUS NS_MONODELPHIS NS_GALLUS NS_XENOPOS NS_FUGU NS_DANIO PP_HOMO PP_PAN PP_CANIS PP_BOS PP_MUS PP_RATTUS PP_MONODELPHIS PP_XENOPOS PAI1_HOMO PAI1_PAN PAI1_CANIS PAI1_BOS PAI1_MUS PAI1_RATTUS PAI1_MONODELPHIS PAI1_XENOPOS PAI1_DANIO PAI1_FUGU GDN_FUGU GDN_DANIO GDN_HOMO GDN_PAN GDN_BOS GDN_CANIS GDN_MUS GDN_RATTUS GDN_MONODELPHIS GDN_GALLUS GDN_XENOPOS
randomization sequence number of sites,496
randomization sample size,11
randomization score type,PROFILE
randomization substitution matrix,"vectors of Transformed 250 PAM PET91 matrix (Valdar 2001) to be in the range of [0.0-1.0] with constant diagonal., average diagonal, linear transform, gap 0.000, gap-gap 0.000"
randomization distance matrix type,evolutionary distance
randomization total randomizations,10000
note header ends,data follows immediately below
alignment num,report num,Ref: NS_HOMO,NS_CANIS,NS_BOS,NS_HOMO,NS_PAN,NS_MUS,NS_RATTUS,NS_MONODELPHIS,NS_GALLUS,NS_XENOPOS,NS_FUGU,NS_DANIO,*PP_HOMO,*PP_PAN,*PP_CANIS,*PP_BOS,*PP_MUS,*PP_RATTUS,*PP_MONODELPHIS,*PP_XENOPOS,*PAI1_HOMO,*PAI1_PAN,*PAI1_CANIS,*PAI1_BOS,*PAI1_MUS,*PAI1_RATTUS,*PAI1_MONODELPHIS,*PAI1_XENOPOS,*PAI1_DANIO,*PAI1_FUGU,*GDN_FUGU,*GDN_DANIO,*GDN_HOMO,*GDN_PAN,*GDN_BOS,*GDN_CANIS,*GDN_MUS,*GDN_RATTUS,*GDN_MONODELPHIS,*GDN_GALLUS,*GDN_XENOPOS,consensus 1,consensus 1 score,consensus 2,consensus 2 score,score,pvalue
54,-9,-,-,-,-,-,-,-,-,-,-,-,-,-,-,-,-,-,-,-,-,M,M,M,M,M,M,-,-,-,-,-,-,-,-,-,-,-,-,-,-,-,,,,,0.0,1.0
55,-8,-,-,-,-,-,-,-,-,-,-,-,-,-,-,-,-,-,-,-,-,Q,Q,Q,R,Q,Q,-,-,-,-,-,-,-,-,-,-,-,-,-,-,-,,,,,0.0,1.0
56,-7,-,-,-,-,-,-,-,-,-,-,-,-,-,-,-,-,-,-,-,-,M,M,M,M,M,M,M,-,-,-,-,-,-,-,-,-,-,-,-,-,-,,,,,0.0,1.0
57,-6,-,-,-,-,-,-,-,-,-,-,M,-,-,-,-,-,-,-,M,-,S,S,S,S,S,S,K,M,-,-,M,-,-,-,-,-,-,-,-,-,-,,,,,0.0,1.0
58,-5,-,-,-,-,-,-,-,-,-,-,S,-,-,-,-,-,-,-,T,M,P,P,P,P,S,S,L,S,-,-,K,-,M,M,M,M,M,M,M,-,-,,,,,0.0,1.0
59,-4,-,-,-,-,-,-,-,-,-,-,M,-,-,-,-,-,-,-,Q,K,A,A,V,V,A,A,S,R,-,-,T,M,N,N,N,N,N,N,S,M,M,,,,,0.0,1.0
60,-3,-,-,-,-,-,-,-,-,-,-,L,-,-,-,-,-,-,-,T,R,L,L,F,F,L,L,R,N,-,-,L,C,W,W,W,W,W,W,W,N,R,,,,,0.0,1.0
61,-2,-,-,-,-,-,-,-,-,-,-,D,M,-,-,-,-,-,-,W,L,T,A,A,A,A,T,V,L,-,-,S,V,H,H,H,H,H,H,Q,W,S,,,,,0.0067764314233868779,0.9987
62,-1,-,-,-,-,-,-,-,-,-,-,I,L,-,-,-,-,-,-,F,Y,C,C,C,C,C,C,F,R,-,-,F,L,L,L,F,F,F,F,F,H,L,,,,,0.02379393590016296,0.9916
63,1,M,M,M,M,M,M,M,M,M,M,L,L,M,M,M,M,M,M,G,P,L,L,L,L,L,L,A,C,-,-,L,F,P,P,P,S,P,P,P,F,F,M,0.85860981659940983,,,0.78067045279302938,0.0
64,2,A,A,A,A,A,T,A,T,Y,H,S,L,D,D,N,D,N,K,R,G,V,V,A,A,I,T,C,M,M,-,C,R,L,L,F,F,F,F,L,S,T,,,,,0.38678061944231584,0.0252
65,3,F,F,F,F,F,Y,Y,F,F,H,P,V,T,T,K,K,K,K,F,V,L,L,L,L,L,L,L,I,Q,M,L,C,F,F,F,F,F,F,L,L,L,,,,,0.46935149815693356,0.2229
66,4,L,L,L,L,L,L,L,F,L,L,L,V,I,I,I,I,T,T,L,I,G,G,G,G,G,G,S,V,S,L,F,G,L,L,L,L,I,I,L,L,L,L,0.87907786623293216,,,0.77462607474071599,0.0013
67,5,G,G,G,G,G,E,G,G,G,S,V,L,F,S,L,L,I,I,L,V,L,L,L,L,L,L,L,V,L,F,G,V,L,L,V,V,L,L,F,F,F,,,,,0.43457707265905815,0.4074
74,6,L,L,L,L,L,L,L,L,L,L,L,P,L,L,L,L,L,L,T,A,A,A,A,A,V,V,L,L,S,A,L,L,A,A,A,A,T,T,T,L,L,L,0.90164919409600286,,,0.81345062766335186,0.0048
75,7,F,F,F,F,F,L,L,L,L,L,L,P,W,W,W,W,W,W,L,V,L,L,L,L,L,L,L,L,V,Y,V,F,S,S,S,A,T,T,T,L,G,L,0.75461967469889624,,,0.61276863974991636,0.0139
76,8,S,S,S,S,S,A,S,A,S,A,T,L,S,S,S,S,S,S,C,T,V,V,V,I,V,V,I,S,L,T,V,L,V,V,V,V,V,V,V,G,A,,,,,0.49457228642937806,0.2917
77,9,L,L,L,L,L,L,L,L,L,L,L,L,L,L,L,L,F,F,G,L,F,F,F,F,S,F,I,L,L,L,L,L,T,T,T,T,T,T,T,T,F,L,1.0,,,1.0,0.0
78,10,L,L,L,L,L,L,V,L,L,I,M,L,L,L,L,L,L,L,P,C,G,G,G,G,G,G,G,A,I,L,R,C,L,L,L,L,L,L,L,L,L,L,0.83217860928124332,,,0.71396985965363802,0.0424
79,11,V,V,V,V,V,A,A,I,V,V,L,L,L,L,L,L,L,L,F,G,E,E,E,E,K,K,V,S,F,L,G,S,P,P,P,P,Y,S,T,A,A,V,0.71626299879408184,,,0.58444749254342343,0.0002
80,12,L,L,L,L,L,L,L,L,L,M,Q,R,L,L,I,T,F,F,L,V,G,G,A,G,G,G,G,V,A,L,H,V,S,S,S,S,S,S,S,S,S,,,,,0.51921450597617569,0.0051
81,13,Q,Q,Q,Q,Q,Q,Q,P,P,Q,C,G,F,F,F,F,F,L,M,W,S,S,S,S,F,F,D,T,L,A,G,S,I,I,V,V,V,V,A,V,A,,,,,0.45970615893525257,0.0006
82,14,S,S,S,S,S,S,S,S,S,A,H,C,F,F,S,S,S,S,L,I,A,A,A,A,T,A,S,S,C,L,G,V,C,C,C,C,H,Y,Y,C,Q,S,0.73434311981768252,,,0.56174700985423431,0.0225
83,15,M,L,L,M,M,V,L,M,K,L,Y,F,G,G,G,G,G,G,R,T,V,V,S,S,L,S,L,A,A,S,A,S,S,S,S,S,S,S,S,S,P,,,,,0.42177629157527979,0.214
84,16,A,A,A,A,A,V,V,A,A,V,C,C,S,S,S,S,S,S,S,C,H,H,Y,Y,P,P,P,Q,S,R,L,Q,H,H,Q,Q,Q,Q,H,Q,E,,,,,0.4932370923548785,0.0033
85,17,T,L,L,T,T,T,T,L,F,F,H,Q,Q,Q,Q,Q,Q,Q,H,N,H,H,S,Q,L,L,Q,N,S,A,S,S,F,F,F,F,F,L,L,F,L,,,,,0.36420815781845811,0.4349
86,18,G,A,G,G,A,G,G,S,K,G,G,A,A,A,A,A,T,T,S,A,P,P,Y,P,R,P,H,R,L,A,Q,Q,N,N,N,N,N,N,D,N,D,G,0.71759626651203012,,,0.57409052273209737,0.0006
87,19,A,A,T,A,A,A,A,T,T,T,T,S,S,S,S,S,S,S,A,S,P,P,Q,Q,E,E,N,V,C,L,A,S,P,P,P,P,S,S,P,F,L,T,0.72072230177430063,,,0.62224200277953035,0.0014
88,20,T,T,T,T,T,T,A,S,N,S,D,D,R,R,R,S,R,R,S,R,S,S,T,S,S,S,P,S,N,S,P,S,L,L,L,L,L,L,F,Y,L,,,,,0.46868097062536274,0.0678
89,21,F,F,F,F,F,F,F,F,F,V,V,V,C,C,P,P,A,T,L,L,Y,Y,R,A,H,H,Q,R,L,S,S,S,S,S,S,S,S,S,S,P,S,F,0.72764097681312168,,,0.64147834994810637,0.0
90,22,P,P,T,P,P,P,P,P,P,H,P,P,S,S,L,W,T,M,L,W,V,V,A,A,T,T,V,V,I,L,Y,Y,L,L,L,L,L,L,L,L,L,P,0.88826612216261558,,,0.78291749639414454,0.0
91,23,E,D,D,E,E,D,D,D,D,D,E,E,A,A,V,A,D,D,A,G,A,A,A,A,A,A,S,A,Q,Q,G,G,E,E,E,E,E,E,E,E,E,D,0.82312495262390706,E,0.77687504737609303,0.78049117035406745,0.0003
92,24,E,E,E,E,E,E,E,E,E,E,D,D,Q,Q,Q,Q,Q,Q,D,D,H,H,G,S,H,Q,Q,Q,D,D,E,A,E,E,E,E,E,E,E,E,E,E,0.87889491785816687,D,0.72110508214183322,0.81213743279916872,0.0013
93,25,A,T,T,A,A,T,T,T,T,T,P,V,K,K,R,R,K,K,N,A,L,L,L,L,Q,Q,M,K,K,K,R,R,L,L,L,L,L,L,L,L,L,T,0.73414958177741496,,,0.57637280940834057,0.0011
94,26,I,I,I,I,I,I,I,I,I,V,T,T,N,N,N,N,I,N,N,I,A,A,A,A,A,A,V,G,Q,Q,G,G,G,G,G,G,G,G,G,S,G,I,0.77611371189047573,,,0.65785361015562627,0.0
95,27,A,A,A,A,A,T,A,A,A,N,A,A,T,T,V,A,A,A,T,T,S,S,T,T,T,T,T,T,T,T,S,S,S,S,S,S,S,S,S,S,S,A,0.88812504996240116,,,0.78577282233727008,0.0003
96,28,D,E,E,D,D,E,E,E,E,E,E,E,E,E,E,E,D,E,R,E,D,D,D,D,D,N,D,S,D,D,D,D,N,N,D,N,N,D,D,D,D,E,0.94423003476574019,,,0.89322086011080459,0.0004
97,29,L,L,L,L,L,W,W,L,L,F,F,F,F,F,F,F,F,F,F,L,F,F,F,F,F,F,F,F,F,F,L,L,T,T,T,T,T,T,T,V,I,,,,,0.56763935580772173,0.3278
98,30,S,S,S,S,S,S,S,S,S,S,S,S,A,A,A,V,A,A,A,A,G,G,G,G,G,G,G,G,G,G,G,G,G,G,G,G,G,G,G,G,G,S,1.0,,,1.0,0.0001
99,31,V,V,V,V,V,V,V,V,V,I,V,V,V,V,V,V,V,V,L,V,V,V,V,V,V,V,M,L,L,L,I,L,I,I,I,I,I,I,I,I,I,V,0.95777133510322554,,,0.91596694037335535,0.002
100,32,N,N,N,N,N,N,N,N,N,K,R,R,D,D,D,D,D,D,D,D,R,R,K,K,K,K,K,R,Q,K,Q,Q,Q,Q,Q,Q,Q,Q,Q,Q,Q,N,0.73471427818333146,,,0.62234426847910396,0.002
101,33,M,M,M,M,M,M,V,V,V,V,L,L,L,L,L,L,L,L,L,L,V,V,V,V,V,V,V,L,V,V,V,V,V,V,V,V,V,V,I,V,V,,,,,0.62130423685079628,0.9698
102,34,Y,Y,Y,Y,Y,Y,Y,Y,Y,Y,Y,Y,Y,Y,Y,Y,Y,Y,Y,S,F,F,F,F,F,F,F,F,F,F,F,F,F,F,F,F,F,F,F,F,F,Y,1.0,,,1.0,0.0001
103,35,N,N,N,N,N,N,N,N,N,H,H,H,Q,Q,Q,Q,K,K,Q,R,Q,Q,Q,Q,Q,Q,R,Q,A,S,Q,M,N,N,N,N,N,N,N,N,N,N,0.7549993794420885,,,0.67749176906876141,0.0067
104,36,R,H,H,R,R,H,H,H,Q,K,L,Q,E,E,T,A,A,A,T,A,Q,Q,E,Q,Q,H,E,E,E,Q,Q,Q,Q,Q,Q,Q,Q,Q,Q,Q,Q,,,,,0.47898012938097478,0.7089
105,37,L,L,L,L,L,L,L,L,L,L,L,L,V,V,I,V,I,I,I,I,V,V,V,V,V,V,V,V,A,L,E,V,I,I,I,I,I,I,I,I,V,L,1.0,,,1.0,0.0
106,38,R,R,R,R,R,R,R,R,R,R,Q,Q,S,S,C,G,S,S,H,H,A,A,A,V,V,V,V,L,V,S,V,L,V,V,V,V,I,I,V,V,V,R,0.83862747804600735,,,0.74967312920489215,0.0
108,39,A,A,A,A,A,G,A,A,A,A,A,I,L,L,L,L,L,L,S,S,Q,Q,R,R,Q,Q,Q,A,Q,Q,R,Q,K,K,K,R,K,K,K,K,K,A,0.85497904251375811,,,0.72790087286467076,0.0
109,40,T,T,T,T,T,T,T,T,A,T,G,S,S,S,S,S,S,S,L,S,A,A,A,A,A,A,T,D,S,S,S,D,S,S,S,S,S,S,S,A,S,T,0.76241876176966894,,,0.61151049346416209,0.2277
110,41,G,G,G,G,G,G,G,G,R,I,G,S,H,H,H,H,H,N,H,C,S,S,S,S,S,S,S,Q,A,S,R,R,R,R,Q,R,R,Q,R,K,R,G,0.76303654217042327,,,0.58790150220427129,0.0008
111,42,E,E,E,E,E,E,E,E,E,E,D,G,-,-,-,-,-,-,-,T,K,K,K,K,K,K,G,W,P,V,P,A,P,P,P,P,P,P,P,P,P,E,0.8494044213352292,,,0.73582034463744728,0.0
112,43,D,D,D,D,D,D,D,D,D,D,Q,E,K,K,E,K,K,K,E,E,D,D,D,D,D,D,D,G,D,D,L,Q,H,H,H,H,H,H,R,Q,H,D,0.83742708838661506,,,0.72065436520581938,0.0067
113,44,E,E,E,E,E,E,E,E,E,E,D,E,D,D,N,N,N,N,E,E,R,R,R,R,R,R,G,K,R,K,D,E,D,D,D,D,E,E,E,D,E,E,0.93787591090404221,,,0.88325062959314493,0.0003
114,45,N,N,N,N,N,N,N,N,N,N,N,N,N,N,N,N,N,N,N,N,N,N,N,N,N,N,N,N,N,N,N,N,N,N,N,N,N,N,N,N,N,N,1.0,,,1.0,1.0
115,46,I,I,I,I,I,I,I,I,I,I,I,I,I,I,I,I,I,V,V,I,V,V,M,V,V,V,V,L,L,V,I,V,I,I,I,V,V,V,I,V,F,I,1.0,,,1.0,0.0002
116,47,L,L,L,L,L,L,L,L,L,I,I,I,I,I,I,I,I,I,I,I,V,V,V,V,V,V,V,G,A,A,V,L,V,V,I,V,V,V,I,V,V,L,0.78235778207105522,,,0.71350518818941633,0.0619
117,48,F,F,F,F,F,F,F,F,F,F,F,F,F,F,F,I,F,F,F,F,F,F,F,F,F,F,F,F,L,M,L,L,I,I,I,V,V,I,I,V,M,F,1.0,,,1.0,0.0029
118,49,S,S,S,S,S,S,S,S,C,S,S,S,S,S,S,S,S,S,S,S,S,S,S,S,S,S,S,S,S,S,S,S,S,S,S,S,S,S,S,S,S,S,0.94876041640449338,,,0.89573599730932274,0.868
119,50,P,P,P,P,P,P,P,P,P,P,P,P,P,P,P,P,P,P,P,P,P,P,P,P,P,P,P,P,P,P,P,P,P,P,P,P,P,P,P,P,P,P,1.0,,,1.0,1.0
120,51,L,L,L,L,L,L,L,L,L,L,L,L,L,L,L,L,L,L,L,L,Y,Y,Y,Y,Y,Y,Y,Y,Y,Y,H,H,H,H,H,H,H,H,H,H,H,L,1.0,,,1.0,0.0
121,52,S,S,S,S,S,S,S,S,S,S,S,S,G,G,G,G,G,G,G,G,G,G,G,G,G,G,G,G,G,G,G,G,G,G,G,G,G,G,G,G,G,S,1.0,,,1.0,0.0141
122,53,I,V,V,I,I,I,I,I,I,T,V,V,I,I,T,T,T,T,A,T,V,V,V,V,V,V,I,V,I,A,V,V,I,I,I,I,I,I,I,I,I,I,0.7609807830102242,V,0.74748858582601696,0.68910916330990024,0.2874
123,54,A,T,T,A,A,A,A,A,A,A,A,A,T,T,T,T,T,T,R,S,A,A,A,A,S,S,A,T,A,V,A,A,A,A,A,A,A,A,A,A,S,A,0.92728395927754459,,,0.86029043821443707,0.0206
124,55,L,F,L,L,L,L,L,I,I,I,V,L,L,L,L,L,M,V,L,L,S,S,S,S,S,S,S,S,S,S,S,S,S,S,S,S,S,S,S,S,S,L,0.73708990674150265,,,0.62354040108360742,0.0387
125,56,A,A,A,A,A,A,A,A,A,A,A,A,V,V,V,A,L,L,V,I,V,V,V,V,V,V,V,A,V,V,I,V,V,V,V,V,I,I,V,V,V,A,1.0,,,1.0,0.0002
126,57,M,M,M,M,M,M,M,M,M,L,L,L,L,L,L,L,L,L,L,L,L,L,L,L,L,L,L,L,L,L,L,L,L,L,L,L,L,L,L,L,L,M,0.80930785033242558,L,0.72369214966757456,0.74898109359185283,0.9971
127,58,G,G,G,G,G,G,G,G,G,G,G,G,E,E,G,G,G,G,G,G,A,A,A,A,A,A,A,S,G,A,G,G,G,G,G,G,G,G,G,G,G,G,1.0,,,1.0,0.0137
128,59,M,M,M,M,M,M,V,M,M,M,M,M,M,M,M,M,M,M,M,M,M,M,M,M,M,M,M,V,M,M,M,M,M,M,M,M,M,M,M,V,M,M,0.96097817927572615,,,0.91953901210824418,0.3798
129,60,M,M,L,M,M,M,M,V,I,V,V,V,V,V,I,V,V,V,V,I,L,L,L,L,L,L,L,L,A,A,L,L,L,L,L,L,L,L,L,L,L,V,0.73833028615938767,,,0.65169368654069315,0.3103
130,61,E,E,E,E,E,E,E,E,E,E,G,E,Q,Q,Q,Q,Q,Q,Q,K,Q,Q,Q,Q,Q,Q,Q,Q,Q,Q,L,L,Q,Q,Q,Q,Q,Q,Q,Q,Q,E,0.90681386635606342,,,0.82487594438971767,0.0367
131,62,L,L,L,L,L,L,L,L,L,L,L,L,L,L,L,L,L,L,M,L,L,L,L,L,M,L,L,S,M,L,P,P,L,L,L,L,L,L,L,L,L,L,1.0,,,1.0,0.1228
132,63,G,G,G,G,G,G,G,G,G,G,G,G,G,G,G,G,G,G,G,G,T,T,T,T,T,T,T,G,G,G,G,G,G,G,G,G,G,G,G,G,G,G,1.0,,,1.0,0.0821
133,64,A,A,A,A,A,A,A,A,A,A,A,A,A,A,A,A,A,A,A,A,T,T,T,T,T,T,T,A,A,A,A,A,A,A,A,A,A,A,A,A,A,A,1.0,,,1.0,0.0821
134,65,Q,Q,Q,Q,Q,Q,Q,R,H,R,R,R,K,K,K,K,K,K,K,R,G,G,A,G,A,A,G,A,Y,A,H,H,D,D,D,D,D,D,D,D,D,R,0.72697217846238371,Q,0.7001463456391136,0.66584492039631904,0.0
135,66,G,G,G,G,G,G,G,G,G,G,G,G,G,G,G,G,G,G,G,G,G,G,G,G,G,G,G,G,G,G,G,G,G,G,G,G,G,G,G,G,G,G,1.0,,,1.0,1.0
136,67,S,S,S,S,S,S,S,S,T,S,V,S,K,K,R,K,K,K,K,A,E,E,E,E,K,K,N,T,A,K,E,D,R,R,R,R,K,R,K,K,K,S,0.83491802313615082,,,0.70144564182203972,0.0012
137,68,T,T,T,T,T,T,T,T,T,S,S,S,A,A,A,A,A,A,A,A,T,T,T,T,T,T,T,T,T,T,T,T,T,T,T,T,T,T,T,T,T,T,0.7549993794420885,,,0.67749176906876141,0.8151
138,69,Q,L,L,Q,Q,R,L,L,L,L,L,L,Q,Q,Q,Q,Q,Q,H,L,Q,Q,C,R,R,R,R,L,L,L,R,R,K,K,K,K,K,K,K,K,K,L,0.82102170049513679,,,0.67543465920246415,0.0002
139,70,K,K,K,K,K,K,K,K,K,K,E,Q,Q,Q,Q,Q,Q,Q,Q,S,Q,Q,R,Q,R,Q,E,D,K,R,K,R,K,K,K,K,K,K,K,K,K,K,0.82822169312243443,,,0.70637462437378695,0.1177
140,71,E,E,E,E,E,E,E,E,E,E,Q,E,Q,Q,Q,Q,Q,Q,Q,Q,Q,Q,Q,Q,Q,Q,Q,Q,L,A,Q,Q,Q,Q,Q,Q,Q,Q,Q,Q,Q,E,0.91721965127963623,,,0.84443146393286561,0.0673
141,72,I,I,I,I,I,I,I,I,I,I,I,I,I,I,I,I,I,I,I,I,I,I,I,I,I,I,I,I,L,L,V,L,L,L,L,L,L,L,L,L,L,I,1.0,,,1.0,0.0056
142,73,R,R,R,R,R,R,R,R,R,R,R,R,R,R,R,R,L,M,R,Q,Q,Q,Q,Q,Q,Q,Q,R,A,N,L,L,A,A,T,T,S,S,T,T,M,R,1.0,,,1.0,0.0
143,74,H,H,H,H,H,H,H,H,H,H,K,Q,Q,Q,Q,K,K,Q,K,Q,A,A,E,E,D,D,A,K,S,S,T,N,M,M,T,T,T,T,T,T,T,H,0.83795355697500384,,,0.7214710422503835,0.0
144,75,S,S,S,S,S,S,S,S,S,V,V,A,T,T,T,T,T,T,A,A,A,A,A,A,A,A,A,A,K,A,A,G,V,V,V,V,V,V,V,M,V,S,0.72030208873950496,,,0.58046727114604479,0.0558
145,76,M,M,M,M,M,M,M,M,L,L,A,V,L,L,L,L,L,L,L,L,M,M,M,M,M,M,M,L,M,M,L,L,M,M,M,M,M,M,M,M,M,M,0.71838199133254155,,,0.57046574586855137,1.0
146,77,G,G,G,G,G,G,G,G,G,G,G,G,K,K,K,K,R,R,R,K,G,G,Q,Q,G,G,E,N,G,G,R,K,R,R,R,R,R,R,R,R,R,G,1.0,,,1.0,0.0
147,78,Y,Y,Y,Y,Y,Y,Y,Y,F,Y,F,Y,Q,Q,L,F,M,M,L,L,F,F,F,F,F,F,Y,Y,Y,F,Y,Y,Y,Y,Y,Y,Y,Y,Y,Y,Y,Y,0.91984372693210892,F,0.74715627306789101,0.864592493426246,0.0217
148,79,D,D,D,D,D,E,E,E,D,D,S,S,Q,Q,Q,Q,R,Q,Q,Q,K,K,Q,K,K,N,S,G,S,S,K,K,G,G,G,G,N,N,G,S,K,D,0.7058918477011461,,,0.58077216512782193,0.0007
149,80,S,S,S,S,S,G,S,G,S,K,H,H,E,E,E,D,G,K,E,G,I,I,I,I,V,I,I,H,L,L,K,K,V,V,V,V,V,V,V,V,I,,,,,0.46506851338962485,0.0096
150,81,L,L,L,L,L,L,L,L,L,L,L,F,T,T,N,T,T,T,D,N,D,D,D,E,N,S,E,K,Q,L,-,-,-,-,-,-,-,-,-,-,-,L,0.92140782676637112,,,0.8509283126605196,0.0
151,82,K,K,K,K,K,K,K,K,K,K,V,R,S,S,S,S,P,S,S,Q,D,D,E,E,E,E,E,E,E,A,-,-,-,-,-,-,-,-,-,-,-,K,0.80636504383863616,,,0.65545229796679882,0.0
152,83,N,N,N,N,N,G,S,D,N,N,S,E,A,A,T,T,A,T,I,D,K,K,K,K,K,R,K,W,R,R,N,N,N,N,N,N,N,N,N,N,N,,,,,0.52826790288505798,0.1893
153,84,G,G,G,G,G,G,G,G,G,G,G,D,G,G,G,G,G,G,G,S,G,G,G,G,G,G,G,A,G,G,G,G,G,G,G,G,G,G,G,G,E,G,0.91152851043118699,,,0.83218947016193567,0.7047
154,85,E,D,E,E,E,E,E,E,E,E,G,E,E,E,E,E,E,E,E,E,M,M,M,M,T,T,L,V,M,M,P,P,V,V,V,V,V,V,F,V,V,E,0.87978778160129112,,,0.77814860568951094,0.0002
155,86,E,E,E,E,E,E,E,E,E,E,E,E,E,E,E,E,E,E,E,E,A,A,A,A,A,A,A,A,P,S,Y,Y,G,G,G,G,G,G,G,G,A,E,1.0,,,1.0,0.0
156,87,F,F,F,F,F,F,F,F,F,F,F,F,F,F,F,F,F,F,F,F,P,P,P,P,H,P,P,L,K,R,K,K,K,K,K,K,K,K,K,K,K,F,1.0,,,1.0,0.0
157,88,S,S,S,S,S,S,S,S,T,S,S,S,F,F,S,S,S,S,S,S,A,A,A,A,A,A,A,A,L,Q,M,M,I,I,M,V,V,V,V,A,S,S,0.94876041640449338,,,0.89573599730932274,0.0
158,89,F,F,F,F,F,F,F,F,F,L,L,L,V,V,V,E,V,V,A,E,L,L,L,F,L,L,L,L,Q,Q,L,L,L,L,L,L,L,L,L,L,L,F,0.78235778207105522,,,0.71350518818941633,0.0519
159,90,L,L,L,L,L,L,L,L,L,L,L,L,L,L,L,L,L,L,L,L,R,R,R,H,R,R,R,N,R,R,K,R,K,K,K,K,K,K,K,K,K,L,1.0,,,1.0,0.0
160,91,K,K,K,K,K,R,R,K,K,K,Q,R,K,K,K,K,K,K,K,K,H,H,Q,R,Q,K,K,K,L,L,K,K,K,K,K,K,K,K,K,K,K,K,0.79784055538460419,,,0.69935041729250802,0.5733
161,92,E,D,D,E,E,D,D,D,D,D,N,N,S,S,S,S,S,S,S,T,L,L,L,L,L,L,L,L,L,L,L,L,I,I,I,I,I,I,I,I,I,D,0.78285751281174754,,,0.67416804955180121,0.0001
162,93,F,F,L,F,F,F,F,L,L,L,L,L,F,F,F,F,L,L,L,L,Y,Y,Y,Y,S,S,Y,R,Q,H,H,H,N,N,N,N,N,N,N,N,N,L,0.80919379134311376,,,0.72745721228224502,0.0
163,94,S,S,S,S,S,S,S,S,S,S,T,S,F,F,F,F,F,F,L,L,K,K,K,K,K,K,K,E,R,R,K,K,K,K,K,K,K,K,K,R,R,S,0.90681386635606342,,,0.82487594438971767,0.0
164,95,N,N,H,N,N,N,S,D,D,N,A,Q,S,S,S,S,S,S,S,A,E,E,E,E,E,E,E,Q,D,D,T,S,A,A,A,A,A,A,A,L,A,,,,,0.45380350084300819,0.2795
165,96,M,M,M,M,M,M,M,M,M,M,P,A,A,A,A,A,A,A,A,V,L,L,L,L,L,L,L,I,L,L,L,L,I,I,I,I,I,I,I,I,I,M,0.76766915205151776,,,0.60902964975557494,0.0442
166,97,V,V,V,V,V,A,V,I,A,L,L,L,I,I,I,I,I,I,M,I,M,M,M,M,M,M,M,S,A,S,T,T,V,V,V,G,V,V,V,V,V,,,,,0.56391544920605163,0.2453
167,98,T,T,T,T,T,S,S,T,T,T,A,S,S,S,S,S,S,S,P,S,G,G,G,G,G,G,A,G,S,S,A,T,S,S,S,S,S,S,S,S,A,T,0.73815100743708828,,,0.61990049271737668,0.2429
168,99,A,A,A,A,A,A,A,T,T,A,D,T,E,E,E,E,K,K,P,E,P,P,P,P,P,S,P,Q,-,E,K,K,K,K,K,K,K,K,K,K,K,A,0.71971764287058104,,,0.58890123881110223,0.0015
169,100,K,K,E,K,K,E,E,E,E,Q,K,D,K,K,K,K,K,K,K,E,W,W,W,W,W,W,W,Q,-,D,A,S,K,K,K,K,K,K,K,K,K,,,,,0.56758809873190197,0.1128
170,101,E,E,E,E,E,E,E,E,E,E,E,E,K,K,K,K,K,K,R,N,N,N,N,N,N,N,N,K,-,G,N,N,N,N,N,N,N,N,N,N,N,E,1.0,,,1.0,0.0
171,102,S,S,S,S,S,N,G,N,S,K,A,E,Q,Q,Q,Q,Q,Q,Q,K,K,K,K,K,K,K,K,S,E,V,Q,A,K,K,K,K,K,K,K,K,K,,,,,0.43145957758260589,0.8689
172,103,Q,Q,Q,Q,Q,Q,Q,H,H,H,H,Q,E,E,E,E,E,E,G,E,D,D,D,D,N,N,D,A,D,E,D,D,D,D,D,D,D,D,D,D,D,Q,0.80119833190294498,H,0.73180166809705516,0.74598667986626643,0.0044
173,104,Y,Y,Y,Y,Y,Y,Y,Y,Y,Y,H,Y,F,F,F,F,F,F,F,F,E,E,E,E,E,E,E,E,G,T,S,I,I,I,I,I,I,I,I,I,I,Y,0.93787591090404221,,,0.88325062959314493,0.0
174,104a,-,-,-,-,-,-,-,-,-,-,-,-,-,-,-,-,-,-,-,-,-,-,-,-,-,-,-,D,-,-,-,-,-,-,-,-,-,-,-,-,-,,,,,0.0,1.0
175,104b,-,-,-,-,-,-,-,-,-,-,-,-,-,-,-,-,-,-,-,-,-,-,-,-,-,-,-,P,-,-,-,-,-,-,-,-,-,-,-,-,-,,,,,0.0,1.0
176,104c,-,-,-,-,-,-,-,-,-,-,-,-,-,-,-,-,-,-,-,-,-,-,-,-,-,-,-,K,-,-,-,-,-,-,-,-,-,-,-,-,-,,,,,0.0,1.0
178,105,V,V,V,V,V,V,V,V,V,V,V,V,T,T,T,T,T,T,T,T,-,-,-,-,-,-,-,P,-,-,-,-,-,-,-,-,-,-,-,-,-,V,1.0,,,1.0,0.0
179,106,M,M,M,M,M,M,M,M,L,L,V,V,F,F,F,F,F,F,F,F,I,I,I,I,I,I,F,V,V,-,L,V,V,V,V,V,V,V,V,V,V,M,0.74944403588052044,,,0.64922067595434552,0.0197
180,107,K,K,K,K,K,K,K,K,N,S,R,R,N,N,N,N,N,N,N,N,S,S,S,S,S,S,S,H,E,-,L,T,T,T,M,T,T,T,T,T,T,K,0.75027130583932089,,,0.61618652516662831,0.0001
181,108,I,I,I,I,I,L,I,M,M,I,F,L,L,L,L,L,L,L,L,L,T,T,T,T,T,T,T,I,V,-,I,I,V,V,V,V,V,V,V,I,S,,,,,0.57789458982780562,0.0867
182,109,A,A,A,A,A,A,A,A,A,A,A,A,A,A,A,A,A,A,A,A,T,T,A,A,A,A,A,A,A,A,A,A,A,A,A,A,A,A,A,A,A,A,1.0,,,1.0,0.5224
183,110,N,N,N,N,N,N,N,N,N,N,N,N,N,N,N,N,S,S,N,N,D,D,D,D,D,D,N,D,S,S,N,N,N,N,N,N,N,N,N,N,N,N,1.0,,,1.0,0.0171
184,111,S,S,S,S,S,S,S,S,S,S,I,S,A,A,A,A,A,A,A,A,A,A,A,A,A,A,A,G,G,A,A,A,A,A,A,A,A,A,A,A,G,S,0.88615760673165744,,,0.78605677872943813,0.0927
185,112,L,L,L,L,L,L,L,L,L,L,L,L,L,L,L,L,L,L,L,L,I,I,I,I,I,I,I,L,V,V,M,L,V,V,V,V,V,V,M,V,V,L,1.0,,,1.0,0.0
186,113,F,F,F,F,F,F,F,L,Y,Y,F,F,Y,Y,Y,Y,Y,Y,Y,Y,F,F,F,F,F,F,F,F,M,M,F,F,F,F,F,F,F,F,F,F,F,F,0.89407670704449016,,,0.80332509003591235,0.4182
187,114,V,V,V,V,V,V,V,V,V,L,L,L,L,L,L,L,L,L,L,L,V,V,V,V,V,V,I,V,V,V,T,P,V,V,V,V,L,V,A,A,A,V,0.78235778207105522,,,0.71350518818941633,0.1585
188,115,Q,Q,Q,Q,Q,Q,Q,Q,Q,Q,Q,Q,Q,Q,Q,Q,Q,Q,Q,Q,Q,Q,Q,Q,Q,Q,Q,Q,D,E,K,N,K,K,K,K,R,R,K,K,S,Q,1.0,,,1.0,0.0056
189,116,N,N,N,N,N,N,N,N,N,N,Q,S,E,E,E,E,E,E,E,E,R,R,R,R,R,R,R,R,R,R,E,E,N,N,N,N,N,N,N,S,S,N,0.80793659186367739,,,0.66471752192646449,0.0069
190,117,G,G,G,G,G,G,G,G,G,G,G,G,G,G,G,G,G,G,G,G,D,D,D,D,D,D,D,D,K,K,G,G,A,A,D,G,G,G,G,G,V,G,1.0,,,1.0,0.004
191,118,F,F,F,F,F,F,F,F,F,F,V,V,F,F,F,F,F,F,F,F,L,L,L,L,L,L,M,L,I,M,F,F,S,S,S,F,F,F,F,F,F,F,0.79805727552849326,,,0.6867391691926138,0.2369
192,119,H,H,H,H,H,H,H,H,H,H,T,H,T,T,T,T,I,I,L,Q,K,K,K,E,E,E,E,S,I,S,P,S,E,E,K,K,K,K,K,K,K,H,0.88615760673165744,,,0.78605677872943813,0.0
193,120,V,V,I,V,V,V,I,V,V,I,F,F,V,V,V,V,V,V,V,V,L,L,L,L,L,L,L,L,L,L,M,M,I,I,M,M,M,V,M,M,M,,,,,0.58765450309994371,0.6454
194,121,N,N,S,N,-,N,N,S,S,S,N,N,K,K,K,K,K,K,K,K,V,V,V,V,V,V,V,T,E,E,K,K,E,E,E,E,E,E,E,E,E,N,0.72454145575802942,,,0.58485537277863442,0.0033
195,122,E,E,E,E,K,E,E,D,E,D,P,E,E,E,E,E,E,E,E,E,Q,Q,H,H,Q,Q,Q,P,K,K,E,E,V,V,V,V,V,V,V,V,S,E,0.75861139390591736,,,0.59357219673021777,0.0453
196,123,E,E,E,E,E,E,E,Q,K,K,E,D,Q,Q,Q,Q,T,S,H,Q,G,G,G,G,G,G,G,G,V,G,A,D,P,P,P,P,P,P,P,P,S,E,0.78410646548001717,,,0.64322367994055352,0.0
197,124,F,F,F,F,F,F,F,F,F,F,F,F,Y,Y,Y,Y,Y,Y,Y,Y,F,F,F,F,F,F,F,F,F,Y,F,F,F,F,F,F,F,F,F,F,F,F,1.0,,,1.0,0.0368
198,125,L,L,L,L,L,L,L,L,L,I,L,L,L,L,L,L,L,L,L,L,M,M,M,M,M,M,M,L,R,R,V,L,V,V,V,V,A,A,V,V,V,L,0.94373030402504798,,,0.88802594804749591,0.0005
199,126,Q,Q,Q,Q,Q,Q,Q,Q,Q,Q,H,Q,H,H,H,H,H,H,H,H,P,P,P,P,P,P,P,Q,R,R,A,S,T,T,T,T,V,A,T,T,Y,Q,0.92747012598046941,,,0.86369511004999688,0.0
200,127,M,M,M,M,M,M,M,M,L,L,L,L,G,G,S,G,S,S,S,S,H,H,H,N,H,H,Y,R,S,A,T,A,R,R,R,R,R,R,R,R,K,M,0.76942637443392292,L,0.76357362556607722,0.7402916305920656,0.0
201,128,M,L,I,M,M,L,M,M,V,M,M,M,N,N,N,N,N,N,N,N,F,F,F,F,F,F,F,F,L,L,N,N,N,N,N,N,N,N,N,N,N,M,0.85444543222331437,,,0.74136770357260218,0.0011
202,129,K,K,K,K,K,K,K,K,K,K,K,K,K,K,K,K,K,K,K,R,F,F,F,F,F,F,F,Q,S,V,K,R,K,K,K,K,K,K,K,K,K,K,1.0,,,1.0,0.0095
203,130,K,K,K,K,K,M,M,K,K,K,K,K,E,E,E,E,E,E,D,D,R,R,R,R,K,K,K,A,K,K,A,E,D,D,D,D,D,E,D,E,D,K,0.87920379430168683,,,0.77182887458329819,0.0002
204,131,Y,Y,Y,Y,Y,Y,Y,Y,Y,Y,Y,Y,F,F,F,F,F,F,F,V,L,L,L,L,L,L,V,T,A,A,N,N,V,V,V,V,V,V,V,V,V,Y,1.0,,,1.0,0.0
205,132,F,F,F,F,F,F,F,F,F,F,F,F,F,F,F,F,F,F,F,F,F,F,F,F,F,F,F,F,F,F,F,F,F,F,F,F,F,F,F,F,F,F,1.0,,,1.0,1.0
206,133,N,K,N,N,-,N,N,Q,K,K,K,R,Q,Q,Q,Q,Q,Q,Q,N,R,R,R,R,Q,R,R,H,Q,Q,Q,L,Q,Q,Q,Q,Q,Q,Q,E,H,,,,,0.48884572486483424,0.7686
207,134,A,A,A,A,A,A,A,A,A,A,A,A,S,S,S,S,S,S,S,S,S,S,T,T,T,T,S,R,S,T,C,C,C,C,C,C,C,C,C,C,S,A,1.0,,,1.0,0.0
208,135,A,E,E,A,E,E,E,E,E,E,H,E,A,A,A,A,A,A,A,A,T,T,T,T,M,T,M,H,V,H,E,E,E,E,E,E,E,E,E,S,D,E,0.84691774193060776,,,0.71664488817020655,0.0018
209,136,V,V,V,V,V,V,V,V,V,V,V,V,I,I,I,I,T,T,V,I,V,V,V,V,V,V,I,L,P,P,S,S,V,V,V,V,V,V,V,V,V,V,1.0,,,1.0,0.006
210,137,N,N,N,N,N,N,N,D,E,E,E,E,K,K,K,K,K,K,K,K,K,K,K,K,K,K,K,S,H,H,R,H,R,R,R,Q,Q,Q,R,K,R,E,0.71212386664251359,,,0.64357608477801254,0.0573
211,138,H,H,H,H,-,H,H,H,N,N,M,T,L,L,L,L,L,L,L,L,Q,Q,Q,Q,Q,Q,Q,Q,Q,Q,S,S,N,N,N,N,N,S,N,S,S,,,,,0.39190921066980161,0.4191
212,139,V,V,V,V,V,V,V,V,I,V,V,V,V,V,V,V,V,V,V,V,V,V,V,V,V,V,V,V,I,V,L,V,V,V,A,V,V,V,L,V,V,V,0.96584027760299551,,,0.93049066487288201,0.2299
213,140,D,D,D,D,D,D,D,D,D,D,D,D,D,D,D,D,D,D,D,D,D,D,D,D,D,D,D,N,D,D,D,D,N,N,N,S,N,N,N,D,D,D,1.0,,,1.0,0.0561
214,141,F,F,F,F,S,F,F,F,F,F,F,F,F,F,F,F,F,F,F,F,F,F,F,F,F,F,F,F,F,F,F,Y,F,F,F,F,F,F,F,F,F,F,0.94247408263039723,,,0.88121758803861472,0.7246
215,142,S,S,S,S,S,S,S,S,S,S,S,S,Q,Q,Q,Q,L,L,Q,Q,S,S,S,S,S,S,T,T,S,T,R,S,E,E,E,E,Q,Q,D,E,Q,S,1.0,,,1.0,0.0
216,143,Q,Q,Q,Q,Q,Q,E,Q,Q,Q,Q,Q,D,D,D,N,D,D,D,D,E,E,E,E,E,E,E,D,Q,R,H,D,D,D,D,D,D,D,N,D,E,Q,0.96097817927572615,,,0.91953901210824418,0.0
218,144,N,N,N,N,N,N,N,N,S,G,S,S,A,A,A,A,A,A,A,V,V,V,V,V,V,V,G,V,P,P,P,P,P,P,P,P,P,P,K,P,K,,,,,0.60365779043916545,0.0007
219,145,V,I,V,V,V,V,V,E,A,S,A,T,K,K,K,K,K,K,K,K,E,E,E,E,E,E,E,A,E,E,S,E,A,A,A,A,A,A,I,N,N,,,,,0.45153773688319915,0.152
220,146,A,A,A,A,G,A,A,A,A,T,A,A,A,A,T,A,T,T,S,A,R,R,R,R,R,R,R,Q,M,Q,K,A,S,S,S,S,S,S,S,T,T,A,0.90058586599784585,,,0.80680967159424233,0.0
221,147,V,V,V,V,V,V,V,V,V,V,V,V,C,C,S,C,S,S,C,S,A,A,A,A,A,A,A,A,A,A,A,A,A,A,A,A,A,A,A,A,A,V,1.0,,,1.0,0.0001
222,148,A,A,A,A,A,A,A,A,A,A,A,A,A,A,A,A,A,A,A,A,R,R,R,R,R,R,R,K,R,V,A,A,C,C,C,C,S,C,S,C,A,A,1.0,,,1.0,0.0
223,149,N,N,N,N,N,N,N,S,T,N,K,E,E,G,E,E,Q,Q,E,E,F,F,F,F,F,F,F,D,Q,G,D,Q,D,D,A,D,E,D,D,D,S,N,0.71945180572445777,,,0.54667612569362478,0.0088
224,150,Y,L,Y,Y,Y,S,Y,H,H,H,Q,R,M,M,T,T,A,A,A,T,I,I,I,I,I,I,I,I,V,V,D,S,S,S,S,S,S,A,S,S,I,,,,,0.44982564795771779,0.0347
225,151,I,I,I,I,I,I,I,I,I,I,I,I,I,I,I,I,I,I,I,I,I,I,V,V,I,I,M,I,I,I,I,I,I,I,I,I,I,I,I,I,I,I,1.0,,,1.0,0.3634
226,152,N,N,N,N,N,N,N,N,N,N,N,N,S,S,S,S,S,S,S,S,N,N,N,N,N,N,N,N,N,N,N,N,N,N,N,N,N,N,N,N,N,N,1.0,,,1.0,0.0557
227,153,K,K,K,K,K,K,K,K,K,M,T,S,T,T,T,N,T,T,T,E,D,D,D,D,D,D,D,Q,S,E,E,D,A,A,A,V,F,F,L,Q,Q,,,,,0.51640312228484231,0.0014
228,154,W,W,W,W,W,W,W,W,W,W,W,W,W,W,W,W,W,W,W,W,W,W,W,W,W,W,W,W,W,W,W,W,W,W,W,W,W,W,W,W,W,W,1.0,,,1.0,1.0
229,155,V,V,V,V,V,V,V,V,V,V,V,V,V,V,V,V,V,V,V,V,V,V,V,V,V,V,V,V,T,V,V,V,V,V,V,V,V,V,V,V,V,V,1.0,,,1.0,0.7213
230,156,E,E,E,E,E,E,E,E,E,E,E,L,E,E,E,E,E,E,E,Q,K,K,K,K,E,E,Q,E,S,S,S,K,K,K,R,R,K,K,K,K,K,E,0.86242683372049567,,,0.73905462610181039,0.0109
231,157,N,N,N,N,N,N,N,N,N,N,N,N,R,R,S,S,S,S,N,R,T,T,R,R,R,R,R,N,D,D,N,N,N,N,N,N,N,N,N,N,N,N,1.0,,,1.0,0.0012
232,158,N,N,N,N,N,Y,Y,H,H,H,H,H,K,K,K,K,K,K,K,Q,H,H,H,H,H,H,H,K,H,H,K,S,E,E,E,E,E,E,E,E,Q,H,0.77409024304528251,,,0.64400041125713092,0.0069
233,159,T,T,T,T,T,T,T,T,T,T,T,T,T,T,T,T,T,T,T,T,T,T,T,T,T,T,T,T,T,T,T,T,T,T,T,T,T,T,T,T,T,T,1.0,,,1.0,1.0
234,160,N,N,N,N,D,N,N,N,N,N,E,E,D,D,D,D,D,D,D,H,K,K,K,K,K,K,K,D,D,A,K,K,R,R,Q,R,R,R,R,R,N,N,0.78001573433975246,,,0.67457135972897775,0.0002
235,161,N,N,S,N,N,S,S,S,N,N,S,S,G,G,G,G,G,G,G,G,G,G,G,G,G,G,G,G,G,G,G,G,D,D,G,G,G,G,G,G,G,S,0.7612233440757834,,,0.68017404954984129,0.4813
236,162,L,L,L,L,L,L,L,Q,M,R,M,K,K,K,K,K,K,K,K,K,M,M,M,M,M,M,M,M,M,A,H,Q,M,M,M,M,M,M,M,M,M,,,,,0.44446927797423874,0.7872
237,163,V,L,L,V,V,L,L,V,I,I,I,I,I,I,I,I,I,I,I,I,I,I,I,I,I,I,I,I,I,I,I,I,I,I,I,I,I,I,I,I,I,I,0.75926619701859299,,,0.66097026075307275,1.0
238,164,K,K,K,K,K,K,K,K,K,R,R,Q,K,K,K,K,K,K,K,S,S,S,G,S,N,S,S,K,S,P,P,P,D,D,D,D,D,D,D,D,E,K,0.81705507277363876,,,0.71356285617162951,0.0011
239,165,D,D,D,D,D,D,D,D,D,D,E,N,D,D,D,D,N,N,S,K,N,N,N,D,D,D,N,D,E,D,S,S,N,N,S,N,N,N,N,Q,G,D,0.85928373767041333,,,0.75114549611823489,0.0115
240,166,L,L,L,L,L,L,L,L,F,L,L,L,M,M,M,M,M,M,M,M,L,L,L,L,L,L,L,L,F,F,L,V,L,L,L,L,L,L,L,V,L,L,0.95448216990599155,,,0.90737881094311501,0.0082
241,167,V,V,V,V,V,V,V,V,V,V,M,V,F,F,F,F,F,F,F,F,L,L,L,L,L,L,L,V,L,L,V,V,L,L,L,L,L,L,I,V,I,V,0.91721965127963623,,,0.84443146393286561,0.0
242,168,S,S,S,S,S,S,S,S,S,T,S,S,S,S,S,S,S,S,S,S,G,G,G,G,A,A,E,G,P,Q,K,T,S,S,S,S,S,S,S,A,S,S,0.9366570026548382,,,0.87395041056003275,0.0131
243,169,P,P,P,P,P,P,P,A,S,A,A,A,G,G,G,G,E,E,T,S,K,K,R,E,K,K,E,S,S,S,A,A,P,P,P,P,P,P,P,P,P,,,,,0.61781493894150563,0.0041
244,170,R,R,R,R,R,E,G,R,R,D,E,E,E,E,E,E,E,E,E,G,G,G,G,G,G,G,G,N,G,G,D,D,D,D,D,N,N,N,D,D,E,,,,,0.54414010948710778,0.2572
245,171,D,D,D,D,D,D,D,D,D,D,D,D,E,E,D,E,E,D,D,D,A,A,A,A,A,A,T,N,V,S,M,M,L,L,L,L,L,L,L,D,L,D,1.0,,,1.0,0.0
246,172,F,F,F,F,F,F,F,F,F,F,V,F,F,F,F,F,F,F,F,F,V,V,V,V,V,V,V,I,L,L,L,F,I,I,L,I,I,I,I,I,L,F,0.8964080814324904,,,0.80532042484656918,0.0013
247,173,D,D,D,D,D,D,D,S,S,T,S,S,G,G,G,G,G,G,G,T,D,D,D,D,D,N,D,P,S,T,D,D,D,D,N,D,D,D,D,D,D,,,,,0.56443826421601229,0.4562
248,173a,-,-,-,-,-,-,-,-,-,-,-,-,-,-,-,-,-,-,-,-,-,-,-,-,-,-,-,-,-,-,S,T,G,G,G,G,G,S,D,-,S,,,,,0.0,1.0
249,174,A,A,A,A,A,G,A,A,A,N,G,S,P,P,P,P,P,P,P,P,Q,Q,Q,Q,E,E,Q,P,E,D,A,A,V,V,V,A,A,A,R,S,S,A,0.70125592648963397,,,0.55526702478140288,0.0153
250,175,A,G,V,A,A,V,V,L,L,L,I,S,L,L,L,L,L,L,L,L,L,L,L,L,L,L,L,L,L,E,L,L,L,L,L,L,L,L,L,L,V,,,,,0.41568796797171642,0.9991
251,176,T,T,T,T,T,T,T,T,T,T,T,T,T,T,T,T,T,T,T,T,T,T,T,T,T,T,T,T,T,T,T,T,T,T,T,T,T,T,T,T,T,T,1.0,,,1.0,1.0
252,177,Y,H,H,Y,Y,N,H,N,H,K,R,M,R,R,R,R,R,R,R,K,R,R,R,R,R,R,K,R,R,R,R,R,R,R,R,R,R,K,R,R,R,,,,,0.40309497512759696,1.0
253,178,L,L,L,L,L,L,L,L,L,L,L,I,L,L,L,L,L,L,L,M,L,L,L,L,L,L,M,L,L,L,L,L,L,L,L,L,L,L,L,L,L,L,0.92140782676637112,,,0.8509283126605196,0.8257
254,179,A,A,A,A,A,A,A,A,V,V,M,M,V,V,V,V,V,V,V,V,V,V,M,V,V,V,V,V,V,V,V,V,V,V,V,V,V,V,V,V,V,,,,,0.55240834294834917,1.0
255,180,L,L,L,L,L,L,L,L,L,L,L,L,L,L,L,L,L,L,L,L,L,L,L,L,L,L,L,L,F,L,A,A,L,L,L,L,L,L,V,L,L,L,1.0,,,1.0,0.2583
256,181,I,I,I,I,I,I,I,I,I,V,V,V,V,V,V,V,V,V,V,V,V,V,V,V,V,V,V,L,L,L,V,V,V,V,V,V,V,V,V,V,V,I,0.8366662529613923,V,0.76333374703860768,0.78499451271250753,0.5375
257,182,N,N,N,N,N,N,N,N,N,N,N,N,N,N,N,N,N,N,N,N,N,N,N,N,N,N,N,S,N,N,N,N,N,N,N,N,N,N,N,N,N,N,1.0,,,1.0,0.7275
258,183,A,A,A,A,A,A,A,A,A,A,A,A,A,A,A,A,A,A,A,A,A,A,A,A,A,A,A,A,A,A,S,S,A,A,A,A,A,A,A,A,A,A,1.0,,,1.0,0.5234
259,184,V,V,V,V,V,V,V,V,I,M,I,V,I,I,I,I,I,I,I,L,L,L,L,L,L,L,L,V,L,L,I,I,V,V,V,V,V,V,I,V,L,V,0.8474464925320857,,,0.75172084337219003,0.0141
260,185,Y,Y,Y,Y,Y,Y,Y,Y,Y,Y,Y,Y,Y,Y,Y,Y,Y,Y,Y,Y,Y,Y,Y,Y,Y,Y,Y,H,H,S,Y,F,Y,Y,Y,Y,Y,Y,Y,Y,Y,Y,1.0,,,1.0,0.2598
261,186,F,F,F,F,F,F,F,F,F,F,F,F,F,F,F,F,F,F,F,F,F,F,F,F,F,F,F,F,F,F,F,F,F,F,F,F,F,F,F,F,F,F,1.0,,,1.0,1.0
262,187,K,K,K,K,K,K,K,K,K,K,R,R,K,K,K,K,K,K,K,K,N,N,N,N,S,N,K,S,H,Q,K,K,K,K,K,K,K,K,K,K,K,K,0.87889491785816687,R,0.72110508214183322,0.81213743279916872,0.1352
263,188,G,G,G,G,G,G,G,G,G,G,G,G,G,G,G,G,G,G,G,G,G,G,G,G,G,G,G,G,G,A,G,G,G,G,G,G,G,G,G,G,G,G,1.0,,,1.0,0.7262
264,189,N,N,S,N,N,N,N,N,N,N,S,S,D,D,D,D,D,D,N,E,Q,Q,Q,Q,Q,Q,Q,K,V,P,L,L,L,L,L,L,L,L,L,L,L,N,0.77702479766523735,,,0.68827437311725193,0.0
265,190,W,W,W,W,W,W,W,W,W,W,W,W,W,W,W,W,W,W,W,W,W,W,W,W,W,W,W,W,W,W,W,W,W,W,W,W,W,W,W,W,W,W,1.0,,,1.0,1.0
266,191,K,K,K,K,K,K,K,K,K,K,K,K,K,K,K,K,K,K,K,K,K,K,K,K,K,K,K,T,K,K,K,K,K,K,R,K,K,K,K,K,K,K,1.0,,,1.0,0.5244
267,192,S,S,S,S,S,S,S,S,S,S,I,N,Q,Q,Q,Q,Q,Q,K,Q,T,T,T,M,T,T,L,V,T,V,S,S,S,S,S,S,S,S,S,S,S,S,0.79768611716284432,,,0.64540292519712739,0.0344
268,193,Q,Q,Q,Q,Q,Q,Q,Q,Q,Q,Q,Q,K,K,K,K,K,K,K,K,P,P,P,P,P,P,P,P,P,P,R,R,R,R,R,R,R,R,R,R,R,Q,1.0,,,1.0,0.0
269,194,F,F,F,F,F,F,F,F,F,F,F,F,F,F,F,F,F,F,F,F,F,F,F,F,F,F,F,F,F,F,F,F,F,F,F,F,F,F,F,F,F,F,1.0,,,1.0,1.0
270,195,R,R,R,R,R,R,R,R,R,R,R,R,R,R,R,N,R,R,R,S,P,P,P,P,L,L,P,L,D,D,Q,Q,Q,Q,L,Q,Q,Q,Q,R,Q,R,1.0,,,1.0,0.0
271,196,P,P,P,P,P,P,P,P,P,P,P,P,K,K,K,K,K,K,E,V,D,D,E,E,E,E,T,E,P,P,A,P,P,P,P,P,P,P,P,P,P,P,1.0,,,1.0,0.0004
272,197,E,E,E,E,E,E,E,E,E,E,E,E,E,E,E,E,E,E,E,E,S,S,S,S,A,A,K,K,R,K,E,Q,E,E,E,E,E,E,E,E,E,E,1.0,,,1.0,0.016
273,198,N,N,N,N,N,N,N,N,N,N,N,N,D,D,D,D,D,D,E,A,S,S,G,N,S,S,G,A,N,R,D,S,N,N,N,N,S,N,N,N,N,N,1.0,,,1.0,0.0001
274,199,T,T,T,T,T,T,T,T,T,T,T,T,T,T,T,T,T,T,T,T,T,T,T,T,T,T,T,T,T,T,T,T,T,T,T,T,T,T,T,T,T,T,1.0,,,1.0,1.0
275,200,R,R,R,R,R,R,R,R,R,R,R,R,Q,Q,Q,Q,E,E,H,H,H,H,H,H,H,H,H,H,R,A,K,K,K,K,K,K,K,K,K,K,K,R,1.0,,,1.0,0.0
276,201,T,T,T,T,T,T,T,T,T,T,T,T,L,L,L,L,M,M,I,S,R,R,H,H,Q,Q,H,Q,E,E,M,P,K,K,K,K,K,K,K,K,K,T,1.0,,,1.0,0.0
277,202,F,F,F,F,F,F,F,F,F,F,F,F,I,I,T,M,T,T,S,E,R,R,R,R,R,R,R,R,Q,R,R,R,R,R,R,R,R,R,R,R,R,F,1.0,,,1.0,0.0001
278,203,S,S,S,S,S,S,S,S,S,S,S,S,N,N,N,N,D,D,D,E,L,L,L,L,L,L,L,P,L,M,P,S,T,T,T,T,T,T,T,P,T,S,1.0,,,1.0,0.0
279,204,F,F,F,F,F,F,F,F,F,F,F,F,F,F,F,F,F,F,F,F,F,F,F,F,F,F,F,F,F,F,F,F,F,F,F,F,F,F,F,F,F,F,1.0,,,1.0,1.0
280,205,T,T,T,T,T,T,T,T,T,T,S,T,T,T,T,T,T,S,T,S,H,H,H,H,H,H,H,Y,H,H,T,T,V,V,V,V,V,V,V,Y,H,T,0.90681386635606342,,,0.82487594438971767,0.0006
281,206,K,K,K,K,K,K,K,K,K,K,K,R,K,K,K,L,K,K,I,V,K,K,K,K,K,K,K,R,T,C,S,A,A,A,A,T,A,A,G,G,G,K,0.94101900695412466,,,0.88812631344129056,0.001
282,207,D,D,D,D,D,D,D,D,D,D,D,D,K,K,K,K,K,K,K,K,S,S,S,S,S,S,S,S,V,A,G,G,A,A,A,A,G,G,A,A,P,D,1.0,,,1.0,0.0
283,208,D,D,D,D,D,D,D,D,D,D,D,D,N,N,D,D,D,D,D,R,D,D,D,D,D,D,D,D,N,N,D,D,D,D,D,D,D,D,D,D,D,D,1.0,,,1.0,0.1784
284,209,E,E,E,E,E,E,E,E,E,E,G,G,G,G,G,G,G,G,G,G,G,G,G,G,G,G,G,G,G,G,G,G,G,G,G,G,G,G,G,G,G,E,0.8183423767872503,,,0.71820614919875292,0.8273
285,210,S,S,S,S,S,S,S,S,T,S,S,S,S,S,A,T,S,S,S,L,S,S,S,S,S,S,S,S,S,S,T,N,K,K,K,K,K,K,K,K,K,S,0.94876041640449338,,,0.89573599730932274,0.0044
286,211,E,E,E,E,E,E,E,E,E,E,E,E,T,T,A,A,T,T,I,T,T,T,T,T,T,T,T,H,A,T,V,T,S,S,S,S,S,S,S,T,D,E,1.0,,,1.0,0.0
287,212,V,V,V,V,V,V,V,A,V,V,V,V,V,V,V,V,V,V,I,V,V,V,V,I,V,I,V,V,V,V,H,Y,Y,Y,Y,Y,Y,Y,F,Y,Y,V,0.95234901253271431,,,0.90240411388089459,0.0077
288,213,Q,Q,Q,Q,Q,Q,Q,Q,Q,Q,Q,Q,K,K,K,K,K,K,K,K,S,S,S,S,S,S,S,Q,S,P,K,K,Q,Q,Q,Q,Q,Q,Q,Q,Q,Q,1.0,,,1.0,0.0003
289,214,I,I,I,I,I,I,I,I,I,I,T,T,I,I,I,I,V,I,V,V,V,V,V,V,V,V,V,V,V,V,V,V,V,V,V,V,V,V,V,V,V,I,0.8183423767872503,,,0.71820614919875292,0.6941
290,215,P,P,P,P,P,P,P,P,P,P,Q,L,P,P,P,P,P,P,P,P,P,P,P,P,P,P,P,Q,P,H,P,P,P,P,P,P,P,P,P,P,P,P,0.79805727552849326,,,0.64597867942788068,0.9932
291,216,M,M,M,M,M,M,M,M,M,M,M,M,M,M,M,M,M,M,M,M,M,M,M,M,M,M,M,M,M,M,M,M,M,M,M,M,M,M,M,M,M,M,1.0,,,1.0,1.0
292,217,M,M,M,M,M,M,M,M,M,M,M,M,M,M,M,M,M,M,M,M,M,M,M,M,M,M,M,M,M,M,M,M,L,L,L,L,L,L,L,L,L,M,1.0,,,1.0,0.0369
293,218,Y,Y,Y,Y,Y,Y,Y,Y,Y,Y,Y,Y,K,K,K,K,K,K,K,H,A,A,A,A,A,A,A,A,T,T,S,S,A,A,A,A,A,A,A,S,A,Y,1.0,,,1.0,0.0
294,219,Q,Q,Q,Q,Q,Q,Q,Q,Q,Q,Q,Q,A,A,A,A,A,A,M,L,Q,Q,Q,Q,Q,Q,Q,N,T,L,Q,Q,Q,Q,Q,Q,Q,Q,Q,Q,Q,Q,1.0,,,1.0,0.015
295,220,Q,Q,Q,Q,Q,Q,Q,Q,Q,K,Q,Q,L,L,L,L,L,L,Q,Q,T,T,T,T,S,N,T,T,T,T,L,L,L,L,L,L,L,L,L,L,L,Q,0.94373030402504798,,,0.88802594804749591,0.0
296,221,G,G,G,G,G,G,G,G,G,G,G,G,L,L,L,L,L,L,L,T,N,N,N,N,N,N,N,G,Q,N,S,S,S,S,S,S,S,S,A,S,S,G,1.0,,,1.0,0.0
297,222,E,E,E,E,E,E,E,E,E,E,D,D,R,R,R,R,R,R,R,T,K,K,K,K,K,K,K,K,K,H,V,V,V,V,V,V,V,V,V,I,L,E,0.87889491785816687,D,0.72110508214183322,0.81213743279916872,0.0
298,223,F,F,F,F,F,F,F,F,F,F,F,F,T,T,T,T,A,A,T,T,F,F,F,F,F,F,F,Y,F,Y,F,F,F,F,F,F,F,F,F,F,F,F,1.0,,,1.0,0.0247
299,224,Y,Y,Y,Y,Y,Y,Y,Y,Y,Y,Y,Y,K,K,K,K,Q,K,K,K,N,N,N,N,N,N,N,N,N,H,N,N,R,R,R,R,R,R,R,R,R,Y,1.0,,,1.0,0.0
300,225,Y,Y,Y,Y,Y,Y,Y,Y,Y,Y,Y,Y,Y,Y,Y,Y,Y,Y,L,L,Y,Y,Y,Y,Y,Y,C,C,Y,Y,I,M,C,W,C,C,S,S,C,C,S,Y,1.0,,,1.0,0.0018
301,226,G,G,G,G,G,G,G,G,G,G,G,G,G,G,G,G,G,G,G,G,T,T,T,T,T,T,T,S,G,G,G,G,G,-,G,G,G,G,G,G,G,G,1.0,,,1.0,0.0348
302,227,E,E,E,E,E,E,E,E,E,E,E,E,Y,Y,Y,Y,Y,Y,Y,Y,E,E,E,E,E,E,E,E,E,E,M,Q,S,S,S,S,S,S,S,T,S,E,1.0,,,1.0,0.0001
303,228,F,F,F,F,F,F,F,F,F,F,F,F,F,F,F,F,F,F,F,F,F,F,F,F,F,F,F,F,F,F,V,A,T,T,T,T,T,T,A,T,A,F,1.0,,,1.0,0.0157
304,229,S,S,S,S,S,S,S,S,S,T,S,S,S,S,S,S,S,S,F,S,T,T,S,T,T,T,L,T,V,V,T,S,S,S,S,S,R,K,S,S,S,S,0.9366570026548382,,,0.87395041056003275,0.0173
305,230,D,D,D,D,D,D,D,D,D,D,D,D,E,E,E,E,Q,E,H,V,T,T,T,T,T,T,T,T,S,T,T,T,A,A,T,T,T,T,T,T,T,D,1.0,,,1.0,0.0
306,231,G,G,G,G,G,G,G,G,G,G,G,G,-,-,-,-,-,-,-,-,P,P,P,P,P,P,P,P,K,T,P,P,P,P,P,P,P,P,P,P,P,G,1.0,,,1.0,0.0001
307,232,S,S,S,S,S,S,S,S,S,S,S,T,-,-,-,-,-,-,-,-,-,-,-,-,-,-,-,-,-,-,-,-,-,-,-,-,-,-,-,-,-,S,0.91152851043118699,,,0.83218947016193567,0.0
308,233,N,N,N,N,N,N,N,N,N,N,Q,T,-,-,-,-,-,-,-,-,-,-,-,-,-,-,-,-,-,-,-,-,-,-,-,-,-,-,-,-,-,N,0.80793659186367739,,,0.66471752192646449,0.0
309,234,E,E,E,E,E,E,E,E,E,E,E,E,-,-,-,-,-,-,-,-,-,-,-,-,-,-,-,-,-,-,-,-,-,-,-,-,-,-,-,-,-,E,1.0,,,1.0,0.0
310,235,A,A,A,A,A,A,A,A,A,A,A,A,S,S,P,S,S,S,S,K,D,D,S,D,D,D,S,D,D,E,Q,D,N,N,S,N,N,N,N,N,N,A,1.0,,,1.0,0.0
311,236,G,G,G,G,G,G,G,G,G,G,G,G,S,S,S,S,S,S,H,N,G,G,G,G,G,G,G,G,G,G,G,G,D,D,G,D,G,G,D,E,G,G,1.0,,,1.0,0.005
312,237,G,G,G,G,G,G,G,G,G,G,G,G,L,V,M,I,M,M,M,A,H,H,H,R,L,H,H,D,V,I,L,Q,L,L,L,L,L,L,L,L,L,G,1.0,,,1.0,0.0
313,238,I,I,I,I,I,I,I,I,I,V,M,V,N,N,N,N,T,T,N,S,Y,Y,Y,Y,E,E,Y,F,D,D,K,K,W,W,W,W,W,W,W,W,W,I,0.82626046803781938,,,0.72469672527192941,0.0
314,239,Y,Y,Y,Y,Y,Y,Y,Y,Y,Y,Y,Y,Y,Y,Y,Y,C,Y,Y,Y,Y,Y,Y,Y,Y,Y,Y,Y,Y,Y,Y,Y,Y,Y,Y,Y,Y,Y,Y,Y,Y,Y,1.0,,,1.0,0.7276
315,240,Q,Q,Q,Q,Q,Q,Q,Q,Q,Q,Q,Q,Q,Q,Q,Q,Q,Q,Q,K,D,D,D,D,D,D,D,D,D,D,K,I,N,N,N,N,N,N,N,N,N,Q,1.0,,,1.0,0.0
316,241,V,V,V,V,V,V,V,V,V,V,V,V,V,V,V,V,V,V,V,V,I,I,I,I,V,I,I,V,V,V,V,V,F,F,F,F,F,F,F,I,V,V,1.0,,,1.0,0.0034
317,242,L,L,L,L,L,L,L,L,L,L,L,L,L,L,L,L,L,L,V,L,L,L,L,L,V,L,V,I,I,I,I,I,I,I,I,I,I,I,I,I,I,L,1.0,,,1.0,0.0004
318,243,E,E,E,E,E,E,E,E,E,E,E,E,E,E,E,E,E,E,E,E,E,E,E,E,E,E,E,E,E,E,E,E,E,E,E,E,E,E,E,E,E,E,1.0,,,1.0,1.0
319,244,I,I,I,I,I,I,I,I,I,L,M,M,L,L,L,L,L,L,L,L,L,L,L,L,L,L,L,L,M,V,L,L,L,L,L,L,L,L,L,L,L,I,0.8023401206244577,,,0.7065994563090392,0.7561
320,245,P,P,P,P,P,P,P,P,P,P,P,L,S,S,P,P,P,P,P,P,P,P,P,P,P,P,P,P,P,P,P,P,P,P,P,P,P,P,P,P,P,P,0.90164919409600286,,,0.81345062766335186,0.8458
321,246,Y,Y,Y,Y,Y,Y,Y,Y,Y,Y,Y,Y,Y,Y,Y,Y,Y,Y,Y,Y,Y,Y,Y,Y,Y,Y,Y,Y,Y,Y,Y,Y,Y,Y,Y,Y,Y,Y,Y,Y,Y,Y,1.0,,,1.0,1.0
322,247,E,E,E,E,E,E,E,E,E,E,E,E,K,K,K,K,K,K,E,K,H,H,H,H,Q,H,H,E,E,E,H,H,H,H,H,H,H,H,H,H,H,E,1.0,,,1.0,0.0
323,248,G,G,G,G,G,G,G,G,G,G,G,G,G,G,G,G,A,A,G,G,G,G,G,G,R,G,G,G,G,G,G,G,G,G,G,G,G,G,G,G,G,G,1.0,,,1.0,0.3752
324,249,D,D,D,D,D,D,D,D,D,D,E,E,D,D,D,D,D,D,D,D,D,D,D,N,D,E,D,E,E,D,N,N,E,E,E,E,E,E,E,E,G,D,0.87889491785816687,E,0.72110508214183322,0.81213743279916872,0.1046
325,250,E,E,A,E,E,E,E,E,E,E,D,D,E,E,G,E,E,E,E,K,T,T,T,T,T,T,T,E,S,S,T,S,S,S,S,S,S,S,S,M,S,E,0.82841860869744099,,,0.72612371974520584,0.0003
326,251,I,I,I,I,I,I,I,I,I,I,L,M,F,F,F,F,F,F,F,F,L,L,L,L,L,L,L,L,I,L,V,M,I,I,I,I,I,I,I,I,L,I,0.84835934189857676,,,0.74097561118132571,0.0098
327,252,S,S,S,S,S,S,S,S,S,S,S,S,S,S,S,S,S,S,S,S,S,S,S,S,S,S,S,S,S,S,S,S,S,S,S,S,S,S,S,S,S,S,1.0,,,1.0,1.0
328,253,M,M,M,M,M,M,M,M,M,L,M,M,L,L,L,L,L,L,L,L,M,M,M,M,M,M,M,M,M,M,M,M,M,M,M,M,M,M,M,M,M,M,0.95069803373301576,,,0.90189140288589242,0.1187
329,254,M,M,M,M,M,M,M,M,M,I,M,M,I,I,I,I,V,V,I,L,F,F,F,L,F,F,F,L,L,L,L,F,L,L,L,L,L,L,L,L,L,M,0.95069803373301576,,,0.90189140288589242,0.0
330,255,L,L,L,L,L,L,L,L,I,I,I,I,I,I,I,I,I,I,L,L,I,I,I,I,I,I,I,I,L,L,I,I,I,I,I,I,I,I,I,I,V,L,0.73683995197704677,I,0.73016004802295331,0.70358766403762507,0.9157
331,256,V,V,V,V,V,A,V,V,V,V,V,V,I,I,I,I,I,L,L,T,A,A,A,A,A,A,A,A,V,V,A,A,A,A,A,A,A,A,A,A,A,V,0.95332984841775525,,,0.90424326396119503,0.0002
332,257,L,L,L,L,L,L,L,L,L,L,L,L,L,L,L,L,L,L,L,L,A,A,A,A,A,A,A,A,T,S,L,L,L,L,L,L,L,L,L,L,L,L,1.0,,,1.0,0.0255
333,258,S,S,S,S,S,S,S,S,S,S,P,P,P,P,P,P,P,P,P,P,P,P,P,P,P,P,P,P,P,P,P,P,P,P,P,P,P,P,P,P,P,S,0.8183423767872503,,,0.71820614919875292,0.8273
334,259,R,R,R,R,R,R,R,R,R,R,R,R,A,A,A,A,T,T,A,A,Y,Y,Y,Y,F,F,Y,Y,F,I,S,T,T,T,T,T,T,T,T,T,T,R,1.0,,,1.0,0.0
335,260,Q,Q,Q,Q,Q,Q,Q,Q,Q,Q,Q,Q,E,E,E,E,E,E,K,E,E,E,E,E,E,E,E,E,E,E,E,E,E,E,E,E,E,E,E,E,E,Q,1.0,,,1.0,0.0083
336,260a,-,-,-,-,-,-,-,-,-,-,-,-,-,-,-,-,-,-,-,-,K,K,K,K,K,K,K,K,K,R,E,D,S,S,S,S,S,S,S,N,E,,,,,0.0,1.0
337,261,E,E,E,E,E,E,E,E,E,E,E,E,G,G,D,H,D,D,D,D,E,E,E,E,D,D,E,N,D,E,N,S,S,S,S,S,S,S,S,T,S,E,1.0,,,1.0,0.0
338,262,V,V,V,V,V,V,V,V,V,V,V,V,M,M,V,T,T,V,V,V,V,V,V,V,V,V,M,V,V,V,T,T,T,T,V,T,T,T,T,T,T,V,1.0,,,1.0,0.0017
339,263,P,P,P,P,P,P,P,P,P,P,P,P,D,D,N,N,S,N,A,E,P,P,P,P,H,P,P,P,P,P,P,P,P,P,P,P,P,P,P,P,P,P,1.0,,,1.0,0.0368
340,264,L,L,L,L,L,L,L,L,L,L,L,L,I,I,I,I,I,I,L,I,L,L,L,L,L,L,L,L,L,L,L,L,L,L,L,L,L,L,L,L,L,L,1.0,,,1.0,0.0843
341,265,A,A,A,A,A,A,A,V,V,A,S,A,E,E,E,E,E,E,E,G,S,S,S,S,S,S,S,S,S,S,S,S,S,S,S,S,S,S,S,S,S,A,0.80792329529327089,,,0.66771944045121157,0.0776
342,266,T,T,T,T,T,T,T,T,T,T,S,S,E,E,E,E,E,E,E,E,A,A,A,A,A,A,A,A,A,A,H,S,A,A,A,A,A,A,A,A,A,T,0.8183423767872503,,,0.71820614919875292,0.0121
343,267,L,L,L,L,L,L,L,L,L,L,L,L,V,V,M,M,V,V,L,L,L,L,L,L,L,I,L,I,L,L,I,I,I,I,I,I,I,I,I,I,I,L,1.0,,,1.0,0.0001
344,268,E,E,E,E,E,E,E,E,E,E,E,E,E,E,E,E,E,E,E,E,T,T,T,T,T,T,T,T,N,I,I,L,I,I,V,V,I,I,I,I,I,E,1.0,,,1.0,0.0
345,269,P,P,P,P,P,P,P,P,P,P,P,P,K,K,K,K,N,K,R,K,N,N,N,S,N,N,N,N,K,G,P,P,P,P,P,P,P,P,P,P,P,P,1.0,,,1.0,0.0004
346,270,L,L,L,L,L,L,L,L,L,L,I,I,L,L,R,L,Q,Q,N,I,I,I,I,I,I,I,I,I,E,D,T,H,H,H,H,H,H,H,H,H,H,L,0.83862747804600735,,,0.74967312920489215,0.0
347,271,V,V,V,V,V,L,L,V,V,L,I,I,I,I,I,I,V,V,I,V,L,L,L,L,L,L,L,L,L,L,I,I,I,I,I,I,I,I,I,I,I,V,0.74214474983671352,,,0.65507975748468494,0.6387
348,272,K,K,K,K,K,K,K,K,K,K,K,K,T,T,T,T,T,T,S,T,S,S,D,D,D,D,D,T,S,S,S,S,S,S,S,S,T,S,S,S,S,K,1.0,,,1.0,0.0
349,273,A,A,T,A,A,A,P,P,A,A,A,A,A,A,A,A,A,A,M,A,A,A,A,A,A,A,A,P,S,S,T,T,T,T,T,T,T,T,T,T,T,A,0.87171822705450253,,,0.76377930371767977,0.0531
350,274,Q,Q,Q,Q,Q,Q,Q,Q,S,P,P,P,Q,Q,H,P,P,R,E,T,Q,Q,Q,E,E,E,Q,E,S,Q,A,N,K,K,K,K,K,K,K,K,K,,,,,0.57616903359414906,0.0708
351,275,L,L,L,L,L,L,L,L,L,L,L,L,Q,Q,Q,Q,H,H,Q,M,L,L,L,L,L,L,L,L,R,R,S,T,T,T,T,T,T,T,T,T,T,L,1.0,,,1.0,0.0
352,276,V,I,I,V,I,I,I,I,I,I,L,L,I,I,I,I,V,V,I,I,I,I,I,I,I,I,I,I,I,I,V,I,I,I,I,I,I,I,I,I,L,I,0.81162047149654881,,,0.71183574902013602,0.9883
353,277,E,E,E,E,E,E,E,E,N,E,E,E,L,L,L,L,R,Q,Q,K,S,S,S,S,R,R,S,A,H,R,Q,Q,D,D,D,D,D,N,Q,G,Q,E,0.94876041640449338,,,0.89573599730932274,0.0
354,278,E,E,E,E,E,E,E,E,E,E,E,E,K,K,K,Q,R,K,S,T,H,H,Q,Q,Q,Q,Q,Q,Q,Q,N,S,S,S,S,S,S,S,S,S,S,E,1.0,,,1.0,0.0
355,279,W,W,W,W,W,W,W,W,W,W,W,W,W,W,W,W,W,W,W,W,W,W,W,W,W,W,W,W,W,W,W,W,W,W,W,W,W,W,W,W,W,W,1.0,,,1.0,1.0
356,280,A,A,A,A,A,A,A,A,A,A,A,A,L,L,F,F,F,F,F,F,K,K,K,K,K,K,K,K,R,R,T,T,M,M,V,M,M,M,M,M,M,A,1.0,,,1.0,0.0
357,281,N,N,N,N,N,N,N,N,N,N,N,N,S,S,S,S,S,S,T,A,G,G,G,G,G,S,G,A,Q,Q,K,K,S,S,S,S,N,N,T,T,T,N,1.0,,,1.0,0.0
358,282,S,S,S,S,S,S,S,S,S,S,N,N,E,E,E,E,E,E,K,D,N,N,N,N,N,N,N,Q,E,E,L,L,I,I,T,A,T,T,N,T,-,S,0.8183423767872503,,,0.71820614919875292,0.0
359,283,V,V,V,V,V,V,V,V,V,V,V,V,M,M,M,M,L,L,M,M,M,M,M,M,M,M,M,M,M,L,M,M,M,M,M,M,M,M,M,M,M,V,1.0,,,1.0,0.003
360,284,K,K,K,K,K,K,K,K,K,K,K,K,Q,Q,Q,Q,H,H,Q,K,T,T,T,T,T,T,T,K,R,R,H,N,V,V,V,V,V,V,V,V,T,K,1.0,,,1.0,0.0
361,285,K,K,K,K,K,K,K,K,K,K,L,R,E,E,E,E,E,E,E,E,R,R,R,R,R,R,K,K,K,R,M,P,P,P,P,P,P,P,P,A,P,K,0.80636504383863616,,,0.65545229796679882,0.0018
362,286,Q,Q,Q,Q,Q,Q,Q,Q,Q,Q,Q,Q,E,E,E,Q,E,E,E,E,L,L,Q,L,L,L,A,V,I,V,M,R,K,K,K,K,K,K,K,K,K,Q,1.0,,,1.0,0.0
363,287,K,K,K,K,K,K,K,K,K,K,K,K,E,E,E,E,E,E,H,V,P,P,L,T,P,P,P,T,S,K,K,R,R,R,R,R,R,R,R,R,R,K,1.0,,,1.0,0.0
364,288,V,V,V,V,V,V,V,V,V,V,V,V,V,V,V,V,V,V,V,V,R,R,R,R,R,R,R,R,K,R,I,M,V,V,V,V,M,M,V,V,V,V,1.0,,,1.0,0.0037
365,289,E,E,E,E,E,E,E,E,E,E,E,E,E,E,E,E,E,E,E,E,L,L,L,L,L,L,L,L,Q,Q,R,R,Q,Q,Q,Q,Q,Q,Q,Q,Q,E,1.0,,,1.0,0.0
366,290,V,V,V,V,V,V,V,V,V,V,V,V,I,I,V,I,V,V,I,I,L,L,L,L,L,L,L,L,L,L,L,L,V,V,V,V,L,L,L,V,L,V,1.0,,,1.0,0.0
367,291,Y,Y,Y,Y,Y,Y,Y,Y,Y,Y,Y,Y,S,S,S,S,S,S,S,S,V,V,V,V,I,I,I,V,S,S,L,L,I,I,I,I,V,V,I,I,I,Y,1.0,,,1.0,0.0
368,292,L,L,L,L,L,L,L,L,L,L,L,L,L,L,L,L,L,L,L,L,L,L,L,L,L,L,L,L,I,M,I,M,L,L,L,L,L,L,L,L,L,L,1.0,,,1.0,0.263
369,293,P,P,P,P,P,P,P,P,P,P,P,P,P,P,P,P,P,P,P,P,P,P,P,P,P,P,P,P,P,P,P,P,P,P,P,P,P,P,P,P,P,P,1.0,,,1.0,1.0
370,294,R,R,R,R,R,R,R,R,R,R,R,R,R,R,R,R,R,R,R,R,K,K,K,K,K,K,K,K,R,R,K,K,K,K,K,K,K,K,K,K,K,R,1.0,,,1.0,0.0002
371,295,F,F,F,F,F,F,F,F,F,F,F,F,F,F,F,F,F,F,F,F,F,F,F,F,F,F,F,F,F,F,F,F,F,F,F,F,F,F,F,F,F,F,1.0,,,1.0,1.0
372,296,T,T,T,T,T,T,T,T,T,K,K,K,K,K,K,K,K,K,Q,K,S,S,S,S,S,S,S,S,S,T,T,T,T,T,T,T,T,T,T,T,S,T,0.70069090855175131,,,0.60600244454567009,0.0916
373,297,V,V,V,V,V,V,V,I,V,V,M,V,V,V,V,V,I,I,I,V,L,L,L,L,L,L,L,L,M,L,A,V,A,A,A,A,A,A,A,A,V,V,0.88545232630144577,,,0.79215557699295669,0.0005
374,298,E,E,E,E,E,E,E,E,E,E,E,E,E,E,E,E,E,E,E,E,E,E,E,E,E,E,E,L,D,N,D,E,V,V,V,V,V,L,V,V,E,E,1.0,,,1.0,0.0102
375,299,Q,Q,Q,Q,Q,Q,Q,Q,Q,E,Q,Q,Q,Q,Q,Q,Q,Q,Q,H,T,T,T,T,T,T,S,S,T,S,A,Q,A,A,A,A,A,A,A,A,A,Q,0.94373030402504798,,,0.88802594804749591,0.0
376,300,E,E,E,E,E,E,E,E,E,V,K,K,K,K,K,K,K,K,K,K,E,E,E,E,E,E,E,E,E,E,E,E,Q,Q,Q,Q,Q,Q,N,E,E,E,0.73388504699370116,,,0.58804308541397754,0.7219
377,301,I,I,I,I,I,I,I,I,I,V,I,I,V,V,L,L,L,L,L,I,V,V,V,I,V,V,A,V,I,V,V,L,T,T,T,T,T,T,L,T,A,I,0.95777133510322554,,,0.91596694037335535,0.0
378,302,D,D,D,D,D,D,D,D,D,N,D,D,D,D,D,D,D,D,D,D,D,D,N,D,D,D,D,D,D,N,D,D,D,D,D,D,D,D,D,D,D,D,0.94373030402504798,,,0.88802594804749591,0.7853
379,303,L,L,L,L,L,L,L,L,L,L,L,L,F,F,F,F,L,F,F,L,L,L,L,L,L,L,L,L,L,F,L,L,L,L,L,L,L,L,L,L,L,L,1.0,,,1.0,0.0821
380,304,K,K,K,K,K,K,K,K,K,K,R,R,K,K,K,K,K,K,K,K,R,R,R,R,R,R,K,K,K,K,K,E,K,K,K,K,K,K,K,K,K,K,0.87889491785816687,R,0.72110508214183322,0.81213743279916872,0.6956
381,305,D,E,D,D,D,D,D,D,D,D,K,E,D,D,E,E,E,E,E,K,K,K,R,R,G,G,R,K,S,S,G,T,E,E,E,E,E,E,A,D,E,D,0.81040100363184275,,,0.6898097410503633,0.0157
382,306,V,V,V,V,V,I,I,V,V,V,T,S,V,V,A,A,A,A,A,S,P,P,P,P,P,P,P,P,T,A,S,P,P,P,P,P,P,P,S,P,P,V,0.72792730882676704,,,0.57116646632525048,0.0761
383,307,L,L,L,L,L,L,L,L,L,L,L,L,L,L,L,L,L,L,F,F,L,L,L,L,L,L,L,L,L,L,L,L,L,L,L,L,L,L,L,L,L,L,1.0,,,1.0,0.5233
384,308,K,K,K,K,K,K,K,K,K,M,Q,Q,Y,Y,Y,Y,Y,F,K,L,E,E,E,E,E,E,E,E,S,L,S,K,K,K,K,K,K,K,K,K,R,K,0.75417014825245821,,,0.61951006542011688,0.0282
385,309,A,A,A,A,A,A,A,G,G,Q,E,Q,S,S,S,S,S,S,A,N,N,N,N,N,K,K,N,R,R,N,A,A,V,V,V,A,A,A,A,A,N,,,,,0.47306392125716695,0.2758
386,310,L,L,L,L,L,L,L,L,L,L,L,L,L,L,L,L,L,L,M,L,L,L,L,L,L,L,L,L,M,M,L,L,L,L,L,L,L,L,L,L,L,L,1.0,,,1.0,0.3694
387,311,G,G,G,G,G,G,G,G,G,G,G,G,N,N,N,N,N,N,N,N,G,G,G,G,G,G,G,G,G,G,G,G,G,G,G,G,G,G,G,G,G,G,1.0,,,1.0,0.0557
388,312,I,I,V,I,I,V,V,I,I,I,I,I,I,I,M,I,V,V,I,I,M,M,M,M,M,M,M,I,L,L,L,I,I,I,I,I,I,I,I,I,I,I,0.91205684440283474,,,0.847358353741549,0.0264
389,313,T,T,T,T,T,T,T,S,T,T,K,R,T,T,T,T,T,T,T,T,T,T,T,T,P,T,K,T,G,G,T,K,T,T,T,T,T,T,T,T,T,T,0.73042394950780487,,,0.56986324045254844,0.9573
390,314,E,E,E,E,E,E,E,E,E,K,S,S,E,E,E,E,E,E,E,D,D,D,D,D,D,D,D,D,D,D,D,D,D,D,D,E,E,E,D,D,E,E,0.71473193962992887,,,0.57235986081949719,0.9951
391,315,I,V,V,I,I,I,I,I,V,I,V,I,I,I,I,I,I,I,I,I,M,M,M,M,M,I,M,M,I,V,M,I,M,M,M,M,M,M,M,M,M,I,0.84914505100425686,V,0.75085494899574312,0.79095051068694422,0.0136
392,316,F,F,F,F,F,F,F,F,F,F,F,F,F,F,F,F,F,F,F,F,F,F,F,F,F,F,F,F,F,F,F,F,F,F,F,F,F,F,F,F,F,F,1.0,,,1.0,1.0
393,317,I,I,I,I,I,I,I,N,S,S,S,S,S,S,S,S,S,S,I,N,R,R,R,R,S,S,R,T,S,N,S,D,D,D,D,D,E,E,E,D,D,,,,,0.543629661596013,0.0364
394,318,K,K,K,K,K,K,K,R,R,G,T,K,G,G,G,G,G,G,G,E,Q,Q,P,P,A,S,P,Q,Q,L,S,Q,S,S,P,P,P,P,P,E,V,K,0.74284653093312292,,,0.57953158612878442,0.0
395,319,D,N,N,D,D,D,D,N,S,E,E,D,G,G,G,G,G,G,G,G,F,F,N,S,T,T,G,E,S,A,E,N,S,S,S,S,S,S,S,S,S,D,0.72363990765436847,,,0.59466401846283945,0.0048
396,319a,-,-,-,-,-,-,-,-,-,-,-,-,-,-,-,-,-,-,-,-,Q,R,L,Q,L,Q,Q,T,R,T,R,K,K,K,K,K,K,K,K,K,K,,,,,0.0,1.0
397,320,A,A,A,A,A,A,A,A,A,A,A,A,C,C,C,C,C,C,C,C,A,A,A,A,A,A,A,A,A,A,A,A,A,A,A,A,A,A,A,S,A,A,1.0,,,1.0,0.0358
398,321,N,N,N,N,N,N,N,D,D,D,D,D,D,D,D,D,D,D,D,D,D,D,D,D,D,D,D,D,D,D,D,D,N,N,N,N,N,N,N,N,N,D,0.77249000855639216,,,0.7098867589633201,0.8627
399,322,L,L,L,L,L,L,L,F,L,L,L,L,L,L,L,L,L,L,L,L,F,F,F,F,F,F,F,F,F,F,F,F,F,F,F,F,F,F,F,F,F,L,0.95767003946656115,,,0.91330232116419463,0.0003
400,323,T,T,T,T,T,T,T,S,T,S,S,S,S,S,S,S,S,S,S,S,T,T,S,S,T,T,S,S,S,T,R,R,A,A,A,A,T,A,A,A,A,T,0.7073483919748027,,,0.66647539018345925,0.0545
401,324,G,A,A,G,G,A,A,A,A,A,S,A,G,G,G,G,G,G,G,G,S,S,S,S,S,S,R,R,R,R,H,H,K,K,K,K,K,K,K,K,K,A,0.82315891850467371,,,0.69361329792971094,0.0
402,325,L,L,L,L,L,M,M,L,M,V,M,M,I,I,I,I,I,I,I,I,L,L,L,F,L,L,L,L,I,I,L,L,I,I,I,I,I,I,I,I,I,M,0.77781871466751551,,,0.68900927439943094,0.2231
403,326,S,S,S,S,S,S,S,S,S,S,I,T,T,T,T,T,T,T,T,T,S,S,S,S,S,S,S,S,T,T,S,S,T,T,T,T,T,T,T,T,T,S,0.79768611716284432,,,0.65559304763831072,0.7505
404,327,D,D,D,D,D,D,D,D,D,D,A,A,D,D,D,D,D,D,E,E,D,D,N,D,D,D,D,S,T,T,A,S,T,R,R,R,R,R,R,R,R,D,0.77807493697509067,,,0.65574184560447635,0.0613
405,327a,-,-,-,-,-,-,-,-,-,-,-,Q,-,-,-,-,-,-,-,-,-,-,-,-,-,-,-,-,-,-,-,-,G,-,-,-,-,-,-,-,-,,,,,0.0,1.0
410,327b,-,-,-,-,-,-,-,-,-,-,-,M,-,-,-,-,-,-,-,-,-,-,-,-,-,-,-,-,-,-,-,-,-,-,-,-,-,-,-,-,-,,,,,0.0,1.0
411,327c,-,-,-,-,-,-,-,-,-,-,-,T,-,-,-,-,-,-,-,-,-,-,-,-,-,-,-,-,-,-,-,-,-,-,-,-,-,-,-,-,-,,,,,0.0,1.0
412,327d,-,-,-,-,-,-,-,-,-,-,-,D,-,-,-,-,-,-,-,-,-,-,-,-,-,-,-,-,-,-,-,-,-,-,-,-,-,-,-,-,-,,,,,0.0,1.0
413,328,N,N,N,N,N,K,K,K,N,S,G,G,S,S,S,S,S,S,S,S,Q,Q,Q,Q,Q,Q,K,E,E,E,-,-,S,S,S,S,S,S,S,T,S,,,,,0.47956675918083647,0.2909
414,329,K,K,K,K,K,K,K,K,K,K,K,Q,S,S,A,S,S,S,S,P,E,E,E,E,E,E,E,K,E,E,E,E,E,E,E,E,E,E,E,E,E,K,0.92140782676637112,,,0.8509283126605196,0.0005
415,330,E,E,E,E,E,E,E,E,E,D,D,D,E,E,E,E,E,E,D,N,P,P,V,F,Q,Q,M,P,P,R,P,S,N,N,N,N,S,S,S,G,S,E,0.8366662529613923,D,0.76333374703860768,0.78499451271250753,0.0
416,331,I,I,I,I,I,L,L,I,L,L,L,L,V,V,V,V,V,L,L,L,L,L,L,L,L,L,L,L,L,L,L,I,L,L,L,L,L,L,L,L,L,L,0.81064052006945442,,,0.72838016198788991,0.6508
417,332,F,F,F,F,F,F,F,F,Y,F,Y,F,Y,Y,F,Y,Y,Y,Y,Y,H,H,Y,Y,S,S,Y,Y,C,C,Y,Y,H,H,H,H,H,H,H,H,H,F,0.91984372693210892,Y,0.74715627306789101,0.864592493426246,0.0001
418,333,L,L,L,L,L,L,L,L,L,V,I,I,V,V,V,V,V,V,V,I,V,V,V,V,V,V,V,V,V,V,V,V,V,V,V,V,V,V,V,V,V,L,0.78235778207105522,,,0.68506011841942471,0.9717
419,334,S,S,S,S,S,S,S,A,A,A,G,G,S,S,S,S,S,S,S,S,A,A,S,S,A,A,S,S,S,S,S,S,S,S,S,S,S,S,S,S,S,,,,,0.56413856918790184,1.0
420,335,K,K,K,K,K,K,K,R,K,K,K,K,Q,Q,Q,R,R,R,K,K,Q,Q,R,Q,Q,Q,Q,E,K,K,T,K,H,H,H,H,H,H,H,H,H,K,0.96823267502180954,,,0.93493607592059658,0.0001
421,336,A,A,A,A,A,A,A,A,A,A,A,A,V,V,V,V,V,A,I,V,A,A,A,A,A,A,A,A,V,I,A,A,I,I,I,I,I,I,I,V,L,A,1.0,,,1.0,0.0002
422,337,I,I,I,I,I,V,V,V,F,V,V,V,T,T,M,M,M,M,T,F,L,L,L,L,L,L,L,F,L,M,L,L,L,L,L,L,L,L,L,L,L,V,0.83269756016595453,,,0.72728666764525129,0.0212
423,338,H,H,H,H,H,H,H,H,H,H,Q,Q,Q,Q,Q,Q,Q,Q,Q,Q,Q,Q,Q,Q,Q,Q,Q,Q,Q,Q,Q,Q,Q,Q,Q,Q,Q,Q,Q,Q,Q,H,0.85860981659940983,,,0.78067045279302938,0.8273
424,339,K,K,K,K,K,K,K,K,K,K,K,K,K,K,H,Q,K,K,K,K,K,K,K,K,K,K,K,K,R,K,K,K,K,K,K,K,K,K,K,K,K,K,1.0,,,1.0,0.3565
425,340,S,S,C,S,S,S,S,S,A,S,A,A,V,V,I,V,V,V,I,V,V,V,V,V,V,V,V,I,V,I,A,A,A,A,A,A,A,A,A,T,A,S,0.72578521406973073,,,0.62514945331743321,0.0414
426,341,F,F,F,F,F,C,F,F,F,F,Y,Y,F,F,F,F,F,F,F,F,K,K,K,K,R,K,K,K,K,K,K,K,K,K,K,K,K,K,K,K,K,F,0.8472983672746619,Y,0.75226326368899454,0.76162318053216715,0.0008
427,342,L,I,I,L,L,I,I,I,L,L,L,L,F,F,F,F,F,F,L,L,I,I,I,I,I,I,I,V,L,I,I,I,I,I,I,I,I,I,I,I,I,L,0.80447352669760441,,,0.72456739911857881,0.1348
428,343,E,E,E,E,E,E,E,E,E,E,E,E,E,E,E,E,E,E,V,E,E,E,E,E,E,E,E,E,E,E,E,E,E,E,E,E,E,E,E,E,E,E,1.0,,,1.0,0.7271
429,344,V,V,V,V,V,V,V,V,V,V,V,V,I,I,I,I,I,I,V,I,V,V,V,V,V,V,V,V,V,V,V,V,V,V,V,V,V,V,V,V,V,V,1.0,,,1.0,0.0843
430,345,N,N,N,N,N,N,N,N,N,N,T,T,N,N,N,N,N,N,N,N,N,N,N,N,N,N,N,T,N,N,N,N,S,S,S,S,S,S,S,S,N,N,0.8183423767872503,,,0.71820614919875292,0.5127
431,346,E,E,E,E,E,E,E,E,E,E,E,E,E,E,E,E,E,E,E,E,E,E,E,E,E,E,E,E,E,E,E,E,E,E,E,E,E,E,E,E,E,E,1.0,,,1.0,1.0
432,347,E,E,E,E,E,E,E,E,E,E,E,E,D,D,D,E,D,D,D,E,S,S,S,S,S,S,S,K,E,H,D,D,D,D,D,D,D,D,D,D,D,E,1.0,,,1.0,0.0
433,348,G,G,G,G,G,G,G,G,G,G,G,G,G,G,G,G,G,G,G,G,G,G,G,G,G,G,G,G,G,G,G,G,G,G,G,G,G,G,G,G,G,G,1.0,,,1.0,1.0
434,349,S,S,S,S,S,S,S,S,S,S,L,A,S,S,S,S,S,S,S,S,T,T,T,T,T,T,T,T,T,T,T,T,T,T,T,T,T,T,T,T,T,S,0.78728033223927141,,,0.63267478768957197,0.6404
435,350,E,E,E,E,E,E,E,E,E,E,E,E,E,E,E,E,E,E,E,E,V,V,V,L,V,V,V,R,K,K,K,K,K,K,K,K,K,K,K,K,K,E,1.0,,,1.0,0.0
436,351,A,A,A,A,A,A,A,A,A,A,G,G,A,A,A,V,A,A,A,A,A,A,A,A,A,A,A,A,G,A,A,A,A,A,A,A,A,A,A,A,A,A,0.8183423767872503,,,0.71820614919875292,0.9575
437,352,A,A,A,A,A,A,A,A,A,A,A,A,A,A,A,A,A,A,A,A,S,S,S,S,S,S,S,S,S,A,S,S,S,S,S,S,S,A,S,S,S,A,1.0,,,1.0,0.0001
438,353,A,A,A,A,A,A,V,A,A,A,V,A,T,T,T,T,A,A,A,A,S,S,S,S,S,S,S,A,S,A,A,A,A,A,A,A,A,V,A,A,G,A,0.86288686366457301,,,0.76465772583322522,0.0835
439,354,V,T,A,V,V,A,A,A,A,S,G,G,S,S,A,S,S,S,S,S,S,S,S,S,S,S,T,A,A,A,A,T,A,A,A,A,A,V,A,A,A,,,,,0.4922410379053061,0.9663
440,355,S,S,S,S,S,S,S,S,S,S,S,S,T,T,T,T,T,T,T,T,T,T,T,T,T,T,T,T,T,T,T,T,T,T,T,T,T,T,T,T,T,S,1.0,,,1.0,0.0141
441,356,G,G,G,G,G,G,G,G,G,G,G,G,G,G,G,G,G,G,G,G,A,A,A,A,A,A,A,A,A,A,T,S,T,T,T,T,T,T,T,T,T,G,1.0,,,1.0,0.0
442,357,M,M,M,M,M,M,M,M,M,M,L,M,I,I,M,I,I,I,G,M,V,V,I,L,F,I,I,A,A,A,A,V,A,A,A,A,A,A,A,A,A,M,0.92747012598046941,,,0.86369511004999688,0.0
443,358,I,I,I,I,I,I,I,I,I,I,V,I,H,H,H,N,N,N,Q,Q,I,I,I,V,V,L,V,I,V,V,I,I,I,I,I,I,I,I,I,I,V,I,0.93787591090404221,,,0.88325062959314493,0.0063
444,359,A,A,A,A,A,A,A,A,A,A,A,A,I,I,I,T,I,I,V,V,V,V,V,V,I,V,V,L,I,M,L,L,L,L,L,L,L,L,L,L,L,A,1.0,,,1.0,0.0
445,360,I,I,I,I,I,I,I,I,I,N,L,L,P,P,P,P,P,P,P,S,S,S,S,S,S,S,S,L,Y,F,I,H,I,I,I,I,I,I,I,I,I,I,0.75417014825245821,,,0.61474551623364326,0.0164
446,361,S,S,S,S,S,S,S,S,S,S,T,T,V,V,A,V,A,A,V,-,A,A,A,A,A,A,A,A,S,S,A,A,A,A,A,A,A,A,A,A,A,S,0.8183423767872503,,,0.71820614919875292,0.0547
447,362,R,R,R,R,R,R,R,R,R,R,R,R,I,I,I,I,I,I,I,A,R,R,R,R,R,R,R,R,R,R,R,R,R,R,R,R,R,R,R,R,R,R,1.0,,,1.0,0.0557
448,363,M,M,M,M,M,M,M,M,M,M,T,T,M,M,M,M,M,M,M,M,M,M,M,M,M,M,M,M,M,M,S,S,S,S,S,S,S,S,S,S,S,M,0.79805727552849326,,,0.6867391691926138,0.2576
449,364,A,A,A,A,A,A,A,A,A,A,L,L,S,S,S,S,S,S,S,S,A,A,A,A,A,A,A,A,A,A,S,S,S,S,S,S,S,S,S,S,S,A,0.77807493697509067,,,0.65574184560447635,0.5436
450,365,V,V,V,V,V,V,V,V,V,V,V,V,L,L,L,L,L,L,L,M,P,P,P,P,P,P,P,P,V,V,P,P,P,P,P,P,P,P,P,P,P,V,1.0,,,1.0,0.0001
451,366,L,L,L,L,L,L,L,L,L,L,L,L,A,A,A,S,T,T,A,S,-,-,-,-,-,-,-,-,-,-,-,-,-,-,-,-,-,-,-,-,-,L,1.0,,,1.0,0.0
452,367,Y,Y,Y,Y,Y,Y,F,Y,Y,Y,Y,Y,Q,Q,H,R,Q,Q,A,S,-,-,-,-,-,-,-,-,-,-,-,-,-,-,-,-,-,-,-,-,-,Y,0.97562051350622303,,,0.94973075240533811,0.0
454,368,P,P,P,P,P,P,P,P,P,P,P,P,S,S,N,N,T,T,N,H,E,E,E,E,T,T,Q,L,E,E,P,P,P,P,P,P,P,P,P,P,R,P,1.0,,,1.0,0.0001
455,369,Q,Q,Q,Q,Q,Q,Q,Q,Q,Q,Q,Q,Q,Q,Q,Q,Q,Q,Q,R,E,E,E,E,E,E,E,E,E,E,W,W,W,W,W,W,W,W,W,W,W,Q,1.0,,,1.0,0.0
456,370,V,V,V,V,V,V,V,V,V,V,V,V,F,F,F,F,F,F,F,F,I,I,I,I,M,M,I,V,I,I,V,V,F,F,F,F,F,F,F,F,F,V,1.0,,,1.0,0.0
457,371,I,I,I,I,I,I,I,I,I,I,M,M,I,I,I,I,L,L,V,A,I,I,I,I,V,V,I,I,T,A,A,T,I,I,I,I,I,I,I,I,T,I,0.85860981659940983,,,0.78067045279302938,0.1863
458,372,V,V,V,V,V,V,V,V,V,V,A,A,A,A,A,A,A,A,A,A,M,M,M,M,I,L,V,M,L,L,V,V,V,V,V,V,V,V,V,V,V,V,0.8183423767872503,,,0.71820614919875292,0.0484
459,373,D,D,D,D,D,D,D,D,D,D,D,D,N,N,N,N,N,N,N,N,D,D,D,D,D,D,D,D,D,D,D,D,D,D,D,D,D,D,D,D,D,D,1.0,,,1.0,0.0557
460,374,H,H,H,H,H,H,H,H,H,H,H,H,H,H,H,H,H,H,R,R,R,R,R,R,R,R,R,H,R,R,R,R,R,R,R,R,R,R,R,R,R,H,1.0,,,1.0,0.0006
461,375,P,P,P,P,P,P,P,P,P,P,P,P,P,P,P,P,P,P,P,P,P,P,P,P,S,S,P,P,P,P,P,P,P,P,P,P,P,P,P,P,P,P,1.0,,,1.0,0.5212
462,376,F,F,F,F,F,F,F,F,F,F,F,F,F,F,F,F,F,F,F,F,F,F,F,F,F,F,F,F,F,F,F,F,F,F,F,F,F,F,F,F,F,F,1.0,,,1.0,1.0
463,377,F,F,F,F,F,L,L,F,F,F,F,F,L,L,L,L,L,L,L,L,L,L,L,L,L,L,L,L,F,L,L,L,L,L,L,L,L,L,L,V,L,F,0.91951952795349889,,,0.84798098769112251,0.1083
464,378,F,F,F,F,F,Y,F,F,F,F,F,F,F,F,F,F,F,F,F,F,F,F,F,F,F,F,F,F,F,F,F,F,F,F,F,F,F,F,F,F,F,F,0.9740980658718541,,,0.94685501149846307,0.7656
465,379,L,L,L,L,L,L,L,L,L,V,V,I,I,I,I,I,I,I,I,F,V,V,V,V,V,V,V,M,L,L,L,L,F,F,F,F,S,C,F,F,F,L,0.78235778207105522,,,0.67927153242930927,0.0022
466,380,I,I,I,I,I,I,I,I,V,I,I,I,M,M,V,M,L,M,L,I,V,V,V,V,V,V,V,V,I,I,I,I,I,I,I,I,I,I,I,I,I,I,0.96584027760299551,,,0.93049066487288201,0.001
467,381,R,R,R,R,R,R,K,R,R,R,R,R,K,K,K,K,K,K,K,R,R,R,R,R,R,R,R,R,Q,Q,R,R,R,R,R,R,R,R,R,R,R,R,0.97071533153900647,,,0.93961651940581148,0.0219
468,382,N,N,N,N,N,N,N,N,N,N,D,N,H,H,N,N,H,H,N,H,H,H,H,H,H,H,H,H,H,H,H,H,H,H,H,H,H,H,H,H,H,N,0.91721965127963623,,,0.84443146393286561,0.0314
469,383,R,R,R,R,R,R,R,R,R,R,R,R,N,N,N,N,I,I,N,I,N,N,N,N,N,N,N,N,K,K,N,N,N,N,N,N,N,N,N,N,N,R,1.0,,,1.0,0.0009
470,384,R,R,R,R,R,K,K,R,R,K,R,K,P,P,P,P,R,Q,P,Q,P,P,P,P,P,P,P,P,P,P,P,S,P,P,P,P,P,P,P,P,P,R,0.83839223920819339,K,0.76160776079180659,0.78571507984787969,0.0243
471,385,T,T,T,T,T,S,T,T,T,T,T,T,T,T,T,T,T,T,T,S,T,T,T,T,T,T,T,T,T,T,T,S,T,T,T,T,T,T,T,T,T,T,0.95332984841775525,,,0.90424326396119503,0.3993
472,386,G,G,G,G,G,G,G,G,G,G,G,G,E,E,E,D,E,E,E,G,G,G,G,G,E,E,E,G,G,G,G,G,G,G,G,G,G,G,G,G,G,G,1.0,,,1.0,0.0216
473,387,T,T,T,T,T,I,T,T,T,S,S,S,S,S,S,S,S,S,S,M,T,T,T,T,T,T,T,T,A,T,T,T,A,A,A,A,A,A,A,T,A,T,0.70832922785984376,,,0.61473534539807606,0.3323
474,388,I,V,I,I,I,I,I,I,V,V,I,I,I,I,I,I,I,I,I,I,V,V,V,V,I,I,I,L,L,L,I,I,V,V,V,V,I,I,V,I,V,I,0.89658552795144875,V,0.70341447204855123,0.82940411212667142,0.0915
475,389,L,L,L,L,L,L,L,L,L,L,L,L,L,L,L,L,L,L,L,L,L,L,L,L,L,L,L,L,L,L,L,L,L,L,L,L,L,L,L,L,L,L,1.0,,,1.0,1.0
476,390,F,F,F,F,F,F,F,F,F,F,F,F,F,F,F,L,F,F,F,F,F,F,F,F,F,F,F,F,F,F,F,F,F,F,F,F,F,F,F,F,F,F,1.0,,,1.0,0.7211
477,391,M,M,M,M,M,M,M,I,M,M,M,M,M,M,M,M,M,M,M,M,M,M,M,M,M,M,M,V,S,M,M,A,M,M,M,M,L,L,M,M,T,M,0.96291164808796248,,,0.92403786863729609,0.1096
478,392,G,G,G,G,G,G,G,G,G,G,G,G,G,G,G,G,G,G,G,G,G,G,G,G,G,G,G,G,G,G,G,G,G,G,G,G,G,G,G,G,G,G,1.0,,,1.0,1.0
479,393,R,R,R,R,R,R,R,R,R,R,R,R,R,R,R,R,K,K,R,K,Q,Q,Q,Q,Q,Q,Q,Q,Q,Q,Q,Q,Q,Q,Q,Q,Q,Q,Q,Q,Q,R,1.0,,,1.0,0.0001
480,394,V,V,V,V,V,V,V,V,V,V,V,V,V,V,V,V,V,V,V,V,V,V,V,V,V,L,V,V,L,F,I,I,I,I,I,I,V,V,I,I,I,V,1.0,,,1.0,0.0099
481,395,M,M,M,M,M,M,M,M,M,M,M,M,T,T,T,T,T,T,T,M,M,M,M,M,M,M,M,M,T,N,N,N,N,N,N,Y,N,N,N,N,N,M,1.0,,,1.0,0.0
482,396,H,H,H,H,H,N,H,H,H,H,T,N,N,N,N,N,D,D,N,N,E,E,E,E,E,E,E,E,Q,H,Q,K,K,K,K,K,K,K,K,K,K,H,0.75101596558059958,,,0.61015829988379156,0.0011
483,397,P,P,P,P,P,P,P,P,P,P,P,P,P,P,P,P,P,P,P,P,P,P,P,P,P,P,P,P,P,P,P,P,P,P,P,P,P,P,P,P,P,P,1.0,,,1.0,1.0
484,398,E,E,E,E,E,E,E,E,E,E,D,E,D,D,D,D,D,D,E,D,-,-,-,-,-,-,-,-,Q,Q,-,-,-,-,-,-,-,-,-,-,-,E,0.93787591090404221,,,0.88325062959314493,0.0
485,399,T,T,T,T,T,T,T,A,A,T,V,L,T,T,T,T,I,I,A,F,-,-,-,-,-,-,-,-,E,Q,-,-,-,-,-,-,-,-,-,-,-,T,0.70047762104847633,,,0.54424217328613556,0.0001
486,400,M,M,M,M,M,M,M,M,M,L,I,I,Q,Q,Q,Q,Q,H,P,Y,-,-,-,-,-,-,-,-,Y,Q,-,-,-,-,-,-,-,-,-,-,-,M,0.80930785033242558,,,0.71107803812333847,0.0
487,401,N,N,N,N,N,N,N,N,N,H,D,D,E,E,K,R,T,T,K,D,-,-,-,-,-,-,-,-,-,-,-,-,-,-,-,-,-,-,-,-,-,N,0.77528448070084555,,,0.65676204604696553,0.0
488,402,T,T,A,T,T,T,T,T,T,T,A,P,I,I,M,M,T,V,M,A,-,-,-,-,-,-,-,-,-,-,-,-,-,-,-,-,-,-,-,-,-,T,0.79204437892410173,,,0.66514728158408942,0.0
489,403,S,S,S,S,S,S,S,S,S,I,T,F,K,K,K,K,K,K,R,L,-,-,-,-,-,-,-,-,-,-,-,-,-,-,-,-,-,-,-,-,-,S,0.71146785184097316,,,0.53444020630038069,0.0
490,404,G,G,G,G,G,G,G,G,G,G,G,D,G,G,G,G,G,G,G,G,-,-,-,-,-,-,-,-,-,-,-,-,-,-,-,-,-,-,-,-,-,G,0.91152851043118699,,,0.83218947016193567,0.0
491,405,H,H,H,H,H,H,H,H,H,H,P,N,R,R,R,R,R,R,R,R,-,-,-,-,-,-,-,-,-,-,-,-,-,-,-,-,-,-,-,-,-,H,0.80793659186367739,,,0.66471752192646449,0.0
492,406,D,D,D,D,D,D,D,D,D,D,D,N,D,D,D,D,D,D,D,D,-,-,-,-,-,-,-,-,-,-,-,-,-,-,-,-,-,-,-,-,-,D,0.92140782676637112,,,0.8509283126605196,0.0
493,407,F,F,F,F,F,F,F,F,F,F,F,F,L,L,L,L,L,L,M,V,-,-,-,-,-,-,-,-,-,-,-,-,-,-,-,-,-,-,-,-,-,F,1.0,,,1.0,0.0
494,408,E,E,E,E,E,E,E,E,E,E,D,D,D,D,D,D,D,D,D,E,-,-,-,-,-,-,-,-,-,-,-,-,-,-,-,-,-,-,-,-,-,E,0.87889491785816687,D,0.72110508214183322,0.81213743279916872,0.0
495,409,E,E,E,E,E,E,E,E,E,E,S,M,S,S,S,S,S,S,S,S,-,-,-,-,-,-,-,-,-,-,-,-,-,-,-,-,-,-,-,-,-,E,0.75831630430472241,,,0.58774474389596476,0.0
496,410,L,L,L,L,L,L,L,L,L,L,L,-,L,L,L,L,L,L,L,L,-,-,-,-,-,-,-,-,-,-,-,-,-,-,-,-,-,-,-,-,-,L,0.85254751738531154,,,0.72031578360322623,0.0004
