model,resi,resn,all_acc,sc_acc
3FGQ-a,22,PRO,67.91850483417511,17.927053570747375
3FGQ-a,23,GLU,124.50103447213769,111.9861831665039
3FGQ-a,24,GLU,89.03339970111847,84.96395206451416
3FGQ-a,25,ALA,28.05091467499733,12.81303596496582
3FGQ-a,26,ILE,24.188425287604332,19.062432274222374
3FGQ-a,27,ALA,17.00804516300559,13.614028930664062
3FGQ-a,28,ASP,70.56180453300476,69.93056774139404
3FGQ-a,29,LEU,25.43909665942192,19.113744378089905
3FGQ-a,30,SER,0.5079555660486221,0.19445843994617462
3FGQ-a,31,VAL,11.387309089303017,11.347076773643494
3FGQ-a,32,ASN,94.61831080913544,82.40623044967651
3FGQ-a,33,MET,9.211502656340599,6.731580123305321
3FGQ-a,34,TYR,0.045162804424762726,0.045162804424762726
3FGQ-a,35,ASN,50.23886847496033,42.27366030216217
3FGQ-a,36,ARG,67.932368516922,61.04675531387329
3FGQ-a,37,LEU,8.999205350875854,7.587258338928223
3FGQ-a,38,ARG,65.26104371994734,56.39418387413025
3FGQ-a,39,ALA,75.22928845882416,32.33943176269531
3FGQ-a,40,THR,80.24661714956164,53.221388816833496
3FGQ-a,41,GLY,15.57984647154808,13.783088684082031
3FGQ-a,42,GLU,131.86239541321993,122.32104110717773
3FGQ-a,43,ASP,66.01935005187988,59.672043323516846
3FGQ-a,44,GLU,108.2136804908514,108.16484642028809
3FGQ-a,45,ASN,29.459967017173767,21.506613612174988
3FGQ-a,46,ILE,1.3338050842285156,1.3338050842285156
3FGQ-a,47,LEU,0.0,0.0
3FGQ-a,48,PHE,1.0252771377563477,1.0252771377563477
3FGQ-a,49,SER,1.060702919960022,1.060702919960022
3FGQ-a,50,PRO,1.0752304792404175,0.0
3FGQ-a,51,LEU,1.6937143802642822,1.6937143802642822
3FGQ-a,52,SER,0.0,0.0
3FGQ-a,53,ILE,1.2331265807151794,1.2331265807151794
3FGQ-a,54,ALA,8.596455812454224,5.405240535736084
3FGQ-a,55,LEU,4.157299518585205,4.157299518585205
3FGQ-a,56,ALA,0.39266519248485565,0.33809471130371094
3FGQ-a,57,MET,8.101245746016502,6.365661650896072
3FGQ-a,58,GLY,4.389781713485718,2.8925940990448
3FGQ-a,59,MET,4.604312796145678,2.174601573497057
3FGQ-a,60,MET,9.324913691729307,4.62155157327652
3FGQ-a,61,GLU,12.032309532165527,12.032309532165527
3FGQ-a,62,LEU,38.55289626121521,28.610256910324097
3FGQ-a,63,GLY,0.09309948980808258,0.09309948980808258
3FGQ-a,64,ALA,0.2751595675945282,0.0
3FGQ-a,65,GLN,84.57142949104309,84.07110404968262
3FGQ-a,66,GLY,47.532732009887695,28.58083152770996
3FGQ-a,67,SER,66.02340948581696,52.28352355957031
3FGQ-a,68,THR,1.0232871323823929,0.20580632984638214
3FGQ-a,69,GLN,52.424687922000885,52.424687922000885
3FGQ-a,70,LYS,84.24307823181152,83.01606154441833
3FGQ-a,71,GLU,49.17320264130831,43.34411746263504
3FGQ-a,72,ILE,2.579471468925476,2.579471468925476
3FGQ-a,73,ARG,24.75168712437153,24.6580308675766
3FGQ-a,74,HIS,110.50493383407593,102.55847930908203
3FGQ-a,75,SER,43.69924610853195,7.387287259101868
3FGQ-a,76,MET,35.79267191886902,11.63916540145874
3FGQ-a,77,GLY,49.253426626324654,20.868860244750977
3FGQ-a,78,TYR,22.543275743722916,22.543275743722916
3FGQ-a,79,ASP,49.93715298175812,47.03776502609253
3FGQ-a,80,SER,85.60649061203003,64.2715072631836
3FGQ-a,81,LEU,29.83036983013153,27.67284595966339
3FGQ-a,82,LYS,148.9688632786274,110.56839942932129
3FGQ-a,83,ASN,128.63187074661255,86.07272815704346
3FGQ-a,84,GLY,27.276138842105865,10.272774696350098
3FGQ-a,85,GLU,69.00986659526825,59.790093541145325
3FGQ-a,86,GLU,9.940526001155376,3.9278311729431152
3FGQ-a,87,PHE,46.559644028544426,37.224073216319084
3FGQ-a,88,SER,69.65817099809647,46.20722579956055
3FGQ-a,89,PHE,37.14781817793846,27.48322606086731
3FGQ-a,90,LEU,14.102731585502625,12.461188197135925
3FGQ-a,91,LYS,133.4764015674591,125.75838088989258
3FGQ-a,92,GLU,36.43414467573166,33.91003715991974
3FGQ-a,93,PHE,5.880768448114395,5.386239260435104
3FGQ-a,94,SER,37.44248244911432,35.96860313415527
3FGQ-a,95,ASN,75.97569641470909,68.59222221374512
3FGQ-a,96,MET,7.602793999016285,4.500476241111755
3FGQ-a,97,VAL,61.66555577516556,34.7766016125679
3FGQ-a,98,THR,103.68743947148323,70.8556022644043
3FGQ-a,99,ALA,32.8931097984314,5.740469932556152
3FGQ-a,100,LYS,131.43503469228745,122.81672757863998
3FGQ-a,101,GLU,144.28073745965958,128.10199880599976
3FGQ-a,102,SER,67.63436722755432,50.458603858947754
3FGQ-a,103,GLN,46.786402344703674,46.786402344703674
3FGQ-a,104,TYR,19.077432096004486,15.363210022449493
3FGQ-a,105,VAL,38.033469438552856,34.90910482406616
3FGQ-a,106,MET,9.80266809463501,1.0476179122924805
3FGQ-a,107,LYS,59.73282289505005,59.38825798034668
3FGQ-a,108,ILE,24.977768778800964,6.126599192619324
3FGQ-a,109,ALA,0.35994070768356323,0.0
3FGQ-a,110,ASN,3.3921242356300354,1.4854283928871155
3FGQ-a,111,SER,0.0,0.0
3FGQ-a,112,LEU,10.189475640654564,10.189475640654564
3FGQ-a,113,PHE,0.0,0.0
3FGQ-a,114,VAL,2.785441279411316,2.785441279411316
3FGQ-a,115,GLN,28.267138242721558,28.267138242721558
3FGQ-a,116,ASN,77.9007431268692,62.71475028991699
3FGQ-a,117,GLY,76.9098060131073,30.409282684326172
3FGQ-a,118,PHE,29.347289208322763,26.350529555231333
3FGQ-a,119,HIS,96.28314426541328,89.3200885951519
3FGQ-a,120,VAL,14.852227210998535,4.989486217498779
3FGQ-a,121,ASN,39.102682411670685,38.55705976486206
3FGQ-a,122,GLU,110.46385052800179,104.24990940093994
3FGQ-a,123,GLU,143.91244953870773,136.32833194732666
3FGQ-a,124,PHE,4.420685827732086,1.411306619644165
3FGQ-a,125,LEU,51.147673189640045,50.45069122314453
3FGQ-a,126,GLN,64.28681516647339,64.28681516647339
3FGQ-a,127,MET,53.15399993956089,52.967465311288834
3FGQ-a,128,MET,0.13547620177268982,0.13547620177268982
3FGQ-a,129,LYS,137.1160546541214,117.84178638458252
3FGQ-a,130,LYS,128.61466431617737,90.9956066608429
3FGQ-a,131,TYR,133.41028678417206,127.69069075584412
3FGQ-a,132,PHE,5.965588450431824,5.540566921234131
3FGQ-a,133,ASN,81.94576424360275,62.6181960105896
3FGQ-a,134,ALA,10.95474360883236,0.0
3FGQ-a,135,ALA,31.824687987565994,27.154176712036133
3FGQ-a,136,VAL,28.148201256990433,3.6227886974811554
3FGQ-a,137,ASN,31.20247334241867,30.58554995059967
3FGQ-a,138,HIS,83.5049102306366,54.64772152900696
3FGQ-a,139,VAL,12.400395393371582,8.793206691741943
3FGQ-a,140,ASP,46.01637506484985,37.10114097595215
3FGQ-a,141,PHE,6.024851560592651,1.7137987613677979
3FGQ-a,142,SER,89.37960538640618,56.15850830078125
3FGQ-a,143,GLN,103.21590270102024,95.42611445486546
3FGQ-a,144,ASN,39.19065284729004,34.64182949066162
3FGQ-a,145,VAL,85.7097237110138,82.9509859085083
3FGQ-a,146,ALA,54.136364340782166,37.33157730102539
3FGQ-a,147,VAL,4.460910856723785,1.2567803859710693
3FGQ-a,148,ALA,1.5587414018809795,1.5140246152877808
3FGQ-a,149,ASN,89.60316890478134,85.98847341537476
3FGQ-a,150,TYR,120.30159291625023,115.62616792321205
3FGQ-a,151,ILE,0.18241773918271065,0.18241773918271065
3FGQ-a,152,ASN,16.308307021856308,15.531450659036636
3FGQ-a,153,LYS,128.577330827713,122.91964530944824
3FGQ-a,154,TRP,44.56548336148262,38.68656399846077
3FGQ-a,155,VAL,0.2832172177731991,0.2832172177731991
3FGQ-a,156,GLU,29.5602298527956,29.482431650161743
3FGQ-a,157,ASN,115.21204198896885,93.98802042007446
3FGQ-a,158,ASN,50.368187844753265,43.16482472419739
3FGQ-a,159,THR,0.0,0.0
3FGQ-a,160,ASN,84.68315956741571,66.01675987243652
3FGQ-a,161,ASN,84.09914755821228,80.27189064025879
3FGQ-a,162,LEU,63.91132831573486,55.21706581115723
3FGQ-a,163,VAL,1.550330750644207,0.0960925742983818
3FGQ-a,164,LYS,104.10433837771416,100.69644927978516
3FGQ-a,165,ASP,113.94301664829254,98.9404501914978
3FGQ-a,166,LEU,4.134886920452118,0.2709936201572418
3FGQ-a,167,VAL,7.054010108113289,1.760898470878601
3FGQ-a,168,SER,50.546326816082,49.903786182403564
3FGQ-a,169,PRO,50.69715675711632,50.20985221862793
3FGQ-a,170,ARG,179.28441935777664,162.2195019721985
3FGQ-a,171,ASP,40.36499756574631,35.912601083517075
3FGQ-a,172,PHE,8.169712848961353,2.1486981585621834
3FGQ-a,173,ASP,109.89281761646271,72.49995231628418
3FGQ-a,174,ALA,63.66768227517605,50.63840866088867
3FGQ-a,175,ALA,71.20232009887695,40.54124069213867
3FGQ-a,176,THR,9.722839128226042,2.667891513556242
3FGQ-a,177,TYR,80.98937726020813,80.98937726020813
3FGQ-a,178,LEU,3.6707301139831543,3.6707301139831543
3FGQ-a,179,ALA,0.6708899140357971,0.6708899140357971
3FGQ-a,180,LEU,2.818838119506836,2.818838119506836
3FGQ-a,181,ILE,2.205560028553009,1.678642988204956
3FGQ-a,182,ASN,1.8453879356384277,1.8453879356384277
3FGQ-a,183,ALA,0.0,0.0
3FGQ-a,184,VAL,0.21655040979385376,0.21655040979385376
3FGQ-a,185,TYR,12.235574271529913,12.235574271529913
3FGQ-a,186,PHE,0.0,0.0
3FGQ-a,187,LYS,23.505632042884827,20.758269429206848
3FGQ-a,188,GLY,5.697765961289406,0.0
3FGQ-a,189,ASN,36.09868451952934,35.977909207344055
3FGQ-a,190,TRP,2.3241190016269684,2.3241190016269684
3FGQ-a,191,LYS,76.25981557369232,70.77520406246185
3FGQ-a,192,SER,18.40790045261383,16.1166832447052
3FGQ-a,193,GLN,42.7616802752018,34.891844630241394
3FGQ-a,194,PHE,3.0464911460876465,0.0
3FGQ-a,195,ARG,110.68200817704201,109.0097587108612
3FGQ-a,196,PRO,88.18607378005981,74.22657585144043
3FGQ-a,197,GLU,101.59723770618439,84.89873838424683
3FGQ-a,198,ASN,61.909688234329224,54.536283016204834
3FGQ-a,199,THR,22.046883773058653,3.2229387760162354
3FGQ-a,200,ARG,125.17820274829865,118.55292987823486
3FGQ-a,201,THR,98.06171894073486,68.28903484344482
3FGQ-a,202,PHE,67.41357105970383,63.264070212841034
3FGQ-a,203,SER,39.55050039291382,31.671956777572632
3FGQ-a,204,PHE,0.0,0.0
3FGQ-a,205,THR,49.51997971534729,48.39492416381836
3FGQ-a,206,LYS,25.97644454240799,22.454836189746857
3FGQ-a,207,ASP,59.63949738442898,21.241631373763084
3FGQ-a,208,ASP,87.979532122612,57.35749614238739
3FGQ-a,209,GLU,160.4308798313141,133.77704095840454
3FGQ-a,210,SER,49.1117682158947,41.83107376098633
3FGQ-a,211,GLU,123.1439955830574,83.71211528778076
3FGQ-a,212,VAL,23.61984807252884,19.375676929950714
3FGQ-a,213,GLN,113.89822718501091,87.83109855651855
3FGQ-a,214,ILE,6.275054514408112,4.0236430168151855
3FGQ-a,215,PRO,43.759118527173996,41.267239570617676
3FGQ-a,216,MET,1.3008986711502075,0.2853541374206543
3FGQ-a,217,MET,0.0,0.0
3FGQ-a,218,TYR,64.19507503509521,63.326924443244934
3FGQ-a,219,GLN,12.889897346496582,10.518581628799438
3FGQ-a,220,GLN,78.77867269515991,53.75329041481018
3FGQ-a,221,GLY,4.496736526489258,4.496736526489258
3FGQ-a,222,GLU,87.30057775974274,73.92130184173584
3FGQ-a,223,PHE,2.1946731992065907,1.7805545777082443
3FGQ-a,224,TYR,37.75483778119087,37.75483778119087
3FGQ-a,225,TYR,15.138063907623291,10.438212871551514
3FGQ-a,226,GLY,7.976937770843506,7.976937770843506
3FGQ-a,227,GLU,104.79504752159119,71.61069083213806
3FGQ-a,228,PHE,17.83793079853058,14.046468496322632
3FGQ-a,229,SER,59.51335182785988,37.12093925476074
3FGQ-a,230,ASP,53.76828470826149,35.10084366798401
3FGQ-a,231,GLY,54.39482641220093,21.357473373413086
3FGQ-a,232,SER,51.71398940682411,21.46256721019745
3FGQ-a,233,ASN,133.49307817220688,94.67829418182373
3FGQ-a,234,GLU,127.59888541698456,109.78982448577881
3FGQ-a,235,ALA,103.2929208278656,61.439666748046875
3FGQ-a,236,GLY,40.25298649072647,23.47542953491211
3FGQ-a,237,GLY,8.564899444580078,4.070033550262451
3FGQ-a,238,ILE,68.33309558033943,60.0190486907959
3FGQ-a,239,TYR,5.912707939743996,5.4548065811395645
3FGQ-a,240,GLN,36.52688917517662,35.68189650774002
3FGQ-a,241,VAL,0.0,0.0
3FGQ-a,242,LEU,1.9949943572282791,1.7858860492706299
3FGQ-a,243,GLU,0.0882604718208313,0.0882604718208313
3FGQ-a,244,ILE,3.149651527404785,3.149651527404785
3FGQ-a,245,PRO,14.606662809848785,13.939679861068726
3FGQ-a,246,TYR,1.3792625665664673,1.3792625665664673
3FGQ-a,247,GLU,56.73206305503845,53.74072456359863
3FGQ-a,248,GLY,27.926739066839218,5.73905611038208
3FGQ-a,249,ASP,84.07076226174831,65.39046335220337
3FGQ-a,250,GLU,66.27225098013878,65.82681477069855
3FGQ-a,251,ILE,4.486646428704262,3.4928321838378906
3FGQ-a,252,SER,0.19827668368816376,0.19827668368816376
3FGQ-a,253,MET,0.049544427543878555,0.049544427543878555
3FGQ-a,254,MET,0.43415333330631256,0.26977840065956116
3FGQ-a,255,LEU,4.66565415263176,3.598866432905197
3FGQ-a,256,VAL,4.8954527378082275,4.8954527378082275
3FGQ-a,257,LEU,7.3408940099179745,6.476105060428381
3FGQ-a,258,SER,5.169654577970505,1.9676194041967392
3FGQ-a,259,ARG,83.5968701839447,74.81771337985992
3FGQ-a,260,GLN,119.14177930355072,89.55710506439209
3FGQ-a,261,GLU,130.30347341299057,90.05291271209717
3FGQ-a,262,VAL,44.418107122182846,40.94422987103462
3FGQ-a,263,PRO,54.66546630859375,53.684752464294434
3FGQ-a,264,LEU,2.3831189461052418,1.789429783821106
3FGQ-a,265,ALA,58.98421096801758,46.643272399902344
3FGQ-a,266,THR,65.08488750457764,43.19571495056152
3FGQ-a,267,LEU,12.139712676405907,8.589563474059105
3FGQ-a,268,GLU,6.505339197814465,5.675540864467621
3FGQ-a,269,PRO,62.5731762945652,50.00748825073242
3FGQ-a,270,LEU,50.85513520240784,40.933921098709106
3FGQ-a,271,VAL,5.729791015386581,4.89189501106739
3FGQ-a,272,LYS,115.41824874281883,115.09452819824219
3FGQ-a,273,ALA,16.092520356178284,8.247320175170898
3FGQ-a,274,GLN,152.7587776184082,142.12686014175415
3FGQ-a,275,LEU,29.929688453674316,26.963868856430054
3FGQ-a,276,VAL,11.81558096408844,11.81558096408844
3FGQ-a,277,GLU,81.76567507535219,81.14407706260681
3FGQ-a,278,GLU,87.35847717523575,80.58811140060425
3FGQ-a,279,TRP,4.782479822635651,4.782479822635651
3FGQ-a,280,ALA,20.838428139686584,5.969305992126465
3FGQ-a,281,ASN,122.46814179420471,96.428551197052
3FGQ-a,282,SER,49.406570099294186,33.979105949401855
3FGQ-a,283,VAL,9.375169456005096,0.6395804286003113
3FGQ-a,284,LYS,119.12384116649628,118.60098266601562
3FGQ-a,285,LYS,117.10705614089966,84.23050737380981
3FGQ-a,286,GLN,57.34214425086975,53.44239950180054
3FGQ-a,287,LYS,46.43483591079712,40.32866299152374
3FGQ-a,288,VAL,0.0,0.0
3FGQ-a,289,GLU,32.85858952999115,32.85858952999115
3FGQ-a,290,VAL,0.0,0.0
3FGQ-a,291,TYR,49.49544233083725,49.49544233083725
3FGQ-a,292,LEU,0.0,0.0
3FGQ-a,293,PRO,0.04384307563304901,0.04384307563304901
3FGQ-a,294,ARG,95.44767082482576,87.87819743156433
3FGQ-a,295,PHE,7.48975570499897,0.6864411532878876
3FGQ-a,296,THR,66.47536897659302,52.504634857177734
3FGQ-a,297,VAL,2.1680392026901245,0.36115962266921997
3FGQ-a,298,GLU,89.94762918353081,73.81395694613457
3FGQ-a,299,GLN,33.883198738098145,29.624220848083496
3FGQ-a,300,GLU,83.58434295654297,51.11961650848389
3FGQ-a,301,ILE,6.093197602778673,3.170039791613817
3FGQ-a,302,ASP,56.93605234101415,47.24071531370282
3FGQ-a,303,LEU,1.3413001596927643,1.3413001596927643
3FGQ-a,304,LYS,50.53704631328583,50.53704631328583
3FGQ-a,305,ASP,93.25283733010292,87.47336673736572
3FGQ-a,306,VAL,7.51292085647583,7.51292085647583
3FGQ-a,307,LEU,2.1340799033641815,2.1340799033641815
3FGQ-a,308,LYS,87.38340324163437,71.59211248159409
3FGQ-a,309,ALA,73.60704565048218,25.62150764465332
3FGQ-a,310,LEU,71.57564878463745,55.75211215019226
3FGQ-a,311,GLY,36.61636793613434,25.00257682800293
3FGQ-a,312,ILE,2.7448983788490295,2.7448983788490295
3FGQ-a,313,THR,51.71969735622406,51.12814903259277
3FGQ-a,314,GLU,37.14289537072182,36.71034109592438
3FGQ-a,315,ILE,3.0110451504588127,2.631599746644497
3FGQ-a,316,PHE,8.532968521118164,0.0
3FGQ-a,317,ILE,61.50818371772766,61.50818371772766
3FGQ-a,318,LYS,125.52558445930481,110.04997026920319
3FGQ-a,319,ASP,111.69180202484131,92.90407848358154
3FGQ-a,320,ALA,13.645506858825684,0.0
3FGQ-a,321,ASN,46.94052201509476,44.363801062107086
3FGQ-a,322,LEU,5.77823831140995,1.7240322977304459
3FGQ-a,323,THR,67.190269947052,54.63648843765259
3FGQ-a,324,GLY,17.75629997253418,7.629839897155762
3FGQ-a,325,LEU,9.812131881713867,9.812131881713867
3FGQ-a,326,SER,0.624703660607338,0.22425754368305206
3FGQ-a,327,ASP,103.99604254961014,73.81697654724121
3FGQ-a,328,ASN,47.362837091088295,35.99737083911896
3FGQ-a,329,LYS,168.95117044448853,150.32970142364502
3FGQ-a,330,GLU,114.87358093261719,105.01749897003174
3FGQ-a,331,ILE,2.39981347322464,1.4488952159881592
3FGQ-a,332,PHE,27.70481538772583,27.70481538772583
3FGQ-a,333,LEU,3.4685436487197876,3.4685436487197876
3FGQ-a,334,SER,7.9643474817276,4.126348972320557
3FGQ-a,335,LYS,45.239024460315704,45.239024460315704
3FGQ-a,336,ALA,0.09417331218719482,0.09417331218719482
3FGQ-a,337,ILE,12.726358443498611,11.810478806495667
3FGQ-a,338,HIS,0.0,0.0
3FGQ-a,339,LYS,17.31904749572277,17.31904749572277
3FGQ-a,340,SER,0.0,0.0
3FGQ-a,341,PHE,35.562148705124855,35.562148705124855
3FGQ-a,342,LEU,0.0,0.0
3FGQ-a,343,GLU,51.754395484924316,49.92000961303711
3FGQ-a,344,VAL,3.6408403515815735,0.2726653218269348
3FGQ-a,345,ASN,22.77598848938942,20.029550701379776
3FGQ-a,346,GLU,18.868307422846556,18.604345589876175
3FGQ-a,347,GLU,98.77924909442663,92.76370048522949
3FGQ-a,348,GLY,26.855036169290543,0.45751872658729553
3FGQ-a,349,SER,33.30931806564331,28.301602363586426
3FGQ-a,350,GLU,124.44171571731567,101.31560182571411
3FGQ-a,351,ALA,64.16770499944687,39.2484016418457
3FGQ-a,352,ALA,103.5316047668457,57.724754333496094
3FGQ-a,353,ALA,149.30139827728271,60.876708984375
3FGQ-a,359,ALA,118.18520879745483,55.18111801147461
3FGQ-a,360,ILE,104.19222974777222,96.07090330123901
3FGQ-a,361,SER,83.85729992389679,67.79989242553711
3FGQ-a,362,ARG,187.2081162929535,169.37972235679626
3FGQ-a,363,MET,90.07542926073074,89.74172306060791
3FGQ-a,364,ALA,44.27395710349083,34.001399993896484
3FGQ-a,365,VAL,131.89958058297634,93.73116493225098
3FGQ-a,366,LEU,123.54958647489548,99.18558323383331
3FGQ-a,367,TYR,28.634527623653412,17.68463334441185
3FGQ-a,368,PRO,20.336923450231552,10.989223331212997
3FGQ-a,369,GLN,115.83534920215607,97.19220650196075
3FGQ-a,370,VAL,3.361640304327011,3.2277190685272217
3FGQ-a,371,ILE,48.205937802791595,46.41755759716034
3FGQ-a,372,VAL,1.581958532333374,1.581958532333374
3FGQ-a,373,ASP,25.541295029222965,25.165541388094425
3FGQ-a,374,HIS,7.4767502546310425,7.4767502546310425
3FGQ-a,375,PRO,0.6917051374912262,0.1353578269481659
3FGQ-a,376,PHE,0.6467160284519196,0.6467160284519196
3FGQ-a,377,PHE,4.028709396719933,4.028709396719933
3FGQ-a,378,PHE,0.18466998636722565,0.18466998636722565
3FGQ-a,379,LEU,0.4135129749774933,0.4135129749774933
3FGQ-a,380,ILE,0.0,0.0
3FGQ-a,381,ARG,17.944518506526947,17.944518506526947
3FGQ-a,382,ASN,4.887016296386719,4.887016296386719
3FGQ-a,383,ARG,77.60470187664032,52.33483213186264
3FGQ-a,384,ARG,166.67141265794635,126.28955821320415
3FGQ-a,385,THR,49.42968940734863,18.39331340789795
3FGQ-a,386,GLY,29.308219775557518,10.354605674743652
3FGQ-a,387,THR,13.226242631673813,12.909157752990723
3FGQ-a,388,ILE,7.788695737719536,7.665963172912598
3FGQ-a,389,LEU,0.4499426558613777,0.05347146838903427
3FGQ-a,390,PHE,0.0,0.0
3FGQ-a,391,MET,3.14554762840271,3.14554762840271
3FGQ-a,392,GLY,0.0,0.0
3FGQ-a,393,ARG,8.544071555137634,8.544071555137634
3FGQ-a,394,VAL,0.7727311812341213,0.7727311812341213
3FGQ-a,395,MET,18.28835742175579,17.29533289372921
3FGQ-a,396,HIS,43.96846008300781,40.598859786987305
3FGQ-a,397,PRO,5.796358957886696,0.37808090448379517
3FGQ-a,398,GLU,54.493036452680826,43.112546384334564
3FGQ-a,399,THR,122.14985701441765,101.56566047668457
3FGQ-a,400,MET,221.27864360809326,150.03441333770752
