score name,Profile-based score (corrected for self-comparisons)
score sequences,16 sequences (8C2FFA0C checksum)
score sequence ids,ANT3_CANIS ANT3_XENOPUS ANT3_MUS ANT3_RATTUS ANT3_FUGU ANT3_DANIO ANT3_GALLUS ANT3_STRUTHIO ANT3_HUMAN ANT3_PONGO ANT3_OVIS ANT3_BOVIN ANT3_CAVIA ANT3_CHELYDRA ANT3_SPHENODON ANT3_SALMO
score number of sites,496 sites
score weighting,weighted by evolutionary distance
score against,Sequence profile
profile name,Sequence profile
profile sequences,16 sequences (8C2FFA0C checksum)
profile sequence ids,ANT3_CANIS ANT3_XENOPUS ANT3_MUS ANT3_RATTUS ANT3_FUGU ANT3_DANIO ANT3_GALLUS ANT3_STRUTHIO ANT3_HUMAN ANT3_PONGO ANT3_OVIS ANT3_BOVIN ANT3_CAVIA ANT3_CHELYDRA ANT3_SPHENODON ANT3_SALMO
profile number of sites,496 sites
profile weighting,weighted by evolutionary distance
profile substitution matrix,"vectors of Transformed 250 PAM PET91 matrix (Valdar 2001) to be in the range of [0.0-1.0] with constant diagonal., average diagonal, linear transform, gap 0.000, gap-gap 0.000"
report site selections,present sites
report sites,496 sites
report sequences shown,NS_CANIS NS_BOS NS_HOMO NS_PAN NS_MUS NS_RATTUS NS_MONODELPHIS NS_GALLUS NS_XENOPOS NS_FUGU NS_DANIO PP_HOMO PP_PAN PP_CANIS PP_BOS PP_MUS PP_RATTUS PP_MONODELPHIS PP_XENOPOS PAI1_HOMO PAI1_PAN PAI1_CANIS PAI1_BOS PAI1_MUS PAI1_RATTUS PAI1_MONODELPHIS PAI1_XENOPOS PAI1_DANIO PAI1_FUGU GDN_FUGU GDN_DANIO GDN_HOMO GDN_PAN GDN_BOS GDN_CANIS GDN_MUS GDN_RATTUS GDN_MONODELPHIS GDN_GALLUS GDN_XENOPOS ANT3_CANIS ANT3_XENOPUS ANT3_MUS ANT3_RATTUS ANT3_FUGU ANT3_DANIO ANT3_GALLUS ANT3_STRUTHIO ANT3_HUMAN ANT3_PONGO ANT3_OVIS ANT3_BOVIN ANT3_CAVIA ANT3_CHELYDRA ANT3_SPHENODON ANT3_SALMO
report numbering by,reference sequence ANT3_HUMAN starting from -32
report numbering extent,-32 to 432j
note sequences,sequences marked * were not scored
note consensus,showing consensus determined from profile
consensus details,Consensus: residues with score >= 0.700 or >= 1.00 of max score
note scores,showing score for each position under score
note p-value,showing p-value from randomizations under pvalue
randomization sequence number,56
randomization sequence checksum,BE76EEF0
randomization sequence ids,NS_CANIS NS_BOS NS_HOMO NS_PAN NS_MUS NS_RATTUS NS_MONODELPHIS NS_GALLUS NS_XENOPOS NS_FUGU NS_DANIO PP_HOMO PP_PAN PP_CANIS PP_BOS PP_MUS PP_RATTUS PP_MONODELPHIS PP_XENOPOS PAI1_HOMO PAI1_PAN PAI1_CANIS PAI1_BOS PAI1_MUS PAI1_RATTUS PAI1_MONODELPHIS PAI1_XENOPOS PAI1_DANIO PAI1_FUGU GDN_FUGU GDN_DANIO GDN_HOMO GDN_PAN GDN_BOS GDN_CANIS GDN_MUS GDN_RATTUS GDN_MONODELPHIS GDN_GALLUS GDN_XENOPOS ANT3_CANIS ANT3_XENOPUS ANT3_MUS ANT3_RATTUS ANT3_FUGU ANT3_DANIO ANT3_GALLUS ANT3_STRUTHIO ANT3_HUMAN ANT3_PONGO ANT3_OVIS ANT3_BOVIN ANT3_CAVIA ANT3_CHELYDRA ANT3_SPHENODON ANT3_SALMO
randomization sequence number of sites,496
randomization sample size,16
randomization score type,PROFILE
randomization substitution matrix,"vectors of Transformed 250 PAM PET91 matrix (Valdar 2001) to be in the range of [0.0-1.0] with constant diagonal., average diagonal, linear transform, gap 0.000, gap-gap 0.000"
randomization distance matrix type,evolutionary distance
randomization total randomizations,10000
note header ends,data follows immediately below
alignment num,report num,Ref: ANT3_HUMAN,*NS_CANIS,*NS_BOS,*NS_HOMO,*NS_PAN,*NS_MUS,*NS_RATTUS,*NS_MONODELPHIS,*NS_GALLUS,*NS_XENOPOS,*NS_FUGU,*NS_DANIO,*PP_HOMO,*PP_PAN,*PP_CANIS,*PP_BOS,*PP_MUS,*PP_RATTUS,*PP_MONODELPHIS,*PP_XENOPOS,*PAI1_HOMO,*PAI1_PAN,*PAI1_CANIS,*PAI1_BOS,*PAI1_MUS,*PAI1_RATTUS,*PAI1_MONODELPHIS,*PAI1_XENOPOS,*PAI1_DANIO,*PAI1_FUGU,*GDN_FUGU,*GDN_DANIO,*GDN_HOMO,*GDN_PAN,*GDN_BOS,*GDN_CANIS,*GDN_MUS,*GDN_RATTUS,*GDN_MONODELPHIS,*GDN_GALLUS,*GDN_XENOPOS,ANT3_CANIS,ANT3_XENOPUS,ANT3_MUS,ANT3_RATTUS,ANT3_FUGU,ANT3_DANIO,ANT3_GALLUS,ANT3_STRUTHIO,ANT3_HUMAN,ANT3_PONGO,ANT3_OVIS,ANT3_BOVIN,ANT3_CAVIA,ANT3_CHELYDRA,ANT3_SPHENODON,ANT3_SALMO,consensus 1,consensus 1 score,consensus 2,consensus 2 score,score,pvalue
1,-32,M,-,-,-,-,-,-,-,-,-,-,-,-,-,-,-,-,-,-,-,-,-,-,-,-,-,-,-,-,-,-,-,-,-,-,-,-,-,-,-,-,M,-,M,M,-,-,-,-,M,M,M,-,-,-,-,-,,,,,0.087110871300645557,0.0001
2,-31,Y,-,-,-,-,-,-,-,-,-,-,-,-,-,-,-,-,-,-,-,-,-,-,-,-,-,-,-,-,-,-,-,-,-,-,-,-,-,-,-,-,F,-,Y,Y,-,-,-,-,Y,Y,I,-,-,-,-,-,,,,,0.056886733771685981,0.0004
3,-30,S,-,-,-,-,-,-,-,-,-,-,-,-,-,-,-,-,-,-,-,-,-,-,-,-,-,-,-,-,-,-,-,-,-,-,-,-,-,-,-,-,S,-,S,S,-,-,-,-,S,S,S,-,-,-,-,-,,,,,0.087110871300645557,0.0001
4,-29,N,-,-,-,-,-,-,-,-,-,-,-,-,-,-,-,-,-,-,-,-,-,-,-,-,-,-,-,-,-,-,-,-,-,-,-,-,-,-,-,-,N,-,P,P,-,-,-,-,N,N,N,-,-,-,-,-,,,,,0.052986863904437326,0.0003
5,-28,V,-,-,-,-,-,-,-,-,-,-,-,-,-,-,-,-,-,-,-,-,-,-,-,-,-,-,-,-,-,-,-,-,-,-,-,-,-,-,-,-,G,-,G,G,-,-,-,-,V,V,G,-,-,-,-,-,,,,,0.050535832920512815,0.0006
6,-27,I,-,-,-,-,-,-,-,-,-,-,-,-,-,-,-,-,-,-,-,-,-,-,-,-,-,-,-,-,-,-,-,-,-,-,-,-,-,-,-,-,I,-,A,I,-,-,-,-,I,I,I,-,-,-,-,-,,,,,0.067802376725716207,0.0003
7,-26,G,-,-,-,-,-,-,-,-,-,-,-,-,-,-,-,-,-,-,-,-,-,-,-,-,-,-,-,-,-,-,-,-,-,-,-,-,-,-,-,-,G,-,G,G,-,-,-,-,G,G,G,-,M,-,-,-,,,,,0.092449241304991742,0.0001
8,-25,T,-,-,-,-,-,-,-,-,-,-,-,-,-,-,-,-,-,-,-,-,-,-,-,-,-,-,-,-,-,-,-,-,-,-,-,-,-,-,-,-,M,-,S,S,-,-,-,-,T,T,T,-,F,-,-,-,,,,,0.054311104784995096,0.0
9,-24,V,-,-,-,-,-,-,-,-,-,-,-,-,-,-,-,-,-,-,-,-,-,-,-,-,-,-,-,-,-,-,-,-,-,-,-,-,-,-,-,-,I,-,G,A,-,-,-,-,V,I,V,-,S,-,-,-,,,,,0.052696112227309709,0.0
10,-23,T,-,-,-,-,-,-,-,-,-,-,-,-,-,-,-,-,-,-,-,-,-,-,-,-,-,-,-,-,-,-,-,-,-,-,-,-,-,-,-,-,A,-,A,V,-,-,-,-,T,T,T,-,R,-,-,-,,,,,0.059471911152060533,0.0
11,-22,S,-,-,-,-,-,-,-,-,-,-,-,-,-,-,-,-,-,-,-,-,-,-,-,-,-,-,-,-,-,-,-,-,-,-,-,-,-,-,-,-,A,-,A,A,-,-,-,-,S,S,T,-,A,-,-,-,,,,,0.079223646284165436,0.0
12,-21,G,-,-,-,-,-,-,-,-,-,-,-,-,-,-,-,-,-,-,-,-,-,-,-,-,-,-,-,-,-,-,-,-,-,-,-,-,-,-,-,-,G,-,G,G,-,-,-,-,G,G,G,-,S,-,-,-,,,,,0.10316611943401749,0.0
13,-20,K,-,-,-,-,-,-,-,-,-,-,-,-,-,-,-,-,-,-,-,-,-,-,-,-,-,-,-,-,-,-,-,-,-,-,-,-,-,-,-,-,K,-,E,E,-,-,-,-,K,K,K,-,G,-,-,-,,,,,0.071681093573758792,0.0
14,-19,R,-,-,-,-,-,-,-,-,-,-,-,-,-,-,-,-,-,-,-,-,-,-,-,-,-,-,-,-,-,-,-,-,-,-,-,-,-,-,-,-,R,-,R,R,-,-,-,-,R,R,R,-,K,-,-,-,,,,,0.11119374350070342,0.0
15,-18,K,-,-,-,-,-,-,-,-,-,-,-,-,-,-,-,-,-,-,-,-,-,-,-,-,-,-,-,-,-,-,-,-,-,-,-,-,-,-,-,-,R,-,K,K,-,-,-,-,K,K,S,-,R,-,-,M,,,,,0.093817734025244792,0.0
16,-17,V,-,-,-,-,-,-,-,-,-,-,-,-,-,-,-,-,-,-,-,-,-,-,-,-,-,-,-,-,-,-,-,-,-,-,-,-,-,-,-,-,T,-,L,L,-,-,-,M,V,V,M,-,Q,M,-,R,,,,,0.12463258391761345,0.0
17,-16,Y,-,-,-,-,-,-,-,-,-,-,-,-,-,-,-,-,-,-,-,-,-,-,-,-,-,-,-,-,-,-,-,-,-,-,-,-,-,-,-,-,C,M,C,C,-,M,-,H,Y,Y,C,-,V,H,M,L,,,,,0.23569575512597868,0.0
18,-15,L,-,-,-,-,-,-,-,-,-,-,-,-,-,-,-,-,-,-,-,-,-,-,-,-,-,-,-,-,-,-,-,-,-,-,-,-,-,-,-,-,L,Y,L,L,M,K,-,L,L,L,L,-,C,L,H,P,,,,,0.33148963596053904,0.0
19,-14,L,-,-,-,-,-,-,-,-,-,-,-,-,-,-,-,-,-,-,-,-,-,-,-,-,-,-,-,-,-,-,-,-,-,-,-,-,-,-,-,-,L,L,L,L,P,L,-,F,L,L,F,-,L,F,L,Q,,,,,0.45222805255338,0.0
20,-13,S,-,-,-,-,-,-,-,-,-,-,-,-,-,-,-,-,-,-,-,-,-,-,-,-,-,-,-,-,-,-,-,-,-,-,-,-,-,-,-,-,S,L,S,S,A,L,-,V,S,S,P,-,L,V,F,F,,,,,0.30502057220403678,0.0
21,-12,L,-,-,-,-,-,-,-,-,-,-,-,-,-,-,-,-,-,-,-,-,-,-,-,-,-,-,-,-,-,-,-,-,-,-,-,-,-,-,-,-,L,S,L,L,S,A,-,A,L,L,L,-,S,W,T,V,,,,,0.30189482944884727,0.0
22,-11,L,-,-,-,-,-,-,-,-,-,-,-,-,-,-,-,-,-,-,-,-,-,-,-,-,-,-,-,-,-,-,-,-,-,-,-,-,-,-,-,-,L,L,L,L,D,C,-,C,L,L,L,-,V,L,L,W,,,,,0.35280747874800256,0.0
23,-10,L,-,-,-,-,-,-,-,-,-,-,-,-,-,-,-,-,-,-,-,-,-,-,-,-,-,-,-,-,-,-,-,-,-,-,-,-,-,-,-,-,L,L,L,L,W,M,-,L,L,L,L,-,L,I,L,T,,,,,0.46376202602749539,0.0
24,-9,I,-,-,-,-,-,-,-,-,-,-,-,-,-,-,-,-,-,-,-,-,-,-,-,-,-,-,-,-,-,-,-,-,-,-,-,-,-,-,-,-,I,L,I,I,L,W,-,F,I,I,I,-,L,I,V,L,,,,,0.40935792181106623,0.0
25,-8,G,-,-,-,-,-,-,-,-,-,-,-,-,-,-,-,-,-,-,-,-,-,-,-,-,-,-,-,-,-,-,-,-,-,-,-,-,-,-,-,-,G,L,G,G,L,A,-,G,G,G,G,-,T,S,I,G,,,,,0.34165026196809467,0.0
26,-7,F,-,-,-,-,-,-,-,-,-,-,-,-,-,-,-,-,-,-,-,-,-,-,-,-,-,-,-,-,-,-,-,-,-,-,-,-,-,-,-,-,L,S,A,A,L,L,-,I,F,F,L,-,L,L,S,L,,,,,0.38596411144985093,0.0
27,-6,W,-,-,-,-,-,-,-,-,-,-,-,-,-,-,-,-,-,-,-,-,-,-,-,-,-,-,-,-,-,-,-,-,-,-,-,-,-,-,-,-,W,L,L,L,L,W,-,W,W,W,W,-,W,W,I,L,,,,,0.3954039474978911,0.0
28,-5,D,-,-,-,-,-,-,-,-,-,-,-,-,-,-,-,-,-,-,-,-,-,-,-,-,-,-,-,-,-,-,-,-,-,-,-,-,-,-,-,-,G,L,G,G,A,A,-,A,D,D,G,-,S,G,W,L,,,,,0.28015952484435591,0.0
29,-4,C,-,-,-,-,-,-,-,-,-,-,-,-,-,-,-,-,-,-,-,-,-,-,-,-,-,-,-,-,-,-,-,-,-,-,-,-,-,-,-,-,C,G,C,C,S,F,-,L,C,C,C,-,S,A,G,P,,,,,0.28924346467561235,0.0
30,-3,V,-,-,-,-,-,-,-,-,-,-,-,-,-,-,-,-,-,-,-,-,-,-,-,-,-,-,-,-,-,-,-,-,-,-,-,-,-,-,-,-,V,S,A,A,L,A,-,A,V,V,V,-,V,V,V,L,,,,,0.40884173992248102,0.0
31,-2,T,-,-,-,-,-,-,-,-,-,-,-,-,-,-,-,-,-,-,-,-,-,-,-,-,-,-,-,-,-,-,-,-,-,-,-,-,-,-,-,-,V,G,I,V,H,L,-,S,T,T,T,-,A,A,V,L,,,,,0.27850914835183482,0.0
32,-1,C,-,-,-,-,-,-,-,-,-,-,-,-,-,-,-,-,-,-,-,-,-,-,-,-,-,-,-,-,-,-,-,-,-,-,-,-,-,-,-,-,C,Y,C,C,V,C,-,P,C,C,C,-,C,P,A,S,,,,,0.35931141553307527,0.0
33,1,H,-,-,-,-,-,-,-,-,-,-,-,-,-,-,-,-,-,-,-,-,-,-,-,-,-,-,-,-,-,-,-,-,-,-,-,-,-,-,-,-,P,L,H,H,V,S,-,Q,H,H,H,H,Q,Q,P,T,,,,,0.35091360063435584,0.0
34,2,G,-,-,-,-,-,-,-,-,-,-,-,-,-,-,-,-,-,-,-,-,-,-,-,-,-,-,-,-,-,-,-,-,-,-,-,-,-,-,-,-,W,Q,G,G,S,I,-,R,G,G,R,R,G,Y,Q,S,,,,,0.302430151013377,0.0
35,3,S,-,-,-,-,-,-,-,-,-,-,-,-,-,-,-,-,-,-,-,-,-,-,-,-,-,-,-,-,-,-,-,-,-,-,-,-,-,-,-,-,S,S,N,N,A,H,-,Y,S,S,S,S,N,H,H,Q,,,,,0.38929347279097887,0.0
36,4,P,-,-,-,-,-,-,-,-,-,-,-,-,-,-,-,-,-,-,-,-,-,-,-,-,-,-,-,-,-,-,-,-,-,-,-,-,-,-,-,-,P,Q,P,P,D,A,-,V,P,P,P,P,P,P,H,A,,,,,0.43331180710575895,0.0
37,4a,-,-,-,-,-,-,-,-,-,-,-,-,-,-,-,-,-,-,-,-,-,-,-,-,-,-,-,-,-,-,-,-,-,-,-,-,-,-,-,-,-,G,N,V,V,V,T,-,V,-,-,V,V,V,V,P,F,,,,,0.33423564108351411,0.0
38,5,V,-,-,-,-,-,-,-,-,-,-,-,-,-,-,-,-,-,-,-,-,-,-,-,-,-,-,-,-,-,-,-,-,-,-,-,-,-,-,-,-,E,A,D,D,L,K,-,E,V,V,E,E,E,E,V,K,,,,,0.34775541908351781,0.0
39,6,D,-,-,-,-,-,-,-,-,-,-,-,-,-,-,-,-,-,-,-,-,-,-,-,-,-,-,-,-,-,-,-,-,-,-,-,-,-,-,-,-,D,D,D,D,D,D,-,D,D,D,D,D,D,D,D,D,D,0.92659285916281253,,,0.85462306208523842,0.0
40,7,I,-,-,-,-,-,-,-,-,-,-,-,-,-,-,-,-,-,-,-,-,-,-,-,-,-,-,-,-,-,-,-,-,-,-,-,-,-,-,-,-,I,I,I,I,I,I,-,I,I,I,I,V,I,I,I,I,I,0.90441465385749764,,,0.81332912645699673,0.0
41,8,C,-,-,-,-,-,-,-,-,-,-,-,-,-,-,-,-,-,-,-,-,-,-,-,-,-,-,-,-,-,-,-,-,-,-,-,-,-,-,-,-,C,C,C,C,C,C,-,C,C,C,C,C,C,C,C,C,C,0.92659285916281253,,,0.85462306208523842,0.0
42,9,T,-,-,-,-,-,-,-,-,-,-,-,-,-,-,-,-,-,-,-,-,-,-,-,-,-,-,-,-,-,-,-,-,-,-,-,-,-,-,-,-,T,L,I,I,G,N,-,T,T,I,T,T,V,T,T,N,,,,,0.40330677485833843,0.0
43,10,A,-,-,-,-,-,-,-,-,-,-,-,-,-,-,-,-,-,-,-,-,-,-,-,-,-,-,-,-,-,-,-,-,-,-,-,-,-,-,-,-,A,A,A,A,A,A,-,A,A,A,A,A,A,A,A,A,A,0.92659285916281253,,,0.85462306208523842,0.0
44,11,K,-,-,-,-,-,-,-,-,-,-,-,-,-,-,-,-,-,-,-,-,-,-,-,-,-,-,-,-,-,-,-,-,-,-,-,-,-,-,-,-,K,K,K,K,K,K,-,K,K,K,K,K,K,K,K,K,K,0.92659285916281253,,,0.85462306208523842,0.0
45,12,P,-,-,-,-,-,-,-,-,-,-,-,-,-,-,-,-,-,-,-,-,-,-,-,-,-,-,-,-,-,-,-,-,-,-,-,-,-,-,-,-,P,P,P,P,P,P,-,P,P,P,P,P,P,P,P,P,P,0.92659285916281253,,,0.85462306208523842,0.0
46,13,R,-,-,-,-,-,-,-,-,-,-,-,-,-,-,-,-,-,-,-,-,-,-,-,-,-,-,-,-,-,-,-,-,-,-,-,-,-,-,-,-,R,K,R,R,R,K,R,R,R,R,R,R,R,R,R,K,R,0.90894872037686836,,,0.84969247546898086,0.0
47,14,D,-,-,-,-,-,-,-,-,-,-,-,-,-,-,-,-,-,-,-,-,-,-,-,-,-,-,-,-,-,-,-,-,-,-,-,-,-,-,-,-,D,D,D,D,D,D,D,D,D,D,D,D,D,D,D,D,D,1.0000000000000002,,,1.0000000000000004,0.0
48,15,I,-,-,-,-,-,-,-,-,-,-,-,-,-,-,-,-,-,-,-,-,-,-,-,-,-,-,-,-,-,-,-,-,-,-,-,-,-,-,-,-,I,I,I,I,L,L,I,I,I,I,I,I,V,I,I,V,I,0.86021711614964569,,,0.76491399535614579,0.0
49,16,P,-,-,-,-,-,-,-,-,-,-,-,-,-,-,-,-,-,-,-,-,-,-,-,-,-,-,-,-,-,-,-,-,-,-,-,-,-,-,-,-,P,P,P,P,A,P,P,P,P,P,P,P,P,P,A,P,P,0.91220610723312101,,,0.83981344288127457,0.0
50,17,M,-,-,-,-,-,-,-,-,-,-,-,-,-,-,-,-,-,-,-,-,-,-,-,-,-,-,-,-,-,-,-,-,-,-,-,-,-,-,-,-,V,L,V,V,L,L,V,V,M,M,V,V,W,V,V,L,V,0.72601534380092225,,,0.61515282796527082,0.0
51,18,N,-,-,-,-,-,-,-,-,-,-,-,-,-,-,-,-,-,-,-,-,-,-,-,-,-,-,-,-,-,-,-,-,-,-,-,-,-,-,-,-,N,T,N,N,E,E,N,N,N,N,N,N,N,N,N,E,N,0.81522235716502833,,,0.70014313913388704,0.0
52,19,P,-,-,-,-,-,-,-,-,-,-,-,-,-,-,-,-,-,-,-,-,-,-,-,-,-,-,-,-,-,-,-,-,-,-,-,-,-,-,-,-,P,P,P,P,P,P,P,P,P,P,P,P,P,P,P,P,P,1.0000000000000002,,,1.0000000000000004,0.0
53,20,M,-,-,-,-,-,-,-,-,-,-,-,-,-,-,-,-,-,-,-,-,-,-,-,-,-,-,-,-,-,-,-,-,-,-,-,-,-,-,-,-,M,M,L,M,R,M,I,I,M,M,M,M,M,M,M,R,M,0.78782705501203543,,,0.63998957828596559,0.0
54,21,C,-,-,-,-,-,-,-,-,-,-,-,-,-,-,-,-,-,-,-,M,M,M,M,M,M,-,-,-,-,-,-,-,-,-,-,-,-,-,-,-,C,C,C,C,C,C,C,C,C,C,C,C,C,C,C,C,C,1.0000000000000002,,,1.0000000000000004,0.0
55,22,I,-,-,-,-,-,-,-,-,-,-,-,-,-,-,-,-,-,-,-,Q,Q,Q,R,Q,Q,-,-,-,-,-,-,-,-,-,-,-,-,-,-,-,I,V,I,I,I,I,I,I,I,I,I,I,I,I,I,I,I,0.97129982980977347,,,0.94305999642351113,0.0
56,23,Y,-,-,-,-,-,-,-,-,-,-,-,-,-,-,-,-,-,-,-,M,M,M,M,M,M,M,-,-,-,-,-,-,-,-,-,-,-,-,-,-,Y,Y,Y,Y,Y,Y,Y,Y,Y,Y,Y,Y,Y,Y,Y,Y,Y,1.0000000000000002,,,1.0000000000000004,0.0
57,24,R,-,-,-,-,-,-,-,-,-,M,-,-,-,-,-,-,-,M,-,S,S,S,S,S,S,K,M,-,-,M,-,-,-,-,-,-,-,-,-,-,R,R,R,R,R,R,R,R,R,R,R,R,R,R,R,R,R,1.0000000000000002,,,1.0000000000000004,0.0
58,25,S,-,-,-,-,-,-,-,-,-,S,-,-,-,-,-,-,-,T,M,P,P,P,P,S,S,L,S,-,-,K,-,M,M,M,M,M,M,M,-,-,S,K,S,S,S,N,N,N,S,S,S,S,V,N,S,S,S,0.73692835214456964,,,0.60584247107143574,0.0
59,26,P,-,-,-,-,-,-,-,-,-,M,-,-,-,-,-,-,-,Q,K,A,A,V,V,A,A,S,R,-,-,T,M,N,N,N,N,N,N,S,M,M,P,T,P,P,P,P,P,P,P,P,P,S,P,P,P,P,P,0.92368243675668771,,,0.85253129430500785,0.0
60,27,E,-,-,-,-,-,-,-,-,-,L,-,-,-,-,-,-,-,T,R,L,L,F,F,L,L,R,N,-,-,L,C,W,W,W,W,W,W,W,N,R,E,L,G,A,D,D,E,E,E,E,E,E,D,E,E,E,E,0.77524133276220542,,,0.62888907578649411,0.0
61,28,K,-,-,-,-,-,-,-,-,-,D,M,-,-,-,-,-,-,W,L,T,A,A,A,A,T,V,L,-,-,S,V,H,H,H,H,H,H,Q,W,S,K,E,K,K,P,-,K,K,K,K,K,K,K,K,K,D,K,0.76217483768485261,,,0.58435838122317019,0.0
62,29,K,-,-,-,-,-,-,-,-,-,I,L,-,-,-,-,-,-,F,Y,C,C,C,C,C,C,F,R,-,-,F,L,L,L,F,F,F,F,F,H,L,K,A,K,K,E,E,K,K,K,K,K,K,K,K,K,E,K,0.80567955057677787,,,0.68602836736763462,0.0
63,30,A,M,M,M,M,M,M,M,M,M,L,L,M,M,M,M,M,M,G,P,L,L,L,L,L,L,A,C,-,-,L,F,P,P,P,S,P,P,P,F,F,A,V,A,A,A,I,P,L,A,A,A,A,A,E,L,A,A,0.72022988324144521,,,0.55081663922687374,0.002
64,31,T,A,A,A,A,T,A,T,Y,H,S,L,D,D,N,D,N,K,R,G,V,V,A,A,I,T,C,M,M,-,C,R,L,L,F,F,F,F,L,S,T,V,E,T,T,P,Q,Q,Q,T,T,T,T,T,S,Q,P,,,,,0.45246632549141746,0.002
65,32,E,F,F,F,F,Y,Y,F,F,H,P,V,T,T,K,K,K,K,F,V,L,L,L,L,L,L,L,I,Q,M,L,C,F,F,F,F,F,F,L,L,L,E,A,E,E,E,P,E,E,E,E,E,E,E,E,E,T,E,0.82780929388353963,,,0.69440174281651512,0.0
66,33,D,L,L,L,L,L,L,F,L,L,L,V,I,I,I,I,T,T,L,I,G,G,G,G,G,G,S,V,S,L,F,G,L,L,L,L,I,I,L,L,L,D,E,E,E,P,N,R,G,D,D,G,G,Y,G,G,G,,,,,0.44027970608117672,0.0231
67,34,E,G,G,G,G,E,G,G,G,S,V,L,F,S,L,L,I,I,L,V,L,L,L,L,L,L,L,V,L,F,G,V,L,L,V,V,L,L,F,F,F,E,E,D,D,L,K,R,E,E,E,E,Q,E,L,E,D,,,,,0.49132411668049814,0.0055
68,34a,-,-,-,-,-,-,-,-,-,-,-,-,-,-,-,-,-,-,-,-,-,-,-,-,-,-,-,-,-,-,-,-,-,-,-,-,-,-,-,-,-,-,K,-,-,T,E,-,-,-,-,-,-,-,-,-,A,,,,,0.024524199343520257,0.0
69,34b,-,-,-,-,-,-,-,-,-,-,-,-,-,-,-,-,-,-,-,-,-,-,-,-,-,-,-,-,-,-,-,-,-,-,-,-,-,-,-,-,-,-,E,-,-,T,P,-,-,-,-,-,-,-,-,-,I,,,,,0.020588379443987795,0.0
70,34c,-,-,-,-,-,-,-,-,-,-,-,-,-,-,-,-,-,-,-,-,-,-,-,-,-,-,-,-,-,-,-,-,-,-,-,-,-,-,-,-,-,-,K,-,-,-,-,-,-,-,-,-,-,-,-,-,P,,,,,0.0023367243811539145,0.0035
71,34d,-,-,-,-,-,-,-,-,-,-,-,-,-,-,-,-,-,-,-,-,-,-,-,-,-,-,-,-,-,-,-,-,-,-,-,-,-,-,-,-,-,-,E,-,-,-,-,G,G,-,-,-,-,-,G,G,-,,,,,0.071841021131813232,0.0
72,34e,-,-,-,-,-,-,-,-,-,-,-,-,-,-,-,-,-,-,-,-,-,-,-,-,-,-,-,-,-,-,-,-,-,-,-,-,-,-,-,-,-,-,P,-,-,-,-,A,Q,-,-,-,-,-,S,P,-,,,,,0.040945905448986061,0.0
73,34f,-,-,-,-,-,-,-,-,-,-,-,-,-,-,-,-,-,-,-,-,-,-,-,-,-,-,-,-,-,-,-,-,-,-,-,-,-,-,-,-,-,-,A,-,-,-,-,G,E,-,-,-,-,-,E,E,-,,,,,0.050040441142982513,0.0
74,35,G,L,L,L,L,L,L,L,L,L,L,P,L,L,L,L,L,L,T,A,A,A,A,A,V,V,L,L,S,A,L,L,A,A,A,A,T,T,T,L,L,G,Q,G,V,-,-,A,T,G,G,G,G,G,Q,Q,-,,,,,0.27784214327913298,0.9871
75,36,S,F,F,F,F,L,L,L,L,L,L,P,W,W,W,W,W,W,L,V,L,L,L,L,L,L,L,L,V,Y,V,F,S,S,S,A,T,T,T,L,G,A,Q,S,L,-,-,G,G,S,S,S,S,T,G,E,-,,,,,0.24262228162431143,0.9235
76,37,E,S,S,S,S,A,S,A,S,A,T,L,S,S,S,S,S,S,C,T,V,V,V,I,V,V,I,S,L,T,V,L,V,V,V,V,V,V,V,G,A,E,E,E,E,-,-,E,K,E,E,E,E,E,N,K,-,,,,,0.42435137569891263,0.0461
77,38,Q,L,L,L,L,L,L,L,L,L,L,L,L,L,L,L,F,F,G,L,F,F,F,F,S,F,I,L,L,L,L,L,T,T,T,T,T,T,T,T,F,Q,Q,Q,Q,H,E,G,G,Q,Q,Q,Q,Q,E,E,E,Q,0.71196474490919859,,,0.59190511794214007,0.0017
78,39,K,L,L,L,L,L,V,L,L,I,M,L,L,L,L,L,L,L,P,C,G,G,G,G,G,G,G,A,I,L,R,C,L,L,L,L,L,L,L,L,L,K,K,K,K,P,N,Q,K,K,K,K,K,K,K,K,K,K,0.84879230714769716,,,0.725486004839483,0.0
79,40,I,V,V,V,V,A,A,I,V,V,L,L,L,L,L,L,L,L,F,G,E,E,E,E,K,K,V,S,F,L,G,S,P,P,P,P,Y,S,T,A,A,I,V,V,V,V,I,D,I,I,I,I,I,I,I,L,V,I,0.7680219205885348,,,0.6583922935256461,0.0
80,41,P,L,L,L,L,L,L,L,L,M,Q,R,L,L,I,T,F,F,L,V,G,G,A,G,G,G,G,V,A,L,H,V,S,S,S,S,S,S,S,S,S,P,P,P,P,P,P,P,P,P,P,P,P,P,P,P,P,P,1.0000000000000002,,,1.0000000000000004,0.0
81,42,E,Q,Q,Q,Q,Q,Q,P,P,Q,C,G,F,F,F,F,F,L,M,W,S,S,S,S,F,F,D,T,L,A,G,S,I,I,V,V,V,V,A,V,A,E,E,E,E,G,V,G,G,E,E,G,G,E,E,D,E,E,0.71725223890514733,,,0.59705569397303382,0.0
82,43,A,S,S,S,S,S,S,S,S,A,H,C,F,F,S,S,S,S,L,I,A,A,A,A,T,A,S,S,C,L,G,V,C,C,C,C,H,Y,Y,C,Q,A,S,A,A,S,G,V,F,A,A,A,A,A,S,F,N,,,,,0.45466229793145457,0.2162
83,44,T,L,L,M,M,V,L,M,K,L,Y,F,G,G,G,G,G,G,R,T,V,V,S,S,L,S,L,A,A,S,A,S,S,S,S,S,S,S,S,S,P,T,T,T,T,T,T,H,T,T,T,T,T,T,T,T,T,T,0.94619256576634159,,,0.89343870450847973,0.0
84,45,N,A,A,A,A,V,V,A,A,V,C,C,S,S,S,S,S,S,S,C,H,H,Y,Y,P,P,P,Q,S,R,L,Q,H,H,Q,Q,Q,Q,H,Q,E,N,N,N,N,N,N,K,N,N,N,N,N,N,N,N,N,N,0.95595571549768754,,,0.91277383725114325,0.0
85,46,R,L,L,T,T,T,T,L,F,F,H,Q,Q,Q,Q,Q,Q,Q,H,N,H,H,S,Q,L,L,Q,N,S,A,S,S,F,F,F,F,F,L,L,F,L,R,P,R,R,P,P,P,P,R,R,R,R,R,P,P,P,,,,,0.6163944129365504,0.0
86,47,R,A,G,G,A,G,G,S,K,G,G,A,A,A,A,A,T,T,S,A,P,P,Y,P,R,P,H,R,L,A,Q,Q,N,N,N,N,N,N,D,N,D,R,R,R,R,R,R,P,R,R,R,R,R,R,R,R,R,R,0.94619256576634159,,,0.89343870450847973,0.0
87,48,V,A,T,A,A,A,A,T,T,T,T,S,S,S,S,S,S,S,A,S,P,P,Q,Q,E,E,N,V,C,L,A,S,P,P,P,P,S,S,P,F,L,V,V,V,V,V,V,V,V,V,V,V,V,V,V,V,V,V,1.0000000000000002,,,1.0000000000000004,0.0
88,49,W,T,T,T,T,T,A,S,N,S,D,D,R,R,R,S,R,R,S,R,S,S,T,S,S,S,P,S,N,S,P,S,L,L,L,L,L,L,F,Y,L,W,Y,W,W,W,W,W,W,W,W,W,W,W,W,W,W,W,0.95214246620779708,,,0.90505254403620439,0.0
89,50,E,F,F,F,F,F,F,F,F,V,V,V,C,C,P,P,A,T,L,L,Y,Y,R,A,H,H,Q,R,L,S,S,S,S,S,S,S,S,S,S,P,S,E,E,E,E,E,E,E,E,E,E,E,E,E,E,E,E,E,1.0000000000000002,,,1.0000000000000004,0.0
90,51,L,P,T,P,P,P,P,P,P,H,P,P,S,S,L,W,T,M,L,W,V,V,A,A,T,T,V,V,I,L,Y,Y,L,L,L,L,L,L,L,L,L,L,L,L,L,L,L,L,L,L,L,L,L,L,L,L,L,L,1.0000000000000002,,,1.0000000000000004,0.0
91,52,S,D,D,E,E,D,D,D,D,D,E,E,A,A,V,A,D,D,A,G,A,A,A,A,A,A,S,A,Q,Q,G,G,E,E,E,E,E,E,E,E,E,S,S,S,S,S,S,S,S,S,S,S,S,S,S,S,S,S,1.0000000000000002,,,1.0000000000000004,0.0
92,53,K,E,E,E,E,E,E,E,E,E,D,D,Q,Q,Q,Q,Q,Q,D,D,H,H,G,S,H,Q,Q,Q,D,D,E,A,E,E,E,E,E,E,E,E,E,R,Q,K,K,K,K,R,R,K,K,K,K,K,K,K,K,K,0.88554485328150223,,,0.80396088121367049,0.0
93,54,A,T,T,A,A,T,T,T,T,T,P,V,K,K,R,R,K,K,N,A,L,L,L,L,Q,Q,M,K,K,K,R,R,L,L,L,L,L,L,L,L,L,A,A,A,A,A,A,A,A,A,A,A,A,A,A,A,A,A,1.0000000000000002,,,1.0000000000000004,0.0
94,55,N,I,I,I,I,I,I,I,I,V,T,T,N,N,N,N,I,N,N,I,A,A,A,A,A,A,V,G,Q,Q,G,G,G,G,G,G,G,G,G,S,G,N,N,N,N,N,N,N,N,N,N,N,N,N,N,N,N,N,1.0000000000000002,,,1.0000000000000004,0.0
95,56,S,A,A,A,A,T,A,A,A,N,A,A,T,T,V,A,A,A,T,T,S,S,T,T,T,T,T,T,T,T,S,S,S,S,S,S,S,S,S,S,S,S,A,S,S,A,S,S,S,S,S,S,S,S,T,S,S,S,0.87066154862039846,,,0.7721550435092055,0.0008
96,57,R,E,E,D,D,E,E,E,E,E,E,E,E,E,E,E,D,E,R,E,D,D,D,D,D,N,D,S,D,D,D,D,N,N,D,N,N,D,D,D,D,R,K,R,R,R,R,R,R,R,R,H,H,R,R,R,R,R,0.91459807645241553,,,0.84019555418131042,0.0
97,58,F,L,L,L,L,W,W,L,L,F,F,F,F,F,F,F,F,F,F,L,F,F,F,F,F,F,F,F,F,F,L,L,T,T,T,T,T,T,T,V,I,F,F,F,F,F,F,F,F,F,F,F,F,F,F,F,F,F,1.0000000000000002,,,1.0000000000000004,0.0
98,59,A,S,S,S,S,S,S,S,S,S,S,S,A,A,A,V,A,A,A,A,G,G,G,G,G,G,G,G,G,G,G,G,G,G,G,G,G,G,G,G,G,A,A,A,A,A,A,A,A,A,A,A,A,A,A,A,A,A,1.0000000000000002,,,1.0000000000000004,0.0
99,60,T,V,V,V,V,V,V,V,V,I,V,V,V,V,V,V,V,V,L,V,V,V,V,V,V,V,M,L,L,L,I,L,I,I,I,I,I,I,I,I,I,T,I,T,T,M,L,V,V,T,T,T,T,T,M,T,L,,,,,0.53836190655270744,0.9531
100,61,T,N,N,N,N,N,N,N,N,K,R,R,D,D,D,D,D,D,D,D,R,R,K,K,K,K,K,R,Q,K,Q,Q,Q,Q,Q,Q,Q,Q,Q,Q,Q,A,A,N,N,S,S,V,V,T,T,A,A,T,E,V,S,,,,,0.43978978212309694,0.1661
101,62,F,M,M,M,M,M,V,V,V,V,L,L,L,L,L,L,L,L,L,L,V,V,V,V,V,V,V,L,V,V,V,V,V,V,V,V,V,V,I,V,V,F,F,F,F,L,L,F,F,F,F,F,F,M,F,F,L,F,0.83405435380989434,,,0.73624025798063986,0.0004
102,63,Y,Y,Y,Y,Y,Y,Y,Y,Y,Y,Y,Y,Y,Y,Y,Y,Y,Y,Y,S,F,F,F,F,F,F,F,F,F,F,F,F,F,F,F,F,F,F,F,F,F,Y,Y,Y,Y,Y,F,Y,Y,Y,Y,Y,Y,Y,Y,Y,F,Y,0.94809270139710677,F,0.7189072986028936,0.90635124188731409,0.0027
103,64,Q,N,N,N,N,N,N,N,N,H,H,H,Q,Q,Q,Q,K,K,Q,R,Q,Q,Q,Q,Q,Q,R,Q,A,S,Q,M,N,N,N,N,N,N,N,N,N,Q,K,Q,Q,K,K,K,K,Q,Q,Q,Q,Q,K,K,K,K,0.77172359429158099,,,0.7210616945363999,0.0003
104,65,H,H,H,R,R,H,H,H,Q,K,L,Q,E,E,T,A,A,A,T,A,Q,Q,E,Q,Q,H,E,E,E,Q,Q,Q,Q,Q,Q,Q,Q,Q,Q,Q,Q,H,N,H,H,Q,Q,H,Y,H,H,H,H,H,Y,H,Q,H,0.79689636830729094,,,0.66941236576512131,0.0129
105,66,L,L,L,L,L,L,L,L,L,L,L,L,V,V,I,V,I,I,I,I,V,V,V,V,V,V,V,V,A,L,E,V,I,I,I,I,I,I,I,I,V,V,L,L,L,V,L,L,L,L,L,L,L,L,L,L,L,L,0.92720212547703362,,,0.86565906404027604,0.0
106,67,A,R,R,R,R,R,R,R,R,R,Q,Q,S,S,C,G,S,S,H,H,A,A,A,V,V,V,V,L,V,S,V,L,V,V,V,V,I,I,V,V,V,A,A,A,A,A,A,A,A,A,A,A,A,A,A,A,A,A,1.0000000000000002,,,1.0000000000000004,0.0
107,68,D,-,-,-,-,-,-,-,-,-,-,-,-,-,-,-,-,-,-,-,-,-,-,-,-,-,-,-,-,-,-,-,-,-,-,-,-,-,-,-,-,D,D,D,D,S,E,D,D,D,D,D,D,K,D,D,Q,D,0.82367915865945363,,,0.6893526497761534,0.0
108,69,S,A,A,A,A,G,A,A,A,A,A,I,L,L,L,L,L,L,S,S,Q,Q,R,R,Q,Q,Q,A,Q,Q,R,Q,K,K,K,R,K,K,K,K,K,S,S,S,S,S,G,S,S,S,S,S,S,S,S,S,G,S,0.9064733358506426,,,0.8312634988960611,0.0
109,70,K,T,T,T,T,T,T,T,A,T,G,S,S,S,S,S,S,S,L,S,A,A,A,A,A,A,T,D,S,S,S,D,S,S,S,S,S,S,S,A,S,K,K,K,K,R,K,K,K,K,K,K,K,K,K,K,K,K,0.96786618439981731,,,0.93683733689310666,0.0
110,71,N,G,G,G,G,G,G,G,R,I,G,S,H,H,H,H,H,N,H,C,S,S,S,S,S,S,S,Q,A,S,R,R,R,R,Q,R,R,Q,R,K,R,N,Q,N,N,G,S,D,D,N,N,N,N,N,N,N,P,N,0.72332655177083927,,,0.55849612664682169,0.0
111,72,D,E,E,E,E,E,E,E,E,E,D,G,-,-,-,-,-,-,-,T,K,K,K,K,K,K,G,W,P,V,P,A,P,P,P,P,P,P,P,P,P,D,N,D,D,P,N,N,N,D,D,N,N,E,D,D,S,,,,,0.56774542146144269,0.0
112,73,N,D,D,D,D,D,D,D,D,D,Q,E,K,K,E,K,K,K,E,E,D,D,D,D,D,D,D,G,D,D,L,Q,H,H,H,H,H,H,R,Q,H,N,T,N,N,E,D,E,G,N,N,N,N,N,N,H,E,,,,,0.55653519518744876,0.0796
113,74,D,E,E,E,E,E,E,E,E,E,D,E,D,D,N,N,N,N,E,E,R,R,R,R,R,R,G,K,R,K,D,E,D,D,D,D,E,E,E,D,E,D,E,D,D,S,E,E,E,D,D,D,D,D,E,G,S,D,0.71632521992002418,,,0.61190326672270234,0.2243
114,75,N,N,N,N,N,N,N,N,N,N,N,N,N,N,N,N,N,N,N,N,N,N,N,N,N,N,N,N,N,N,N,N,N,N,N,N,N,N,N,N,N,N,N,N,N,N,N,N,N,N,N,N,N,N,N,N,N,N,1.0000000000000002,,,1.0000000000000004,0.0
115,76,I,I,I,I,I,I,I,I,I,I,I,I,I,I,I,I,I,V,V,I,V,V,M,V,V,V,V,L,L,V,I,V,I,I,I,V,V,V,I,V,F,I,I,I,I,I,I,I,I,I,I,I,I,I,I,I,I,I,1.0000000000000002,,,1.0000000000000004,0.0
116,77,F,L,L,L,L,L,L,L,L,I,I,I,I,I,I,I,I,I,I,I,V,V,V,V,V,V,V,G,A,A,V,L,V,V,I,V,V,V,I,V,V,F,F,F,F,F,F,F,F,F,F,F,F,F,F,F,F,F,1.0000000000000002,,,1.0000000000000004,0.0
117,78,L,F,F,F,F,F,F,F,F,F,F,F,F,F,F,I,F,F,F,F,F,F,F,F,F,F,F,F,L,M,L,L,I,I,I,V,V,I,I,V,M,L,M,L,L,M,L,L,M,L,L,L,L,L,M,M,M,L,0.80450594174218393,M,0.72849405825781632,0.75707943692168367,0.0008
118,79,S,S,S,S,S,S,S,S,C,S,S,S,S,S,S,S,S,S,S,S,S,S,S,S,S,S,S,S,S,S,S,S,S,S,S,S,S,S,S,S,S,S,S,S,S,S,S,S,S,S,S,S,S,S,S,S,S,S,1.0000000000000002,,,1.0000000000000004,0.0
119,80,P,P,P,P,P,P,P,P,P,P,P,P,P,P,P,P,P,P,P,P,P,P,P,P,P,P,P,P,P,P,P,P,P,P,P,P,P,P,P,P,P,P,P,P,P,P,P,P,P,P,P,P,P,P,P,P,P,P,1.0000000000000002,,,1.0000000000000004,0.0
120,81,L,L,L,L,L,L,L,L,L,L,L,L,L,L,L,L,L,L,L,L,Y,Y,Y,Y,Y,Y,Y,Y,Y,Y,H,H,H,H,H,H,H,H,H,H,H,L,L,L,L,I,I,L,L,L,L,L,L,L,L,L,I,L,0.87409883739341054,,,0.79447216248648811,0.0021
121,82,S,S,S,S,S,S,S,S,S,S,S,S,G,G,G,G,G,G,G,G,G,G,G,G,G,G,G,G,G,G,G,G,G,G,G,G,G,G,G,G,G,S,S,S,S,S,S,S,S,S,S,S,S,S,S,S,S,S,1.0000000000000002,,,1.0000000000000004,0.0
122,83,I,V,V,I,I,I,I,I,I,T,V,V,I,I,T,T,T,T,A,T,V,V,V,V,V,V,I,V,I,A,V,V,I,I,I,I,I,I,I,I,I,I,I,I,I,I,I,I,I,I,I,I,I,I,I,I,I,I,1.0000000000000002,,,1.0000000000000004,0.0
123,84,S,T,T,A,A,A,A,A,A,A,A,A,T,T,T,T,T,T,R,S,A,A,A,A,S,S,A,T,A,V,A,A,A,A,A,A,A,A,A,A,S,S,S,S,S,S,S,S,S,S,S,S,S,S,S,S,S,S,1.0000000000000002,,,1.0000000000000004,0.0
124,85,T,F,L,L,L,L,L,I,I,I,V,L,L,L,L,L,M,V,L,L,S,S,S,S,S,S,S,S,S,S,S,S,S,S,S,S,S,S,S,S,S,T,Q,T,T,T,T,T,T,T,T,T,T,T,T,T,S,T,0.9016943295627684,,,0.81240913706480689,0.0
125,86,A,A,A,A,A,A,A,A,A,A,A,A,V,V,V,A,L,L,V,I,V,V,V,V,V,V,V,A,V,V,I,V,V,V,V,V,I,I,V,V,V,A,A,A,A,A,A,A,A,A,A,A,A,A,A,A,A,A,1.0000000000000002,,,1.0000000000000004,0.0
126,87,F,M,M,M,M,M,M,M,M,L,L,L,L,L,L,L,L,L,L,L,L,L,L,L,L,L,L,L,L,L,L,L,L,L,L,L,L,L,L,L,L,F,F,F,F,F,F,F,F,F,F,F,F,F,S,F,F,F,0.94921670307468375,,,0.89835017959611108,0.0
127,88,A,G,G,G,G,G,G,G,G,G,G,G,E,E,G,G,G,G,G,G,A,A,A,A,A,A,A,S,G,A,G,G,G,G,G,G,G,G,G,G,G,A,T,A,A,A,A,A,A,A,A,A,A,A,A,A,A,A,0.96175702322152301,,,0.92412744523432822,0.0
128,89,M,M,M,M,M,M,V,M,M,M,M,M,M,M,M,M,M,M,M,M,M,M,M,M,M,M,M,V,M,M,M,M,M,M,M,M,M,M,M,V,M,M,M,M,M,M,M,M,M,M,M,M,M,M,M,M,M,M,1.0000000000000002,,,1.0000000000000004,0.0
129,90,T,M,L,M,M,M,M,V,I,V,V,V,V,V,I,V,V,V,V,I,L,L,L,L,L,L,L,L,A,A,L,L,L,L,L,L,L,L,L,L,L,T,A,T,T,T,T,T,T,T,T,T,T,T,T,T,T,T,0.96175702322152301,,,0.92412744523432822,0.0
130,91,K,E,E,E,E,E,E,E,E,E,G,E,Q,Q,Q,Q,Q,Q,Q,K,Q,Q,Q,Q,Q,Q,Q,Q,Q,Q,L,L,Q,Q,Q,Q,Q,Q,Q,Q,Q,K,K,K,K,K,K,K,K,K,K,K,K,K,K,K,K,K,1.0000000000000002,,,1.0000000000000004,0.0
131,92,L,L,L,L,L,L,L,L,L,L,L,L,L,L,L,L,L,L,M,L,L,L,L,L,M,L,L,S,M,L,P,P,L,L,L,L,L,L,L,L,L,L,L,L,L,L,L,L,L,L,L,L,L,L,L,L,L,L,1.0000000000000002,,,1.0000000000000004,0.0
132,93,G,G,G,G,G,G,G,G,G,G,G,G,G,G,G,G,G,G,G,G,T,T,T,T,T,T,T,G,G,G,G,G,G,G,G,G,G,G,G,G,G,G,G,G,G,G,G,G,G,G,G,G,G,G,G,G,G,G,1.0000000000000002,,,1.0000000000000004,0.0
133,94,A,A,A,A,A,A,A,A,A,A,A,A,A,A,A,A,A,A,A,A,T,T,T,T,T,T,T,A,A,A,A,A,A,A,A,A,A,A,A,A,A,A,A,A,A,A,A,A,A,A,A,A,A,A,A,A,A,A,1.0000000000000002,,,1.0000000000000004,0.0
134,95,C,Q,Q,Q,Q,Q,Q,R,H,R,R,R,K,K,K,K,K,K,K,R,G,G,A,G,A,A,G,A,Y,A,H,H,D,D,D,D,D,D,D,D,D,C,C,C,C,C,C,C,C,C,C,C,C,C,C,C,C,C,1.0000000000000002,,,1.0000000000000004,0.0
135,96,N,G,G,G,G,G,G,G,G,G,G,G,G,G,G,G,G,G,G,G,G,G,G,G,G,G,G,G,G,G,G,G,G,G,G,G,G,G,G,G,G,N,N,N,N,N,N,G,G,N,N,N,N,N,G,G,N,N,0.82407786787496273,,,0.72316992731401886,0.6868
136,97,D,S,S,S,S,S,S,S,T,S,V,S,K,K,R,K,K,K,K,A,E,E,E,E,K,K,N,T,A,K,E,D,R,R,R,R,K,R,K,K,K,N,N,D,N,Q,T,D,D,D,D,N,N,D,N,S,N,,,,,0.56173397076487774,0.0008
137,98,T,T,T,T,T,T,T,T,T,S,S,S,A,A,A,A,A,A,A,A,T,T,T,T,T,T,T,T,T,T,T,T,T,T,T,T,T,T,T,T,T,T,T,T,T,T,T,T,T,T,T,T,T,T,T,T,T,T,1.0000000000000002,,,1.0000000000000004,0.0
138,99,L,L,L,Q,Q,R,L,L,L,L,L,L,Q,Q,Q,Q,Q,Q,H,L,Q,Q,C,R,R,R,R,L,L,L,R,R,K,K,K,K,K,K,K,K,K,L,L,L,L,L,L,L,L,L,L,L,L,L,L,L,L,L,1.0000000000000002,,,1.0000000000000004,0.0
139,100,Q,K,K,K,K,K,K,K,K,K,E,Q,Q,Q,Q,Q,Q,Q,Q,S,Q,Q,R,Q,R,Q,E,D,K,R,K,R,K,K,K,K,K,K,K,K,K,K,K,K,K,E,E,Q,Q,Q,Q,K,T,K,Q,Q,K,,,,,0.59088860112391772,0.7519
140,101,Q,E,E,E,E,E,E,E,E,E,Q,E,Q,Q,Q,Q,Q,Q,Q,Q,Q,Q,Q,Q,Q,Q,Q,Q,L,A,Q,Q,Q,Q,Q,Q,Q,Q,Q,Q,Q,Q,E,Q,Q,Q,Q,Q,Q,Q,Q,Q,Q,Q,Q,Q,Q,Q,0.96175702322152301,,,0.92412744523432822,0.0442
141,102,L,I,I,I,I,I,I,I,I,I,I,I,I,I,I,I,I,I,I,I,I,I,I,I,I,I,I,I,L,L,V,L,L,L,L,L,L,L,L,L,L,L,L,L,L,L,L,L,L,L,L,L,L,L,L,L,I,L,0.95939196605929888,,,0.9198203840221908,0.0
142,103,M,R,R,R,R,R,R,R,R,R,R,R,R,R,R,R,L,M,R,Q,Q,Q,Q,Q,Q,Q,Q,R,A,N,L,L,A,A,T,T,S,S,T,T,M,M,M,M,M,M,M,M,M,M,M,M,M,M,R,M,M,M,0.94921670307468375,,,0.89835017959611108,0.0
143,104,E,H,H,H,H,H,H,H,H,H,K,Q,Q,Q,Q,K,K,Q,K,Q,A,A,E,E,D,D,A,K,S,S,T,N,M,M,T,T,T,T,T,T,T,E,E,E,E,R,K,E,E,E,E,E,E,E,K,E,N,E,0.81480272564335032,,,0.69025447020729058,0.0
144,105,V,S,S,S,S,S,S,S,S,V,V,A,T,T,T,T,T,T,A,A,A,A,A,A,A,A,A,A,K,A,A,G,V,V,V,V,V,V,V,M,V,V,V,V,V,V,V,V,V,V,V,V,V,V,V,V,V,V,1.0000000000000002,,,1.0000000000000004,0.0
145,106,F,M,M,M,M,M,M,M,L,L,A,V,L,L,L,L,L,L,L,L,M,M,M,M,M,M,M,L,M,M,L,L,M,M,M,M,M,M,M,M,M,F,F,F,F,F,F,F,F,F,F,F,F,F,F,F,F,F,1.0000000000000002,,,1.0000000000000004,0.0
146,107,K,G,G,G,G,G,G,G,G,G,G,G,K,K,K,K,R,R,R,K,G,G,Q,Q,G,G,E,N,G,G,R,K,R,R,R,R,R,R,R,R,R,K,Y,K,K,E,Q,Q,R,K,K,K,K,K,R,R,E,,,,,0.5467742404325372,0.2055
147,108,F,Y,Y,Y,Y,Y,Y,Y,F,Y,F,Y,Q,Q,L,F,M,M,L,L,F,F,F,F,F,F,Y,Y,Y,F,Y,Y,Y,Y,Y,Y,Y,Y,Y,Y,Y,F,F,F,F,F,F,F,F,F,F,F,F,F,F,F,F,F,1.0000000000000002,,,1.0000000000000004,0.0
148,109,D,D,D,D,D,E,E,E,D,D,S,S,Q,Q,Q,Q,R,Q,Q,Q,K,K,Q,K,K,N,S,G,S,S,K,K,G,G,G,G,N,N,G,S,K,D,D,D,D,D,D,D,D,D,D,D,D,D,D,D,D,D,1.0000000000000002,,,1.0000000000000004,0.0
149,110,T,S,S,S,S,G,S,G,S,K,H,H,E,E,E,D,G,K,E,G,I,I,I,I,V,I,I,H,L,L,K,K,V,V,V,V,V,V,V,V,I,T,T,T,T,T,T,T,T,T,T,T,T,T,T,T,T,T,1.0000000000000002,,,1.0000000000000004,0.0
150,111,I,L,L,L,L,L,L,L,L,L,L,F,T,T,N,T,T,T,D,N,D,D,D,E,N,S,E,K,Q,L,-,-,-,-,-,-,-,-,-,-,-,I,I,I,I,I,I,I,I,I,I,I,I,I,I,I,I,I,1.0000000000000002,,,1.0000000000000004,0.0
151,112,S,K,K,K,K,K,K,K,K,K,V,R,S,S,S,S,P,S,S,Q,D,D,E,E,E,E,E,E,E,A,-,-,-,-,-,-,-,-,-,-,-,S,S,S,S,K,K,S,S,S,S,S,S,S,S,S,K,S,0.82685637487686658,,,0.71735102270655848,0.0
152,113,E,N,N,N,N,G,S,D,N,N,S,E,A,A,T,T,A,T,I,D,K,K,K,K,K,R,K,W,R,R,N,N,N,N,N,N,N,N,N,N,N,E,E,E,E,E,E,E,E,E,E,E,E,E,E,E,E,E,1.0000000000000002,,,1.0000000000000004,0.0
153,114,K,G,G,G,G,G,G,G,G,G,G,D,G,G,G,G,G,G,G,S,G,G,G,G,G,G,G,A,G,G,G,G,G,G,G,G,G,G,G,G,E,K,R,K,K,K,K,K,K,K,K,K,K,K,K,K,K,K,0.97129982980977347,,,0.94305999642351113,0.0002
154,115,T,D,E,E,E,E,E,E,E,E,G,E,E,E,E,E,E,E,E,E,M,M,M,M,T,T,L,V,M,M,P,P,V,V,V,V,V,V,F,V,V,T,A,T,T,T,T,T,T,T,T,T,T,T,T,T,T,T,0.96175702322152301,,,0.92412744523432822,0.0
155,116,S,E,E,E,E,E,E,E,E,E,E,E,E,E,E,E,E,E,E,E,A,A,A,A,A,A,A,A,P,S,Y,Y,G,G,G,G,G,G,G,G,A,S,S,S,S,L,S,S,S,S,S,S,S,S,S,S,S,S,0.9357323687996344,,,0.87367467378621289,0.0
156,117,D,F,F,F,F,F,F,F,F,F,F,F,F,F,F,F,F,F,F,F,P,P,P,P,H,P,P,L,K,R,K,K,K,K,K,K,K,K,K,K,K,D,D,D,D,D,D,D,D,D,D,D,D,D,D,D,D,D,1.0000000000000002,,,1.0000000000000004,0.0
157,118,Q,S,S,S,S,S,S,S,T,S,S,S,F,F,S,S,S,S,S,S,A,A,A,A,A,A,A,A,L,Q,M,M,I,I,M,V,V,V,V,A,S,Q,Q,Q,Q,Q,Q,Q,Q,Q,Q,Q,Q,Q,Q,Q,Q,Q,1.0000000000000002,,,1.0000000000000004,0.0
158,119,I,F,F,F,F,F,F,F,F,L,L,L,V,V,V,E,V,V,A,E,L,L,L,F,L,L,L,L,Q,Q,L,L,L,L,L,L,L,L,L,L,L,V,I,I,I,V,V,V,I,I,I,I,I,I,I,I,V,I,0.85365348299547217,V,0.74634651700452814,0.80165032700855932,0.0
159,120,H,L,L,L,L,L,L,L,L,L,L,L,L,L,L,L,L,L,L,L,R,R,R,H,R,R,R,N,R,R,K,R,K,K,K,K,K,K,K,K,K,H,H,H,H,H,H,H,H,H,H,H,H,H,H,H,H,H,1.0000000000000002,,,1.0000000000000004,0.0
160,121,F,K,K,K,K,R,R,K,K,K,Q,R,K,K,K,K,K,K,K,K,H,H,Q,R,Q,K,K,K,L,L,K,K,K,K,K,K,K,K,K,K,K,F,Y,F,F,F,F,F,F,F,F,F,F,F,S,F,F,F,0.92532381139132003,,,0.8548415162415729,0.0
161,122,F,D,D,E,E,D,D,D,D,D,N,N,S,S,S,S,S,S,S,T,L,L,L,L,L,L,L,L,L,L,L,L,I,I,I,I,I,I,I,I,I,F,F,F,F,F,F,F,F,F,F,F,F,F,F,F,F,F,1.0000000000000002,,,1.0000000000000004,0.0
162,123,F,F,L,F,F,F,F,L,L,L,L,L,F,F,F,F,L,L,L,L,Y,Y,Y,Y,S,S,Y,R,Q,H,H,H,N,N,N,N,N,N,N,N,N,F,F,F,F,F,F,F,F,F,F,F,F,F,F,F,F,F,1.0000000000000002,,,1.0000000000000004,0.0
163,124,A,S,S,S,S,S,S,S,S,S,T,S,F,F,F,F,F,F,L,L,K,K,K,K,K,K,K,E,R,R,K,K,K,K,K,K,K,K,K,R,R,A,A,A,A,A,A,A,A,A,A,A,A,A,A,A,A,A,1.0000000000000002,,,1.0000000000000004,0.0
164,125,K,N,H,N,N,N,S,D,D,N,A,Q,S,S,S,S,S,S,S,A,E,E,E,E,E,E,E,Q,D,D,T,S,A,A,A,A,A,A,A,L,A,K,K,K,K,K,K,K,K,K,K,K,K,K,K,K,K,K,1.0000000000000002,,,1.0000000000000004,0.0
165,126,L,M,M,M,M,M,M,M,M,M,P,A,A,A,A,A,A,A,A,V,L,L,L,L,L,L,L,I,L,L,L,L,I,I,I,I,I,I,I,I,I,L,L,L,L,L,L,L,L,L,L,L,L,L,L,L,L,L,1.0000000000000002,,,1.0000000000000004,0.0
166,127,N,V,V,V,V,A,V,I,A,L,L,L,I,I,I,I,I,I,M,I,M,M,M,M,M,M,M,S,A,S,T,T,V,V,V,G,V,V,V,V,V,N,N,N,N,N,N,N,N,N,N,N,N,N,N,N,N,N,1.0000000000000002,,,1.0000000000000004,0.0
167,128,C,T,T,T,T,S,S,T,T,T,A,S,S,S,S,S,S,S,P,S,G,G,G,G,G,G,A,G,S,S,A,T,S,S,S,S,S,S,S,S,A,C,C,C,C,C,C,C,C,C,C,C,C,C,C,C,C,C,1.0000000000000002,,,1.0000000000000004,0.0
168,129,R,A,A,A,A,A,A,T,T,A,D,T,E,E,E,E,K,K,P,E,P,P,P,P,P,S,P,Q,-,E,K,K,K,K,K,K,K,K,K,K,K,R,R,R,R,R,R,R,R,R,R,R,R,R,R,R,R,R,1.0000000000000002,,,1.0000000000000004,0.0
169,130,L,K,E,K,K,E,E,E,E,Q,K,D,K,K,K,K,K,K,K,E,W,W,W,W,W,W,W,Q,-,D,A,S,K,K,K,K,K,K,K,K,K,L,L,L,L,L,L,L,L,L,L,L,L,L,L,L,L,L,1.0000000000000002,,,1.0000000000000004,0.0
170,131,Y,E,E,E,E,E,E,E,E,E,E,E,K,K,K,K,K,K,R,N,N,N,N,N,N,N,N,K,-,G,N,N,N,N,N,N,N,N,N,N,N,Y,F,Y,Y,Y,Y,Y,Y,Y,Y,Y,Y,Y,Y,Y,Y,Y,0.9761071083166365,,,0.9525974470225731,0.0
171,132,R,S,S,S,S,N,G,N,S,K,A,E,Q,Q,Q,Q,Q,Q,Q,K,K,K,K,K,K,K,K,S,E,V,Q,A,K,K,K,K,K,K,K,K,K,R,R,R,R,R,R,K,K,R,R,R,R,R,K,K,R,R,0.89449947098948279,K,0.7055005290105173,0.83398496390645804,0.0
172,133,K,Q,Q,Q,Q,Q,Q,H,H,H,H,Q,E,E,E,E,E,E,G,E,D,D,D,D,N,N,D,A,D,E,D,D,D,D,D,D,D,D,D,D,D,K,K,K,K,K,K,K,K,K,K,K,K,K,K,K,K,K,1.0000000000000002,,,1.0000000000000004,0.0
173,134,A,Y,Y,Y,Y,Y,Y,Y,Y,Y,H,Y,F,F,F,F,F,F,F,F,E,E,E,E,E,E,E,E,G,T,S,I,I,I,I,I,I,I,I,I,I,A,A,A,A,K,K,A,A,A,A,A,A,A,A,A,K,A,0.82685637487686658,,,0.71735102270655848,0.0
174,135,N,-,-,-,-,-,-,-,-,-,-,-,-,-,-,-,-,-,-,-,-,-,-,-,-,-,-,D,-,-,-,-,-,-,-,-,-,-,-,-,-,N,N,N,N,D,H,N,N,N,N,N,N,N,N,N,D,N,0.86875960118633888,,,0.76797435891746701,0.0
175,136,K,-,-,-,-,-,-,-,-,-,-,-,-,-,-,-,-,-,-,-,-,-,-,-,-,-,-,P,-,-,-,-,-,-,-,-,-,-,-,-,-,K,K,K,K,K,E,K,K,K,K,K,K,K,K,K,K,K,0.95218594441428384,,,0.90595018651734383,0.0
176,137,S,-,-,-,-,-,-,-,-,-,-,-,-,-,-,-,-,-,-,-,-,-,-,-,-,-,-,K,-,-,-,-,-,-,-,-,-,-,-,-,-,S,S,S,S,S,T,S,S,S,S,S,S,S,S,S,T,S,0.9064733358506426,,,0.8312634988960611,0.0
177,138,S,-,-,-,-,-,-,-,-,-,-,-,-,-,-,-,-,-,-,-,-,-,-,-,-,-,-,-,-,-,-,-,-,-,-,-,-,-,-,-,-,S,S,S,S,N,T,S,S,S,S,S,S,S,S,S,T,S,0.85827261245036834,,,0.75257804244796622,0.0
178,139,K,V,V,V,V,V,V,V,V,V,V,V,T,T,T,T,T,T,T,T,-,-,-,-,-,-,-,P,-,-,-,-,-,-,-,-,-,-,-,-,-,E,E,D,N,E,E,E,E,K,K,E,E,L,E,E,E,E,0.83099686618243784,,,0.69401176307888557,0.0
179,140,L,M,M,M,M,M,M,M,L,L,V,V,F,F,F,F,F,F,F,F,I,I,I,I,I,I,F,V,V,-,L,V,V,V,V,V,V,V,V,V,V,L,L,L,L,L,L,L,L,L,L,L,L,V,L,L,L,L,0.96800043515740031,,,0.93571299021202736,0.0
180,141,V,K,K,K,K,K,K,K,N,S,R,R,N,N,N,N,N,N,N,N,S,S,S,S,S,S,S,H,E,-,L,T,T,T,M,T,T,T,T,T,T,V,V,V,V,V,I,I,V,V,V,V,V,V,V,V,I,V,0.90828603423221999,,,0.84892326450462829,0.0
181,142,S,I,I,I,I,L,I,M,M,I,F,L,L,L,L,L,L,L,L,L,T,T,T,T,T,T,T,I,V,-,I,I,V,V,V,V,V,V,V,I,S,S,S,S,S,S,S,S,S,S,S,S,S,A,S,S,S,S,0.96397797578694222,,,0.92763188391597839,0.0
182,143,A,A,A,A,A,A,A,A,A,A,A,A,A,A,A,A,A,A,A,A,T,T,A,A,A,A,A,A,A,A,A,A,A,A,A,A,A,A,A,A,A,A,V,A,A,A,A,A,A,A,A,A,A,A,A,A,A,A,0.9569497447146601,,,0.91458999463526636,0.7882
183,144,N,N,N,N,N,N,N,N,N,N,N,N,N,N,N,N,S,S,N,N,D,D,D,D,D,D,N,D,S,S,N,N,N,N,N,N,N,N,N,N,N,N,N,N,N,N,N,N,N,N,N,N,N,N,N,N,N,N,1.0000000000000002,,,1.0000000000000004,0.0
184,145,R,S,S,S,S,S,S,S,S,S,I,S,A,A,A,A,A,A,A,A,A,A,A,A,A,A,A,G,G,A,A,A,A,A,A,A,A,A,A,A,G,R,R,R,R,R,R,R,R,R,R,R,R,R,R,R,R,R,1.0000000000000002,,,1.0000000000000004,0.0
185,146,L,L,L,L,L,L,L,L,L,L,L,L,L,L,L,L,L,L,L,L,I,I,I,I,I,I,I,L,V,V,M,L,V,V,V,V,V,V,M,V,V,L,L,L,L,L,L,L,L,L,L,L,L,L,L,L,L,L,1.0000000000000002,,,1.0000000000000004,0.0
186,147,F,F,F,F,F,F,F,L,Y,Y,F,F,Y,Y,Y,Y,Y,Y,Y,Y,F,F,F,F,F,F,F,F,M,M,F,F,F,F,F,F,F,F,F,F,F,F,F,F,F,F,F,F,F,F,F,F,F,F,F,F,F,F,1.0000000000000002,,,1.0000000000000004,0.0
187,148,G,V,V,V,V,V,V,V,V,L,L,L,L,L,L,L,L,L,L,L,V,V,V,V,V,V,I,V,V,V,T,P,V,V,V,V,L,V,A,A,A,G,G,G,G,G,G,G,G,G,G,G,G,G,G,G,G,G,1.0000000000000002,,,1.0000000000000004,0.0
188,149,D,Q,Q,Q,Q,Q,Q,Q,Q,Q,Q,Q,Q,Q,Q,Q,Q,Q,Q,Q,Q,Q,Q,Q,Q,Q,Q,Q,D,E,K,N,K,K,K,K,R,R,K,K,S,D,E,D,D,D,D,E,E,D,D,D,D,D,E,E,E,D,0.8353242284234953,E,0.7646757715765049,0.79293599098832956,0.0005
189,150,K,N,N,N,N,N,N,N,N,N,Q,S,E,E,E,E,E,E,E,E,R,R,R,R,R,R,R,R,R,R,E,E,N,N,N,N,N,N,N,S,S,K,K,K,K,K,K,K,K,K,K,K,K,K,K,K,K,K,1.0000000000000002,,,1.0000000000000004,0.0
190,151,S,G,G,G,G,G,G,G,G,G,G,G,G,G,G,G,G,G,G,G,D,D,D,D,D,D,D,D,K,K,G,G,A,A,D,G,G,G,G,G,V,S,S,S,S,S,S,S,S,S,S,S,S,S,S,T,S,S,0.96040683063339538,,,0.92096113473320562,0.0
191,152,L,F,F,F,F,F,F,F,F,F,V,V,F,F,F,F,F,F,F,F,L,L,L,L,L,L,M,L,I,M,F,F,S,S,S,F,F,F,F,F,F,L,L,L,L,L,T,L,L,L,L,I,I,L,L,L,L,L,0.88488540873542543,,,0.78887292052382041,0.0
192,153,T,H,H,H,H,H,H,H,H,H,T,H,T,T,T,T,I,I,L,Q,K,K,K,E,E,E,E,S,I,S,P,S,E,E,K,K,K,K,K,K,K,T,T,T,T,A,T,V,V,T,T,T,T,T,T,N,A,T,0.78741333570443783,,,0.6509208323421608,0.0
193,154,F,V,I,V,V,V,I,V,V,I,F,F,V,V,V,V,V,V,V,V,L,L,L,L,L,L,L,L,L,L,M,M,I,I,M,M,M,V,M,M,M,F,F,F,F,F,F,F,F,F,F,F,F,F,F,F,F,F,1.0000000000000002,,,1.0000000000000004,0.0
194,155,N,N,S,N,-,N,N,S,S,S,N,N,K,K,K,K,K,K,K,K,V,V,V,V,V,V,V,T,E,E,K,K,E,E,E,E,E,E,E,E,E,N,N,N,N,D,N,N,N,N,N,N,N,S,N,N,N,N,0.92115966649969849,,,0.84827130732031941,0.0
195,156,E,E,E,E,K,E,E,D,E,D,P,E,E,E,E,E,E,E,E,E,Q,Q,H,H,Q,Q,Q,P,K,K,E,E,V,V,V,V,V,V,V,V,S,E,E,E,E,Q,E,E,E,E,E,E,E,E,E,E,E,E,0.95718169071275649,,,0.91583575141006446,0.0001
196,157,T,E,E,E,E,E,E,Q,K,K,E,D,Q,Q,Q,Q,T,S,H,Q,G,G,G,G,G,G,G,G,V,G,A,D,P,P,P,P,P,P,P,P,S,T,T,S,S,T,T,T,T,T,T,T,T,T,T,T,I,T,0.89150774440817981,,,0.7975581074304926,0.0
197,158,Y,F,F,F,F,F,F,F,F,F,F,F,Y,Y,Y,Y,Y,Y,Y,Y,F,F,F,F,F,F,F,F,F,Y,F,F,F,F,F,F,F,F,F,F,F,Y,Y,Y,Y,Y,F,Y,Y,Y,Y,Y,Y,Y,Y,Y,Y,Y,0.97346319914992763,,,0.94780235351712616,0.0
198,159,Q,L,L,L,L,L,L,L,L,I,L,L,L,L,L,L,L,L,L,L,M,M,M,M,M,M,M,L,R,R,V,L,V,V,V,V,A,A,V,V,V,Q,Q,Q,Q,Q,Q,Q,Q,Q,Q,Q,Q,Q,Q,Q,Q,Q,1.0000000000000002,,,1.0000000000000004,0.0
199,160,D,Q,Q,Q,Q,Q,Q,Q,Q,Q,H,Q,H,H,H,H,H,H,H,H,P,P,P,P,P,P,P,Q,R,R,A,S,T,T,T,T,V,A,T,T,Y,D,D,D,D,N,H,N,N,D,D,D,D,G,N,N,N,,,,,0.61837908474232783,0.0
200,161,I,M,M,M,M,M,M,M,L,L,L,L,G,G,S,G,S,S,S,S,H,H,H,N,H,H,Y,R,S,A,T,A,R,R,R,R,R,R,R,R,K,I,I,V,V,I,I,I,I,I,I,I,I,I,I,V,I,I,0.93175145573681073,,,0.87901974448286901,0.0
201,162,S,L,I,M,M,L,M,M,V,M,M,M,N,N,N,N,N,N,N,N,F,F,F,F,F,F,F,F,L,L,N,N,N,N,N,N,N,N,N,N,N,S,S,S,S,S,S,S,S,S,S,S,S,S,S,S,S,S,1.0000000000000002,,,1.0000000000000004,0.0
202,163,E,K,K,K,K,K,K,K,K,K,K,K,K,K,K,K,K,K,K,R,F,F,F,F,F,F,F,Q,S,V,K,R,K,K,K,K,K,K,K,K,K,E,E,E,E,E,E,E,E,E,E,E,E,E,E,E,E,E,1.0000000000000002,,,1.0000000000000004,0.0
203,164,L,K,K,K,K,M,M,K,K,K,K,K,E,E,E,E,E,E,D,D,R,R,R,R,K,K,K,A,K,K,A,E,D,D,D,D,D,E,D,E,D,A,L,V,I,T,T,I,I,L,L,V,V,A,V,L,L,,,,,0.5073387721203324,0.0019
204,165,V,Y,Y,Y,Y,Y,Y,Y,Y,Y,Y,Y,F,F,F,F,F,F,F,V,L,L,L,L,L,L,V,T,A,A,N,N,V,V,V,V,V,V,V,V,V,V,V,V,V,V,V,V,V,V,V,V,V,V,V,V,V,V,1.0000000000000002,,,1.0000000000000004,0.0
205,166,Y,F,F,F,F,F,F,F,F,F,F,F,F,F,F,F,F,F,F,F,F,F,F,F,F,F,F,F,F,F,F,F,F,F,F,F,F,F,F,F,F,Y,Y,Y,Y,Y,Y,Y,Y,Y,Y,Y,Y,Y,Y,Y,Y,Y,1.0000000000000002,,,1.0000000000000004,0.0
206,167,G,K,N,N,-,N,N,Q,K,K,K,R,Q,Q,Q,Q,Q,Q,Q,N,R,R,R,R,Q,R,R,H,Q,Q,Q,L,Q,Q,Q,Q,Q,Q,Q,E,H,G,G,G,G,G,G,G,G,G,G,G,G,G,G,G,G,G,1.0000000000000002,,,1.0000000000000004,0.0
207,168,A,A,A,A,A,A,A,A,A,A,A,A,S,S,S,S,S,S,S,S,S,S,T,T,T,T,S,R,S,T,C,C,C,C,C,C,C,C,C,C,S,A,A,A,A,A,A,A,A,A,A,A,A,A,A,A,A,A,1.0000000000000002,,,1.0000000000000004,0.0
208,169,K,E,E,A,E,E,E,E,E,E,H,E,A,A,A,A,A,A,A,A,T,T,T,T,M,T,M,H,V,H,E,E,E,E,E,E,E,E,E,S,D,K,K,K,K,K,K,K,K,K,K,K,K,K,K,K,K,K,1.0000000000000002,,,1.0000000000000004,0.0
209,170,L,V,V,V,V,V,V,V,V,V,V,V,I,I,I,I,T,T,V,I,V,V,V,V,V,V,I,L,P,P,S,S,V,V,V,V,V,V,V,V,V,L,L,L,L,L,L,L,L,L,L,L,L,L,L,L,L,L,1.0000000000000002,,,1.0000000000000004,0.0
210,171,Q,N,N,N,N,N,N,D,E,E,E,E,K,K,K,K,K,K,K,K,K,K,K,K,K,K,K,S,H,H,R,H,R,R,R,Q,Q,Q,R,K,R,Q,L,Q,Q,L,M,W,W,Q,Q,Q,Q,Q,W,C,M,,,,,0.38002218554236677,0.8418
211,172,P,H,H,H,-,H,H,H,N,N,M,T,L,L,L,L,L,L,L,L,Q,Q,Q,Q,Q,Q,Q,Q,Q,Q,S,S,N,N,N,N,N,S,N,S,S,P,P,P,P,P,P,P,P,P,P,P,P,P,P,P,P,P,1.0000000000000002,,,1.0000000000000004,0.0
212,173,L,V,V,V,V,V,V,V,I,V,V,V,V,V,V,V,V,V,V,V,V,V,V,V,V,V,V,V,I,V,L,V,V,V,A,V,V,V,L,V,V,L,L,L,L,L,L,L,L,L,L,L,L,L,L,L,L,L,1.0000000000000002,,,1.0000000000000004,0.0
213,174,D,D,D,D,D,D,D,D,D,D,D,D,D,D,D,D,D,D,D,D,D,D,D,D,D,D,D,N,D,D,D,D,N,N,N,S,N,N,N,D,D,D,N,D,D,D,D,N,N,D,D,D,D,D,N,N,N,D,0.78056953437430754,,,0.72408720799194926,0.8869
214,175,F,F,F,F,S,F,F,F,F,F,F,F,F,F,F,F,F,F,F,F,F,F,F,F,F,F,F,F,F,F,F,Y,F,F,F,F,F,F,F,F,F,F,F,F,F,F,F,F,F,F,F,F,F,F,F,L,F,F,0.96482806787933295,,,0.92978714135466434,0.597
215,176,K,S,S,S,S,S,S,S,S,S,S,S,Q,Q,Q,Q,L,L,Q,Q,S,S,S,S,S,S,T,T,S,T,R,S,E,E,E,E,Q,Q,D,E,Q,K,K,K,K,K,K,K,K,K,K,K,K,K,K,Q,K,K,0.96482806787933295,,,0.92978714135466434,0.0
216,177,E,Q,Q,Q,Q,Q,E,Q,Q,Q,Q,Q,D,D,D,N,D,D,D,D,E,E,E,E,E,E,E,D,Q,R,H,D,D,D,D,D,D,D,N,D,E,E,E,E,E,D,E,E,E,E,E,G,G,A,E,R,E,E,0.81601550565961933,,,0.67852252071861918,0.0358
217,178,N,-,-,-,-,-,-,-,-,-,-,-,-,-,-,-,-,-,-,-,-,-,-,-,-,-,-,-,-,-,-,-,-,-,-,-,-,-,-,-,-,N,K,N,N,D,K,K,K,N,N,N,N,H,K,K,K,,,,,0.60491742686746153,0.0
218,179,A,N,N,N,N,N,N,N,S,G,S,S,A,A,A,A,A,A,A,V,V,V,V,V,V,V,G,V,P,P,P,P,P,P,P,P,P,P,K,P,K,A,P,P,P,P,P,P,P,A,A,A,A,A,P,P,P,P,0.80580808337892718,,,0.71928291174067205,0.0
219,180,E,I,V,V,V,V,V,E,A,S,A,T,K,K,K,K,K,K,K,K,E,E,E,E,E,E,E,A,E,E,S,E,A,A,A,A,A,A,I,N,N,E,E,E,E,E,E,E,E,E,E,E,E,E,E,E,E,E,1.0000000000000002,,,1.0000000000000004,0.0
220,181,Q,A,A,A,G,A,A,A,A,T,A,A,A,A,T,A,T,T,S,A,R,R,R,R,R,R,R,Q,M,Q,K,A,S,S,S,S,S,S,S,T,T,Q,L,Q,Q,K,A,L,L,Q,Q,Q,Q,Q,Q,L,L,,,,,0.49547117715530731,0.0095
221,182,S,V,V,V,V,V,V,V,V,V,V,V,C,C,S,C,S,S,C,S,A,A,A,A,A,A,A,A,A,A,A,A,A,A,A,A,A,A,A,A,A,S,S,S,S,A,S,S,S,S,S,S,S,S,S,S,S,S,0.95179927659972585,,,0.90525600533965966,0.0
222,183,R,A,A,A,A,A,A,A,A,A,A,A,A,A,A,A,A,A,A,A,R,R,R,R,R,R,R,K,R,V,A,A,C,C,C,C,S,C,S,C,A,R,R,R,R,R,R,R,R,R,R,R,R,R,R,R,R,R,1.0000000000000002,,,1.0000000000000004,0.0
223,184,A,N,N,N,N,N,N,S,T,N,K,E,E,G,E,E,Q,Q,E,E,F,F,F,F,F,F,F,D,Q,G,D,Q,D,D,A,D,E,D,D,D,S,M,E,V,V,V,I,K,K,A,A,L,L,Q,T,T,V,,,,,0.36775471317233122,0.1003
224,185,A,L,Y,Y,Y,S,Y,H,H,H,Q,R,M,M,T,T,A,A,A,T,I,I,I,I,I,I,I,I,V,V,D,S,S,S,S,S,S,A,S,S,I,I,I,T,T,T,T,I,T,A,A,T,T,I,L,L,T,,,,,0.57145385163368911,0.0003
225,186,I,I,I,I,I,I,I,I,I,I,I,I,I,I,I,I,I,I,I,I,I,I,V,V,I,I,M,I,I,I,I,I,I,I,I,I,I,I,I,I,I,I,I,I,I,I,I,I,I,I,I,I,I,I,I,I,I,I,1.0000000000000002,,,1.0000000000000004,0.0
226,187,N,N,N,N,N,N,N,N,N,N,N,N,S,S,S,S,S,S,S,S,N,N,N,N,N,N,N,N,N,N,N,N,N,N,N,N,N,N,N,N,N,N,N,N,N,N,N,N,N,N,N,N,N,N,N,Y,N,N,0.95163034475713137,,,0.90344085293239973,0.1885
227,188,K,K,K,K,K,K,K,K,K,M,T,S,T,T,T,N,T,T,T,E,D,D,D,D,D,D,D,Q,S,E,E,D,A,A,A,V,F,F,L,Q,Q,K,N,N,N,N,E,E,E,K,K,Q,Q,D,E,N,D,,,,,0.52896070825779395,0.0007
228,189,W,W,W,W,W,W,W,W,W,W,W,W,W,W,W,W,W,W,W,W,W,W,W,W,W,W,W,W,W,W,W,W,W,W,W,W,W,W,W,W,W,W,W,W,W,W,W,W,W,W,W,W,W,W,W,W,W,W,1.0000000000000002,,,1.0000000000000004,0.0
229,190,V,V,V,V,V,V,V,V,V,V,V,V,V,V,V,V,V,V,V,V,V,V,V,V,V,V,V,V,T,V,V,V,V,V,V,V,V,V,V,V,V,V,V,V,V,I,I,V,V,V,V,I,I,V,I,V,I,V,0.8375705159171184,I,0.76242948408288158,0.79381091396957826,0.9581
230,191,S,E,E,E,E,E,E,E,E,E,E,L,E,E,E,E,E,E,E,Q,K,K,K,K,E,E,Q,E,S,S,S,K,K,K,R,R,K,K,K,K,K,S,S,A,A,S,A,A,A,S,S,S,S,A,A,A,A,A,0.75057912890637069,,,0.68851591761136677,0.0002
231,192,N,N,N,N,N,N,N,N,N,N,N,N,R,R,S,S,S,S,N,R,T,T,R,R,R,R,R,N,D,D,N,N,N,N,N,N,N,N,N,N,N,N,D,N,N,N,N,N,N,N,N,N,N,N,N,N,N,N,0.96175702322152301,,,0.92412744523432822,0.0028
232,193,K,N,N,N,N,Y,Y,H,H,H,H,H,K,K,K,K,K,K,K,Q,H,H,H,H,H,H,H,K,H,H,K,S,E,E,E,E,E,E,E,E,Q,K,K,K,K,K,K,K,K,K,K,K,K,K,K,K,K,K,1.0000000000000002,,,1.0000000000000004,0.0
233,194,T,T,T,T,T,T,T,T,T,T,T,T,T,T,T,T,T,T,T,T,T,T,T,T,T,T,T,T,T,T,T,T,T,T,T,T,T,T,T,T,T,T,T,T,T,T,T,T,T,T,T,T,T,T,T,T,T,T,1.0000000000000002,,,1.0000000000000004,0.0
234,195,E,N,N,N,D,N,N,N,N,N,E,E,D,D,D,D,D,D,D,H,K,K,K,K,K,K,K,D,D,A,K,K,R,R,Q,R,R,R,R,R,N,H,E,E,E,E,E,E,E,E,E,E,E,E,E,E,E,E,0.96248335832602805,,,0.92432531293727194,0.0
235,196,G,N,S,N,N,S,S,S,N,N,S,S,G,G,G,G,G,G,G,G,G,G,G,G,G,G,G,G,G,G,G,G,D,D,G,G,G,G,G,G,G,G,K,G,G,N,N,R,G,G,G,G,G,G,K,K,N,,,,,0.53158643814506512,0.9456
236,197,R,L,L,L,L,L,L,Q,M,R,M,K,K,K,K,K,K,K,K,K,M,M,M,M,M,M,M,M,M,A,H,Q,M,M,M,M,M,M,M,M,M,R,R,R,R,L,R,R,R,R,R,R,R,R,R,R,R,R,0.93034995468660375,,,0.8630949277158082,0.0
237,198,I,L,L,V,V,L,L,V,I,I,I,I,I,I,I,I,I,I,I,I,I,I,I,I,I,I,I,I,I,I,I,I,I,I,I,I,I,I,I,I,I,I,I,I,I,I,I,I,I,I,I,I,I,I,I,I,I,I,1.0000000000000002,,,1.0000000000000004,0.0
238,199,T,K,K,K,K,K,K,K,K,R,R,Q,K,K,K,K,K,K,K,S,S,S,G,S,N,S,S,K,S,P,P,P,D,D,D,D,D,D,D,D,E,T,T,K,K,Q,K,T,T,T,T,T,T,T,T,T,Q,T,0.75016057275744097,,,0.61515471963563029,0.0007
239,200,D,D,D,D,D,D,D,D,D,D,E,N,D,D,D,D,N,N,S,K,N,N,N,D,D,D,N,D,E,D,S,S,N,N,S,N,N,N,N,Q,G,D,D,D,D,D,D,E,E,D,D,D,D,N,D,D,N,D,0.87367896691324309,,,0.77958780737142352,0.0137
240,201,V,L,L,L,L,L,L,L,F,L,L,L,M,M,M,M,M,M,M,M,L,L,L,L,L,L,L,L,F,F,L,V,L,L,L,L,L,L,L,V,L,V,V,V,V,T,T,V,V,V,V,V,V,V,V,V,T,V,0.84244638750732603,,,0.74280099883393547,0.0073
241,202,I,V,V,V,V,V,V,V,V,V,M,V,F,F,F,F,F,F,F,F,L,L,L,L,L,L,L,V,L,L,V,V,L,L,L,L,L,L,I,V,I,V,I,I,I,L,L,I,I,I,I,I,I,I,I,I,L,I,0.85160010175684553,,,0.76044874847691479,0.0
242,203,P,S,S,S,S,S,S,S,S,T,S,S,S,S,S,S,S,S,S,S,G,G,G,G,A,A,E,G,P,Q,K,T,S,S,S,S,S,S,S,A,S,P,P,P,P,P,P,P,P,P,P,P,P,P,P,P,P,P,1.0000000000000002,,,1.0000000000000004,0.0
243,204,S,P,P,P,P,P,P,A,S,A,A,A,G,G,G,G,E,E,T,S,K,K,R,E,K,K,E,S,S,S,A,A,P,P,P,P,P,P,P,P,P,P,V,Q,Q,P,E,E,E,S,P,P,P,N,E,E,K,,,,,0.41667044088827665,0.5551
244,205,E,R,R,R,R,E,G,R,R,D,E,E,E,E,E,E,E,E,E,G,G,G,G,G,G,G,G,N,G,G,D,D,D,D,D,N,N,N,D,D,E,D,G,G,G,G,G,K,G,E,E,Q,Q,G,G,G,D,G,0.72816122202446287,,,0.58305395541704907,0.0882
245,206,A,D,D,D,D,D,D,D,D,D,D,D,E,E,D,E,E,D,D,D,A,A,A,A,A,A,T,N,V,S,M,M,L,L,L,L,L,L,L,D,L,A,V,A,A,V,S,G,G,A,A,A,A,T,G,G,S,,,,,0.49878795564760053,0.0068
246,207,I,F,F,F,F,F,F,F,F,F,V,F,F,F,F,F,F,F,F,F,V,V,V,V,V,V,V,I,L,L,L,F,I,I,L,I,I,I,I,I,L,I,I,I,I,L,I,I,I,I,I,I,I,I,I,I,L,I,0.91657365677205516,,,0.84960094295194888,0.0
247,208,N,D,D,D,D,D,D,S,S,T,S,S,G,G,G,G,G,G,G,T,D,D,D,D,D,N,D,P,S,T,D,D,D,D,N,D,D,D,D,D,D,D,T,N,D,D,D,D,D,N,N,D,N,D,D,T,N,D,0.74737933602566131,,,0.63781038098930387,0.1775
248,208a,-,-,-,-,-,-,-,-,-,-,-,-,-,-,-,-,-,-,-,-,-,-,-,-,-,-,-,-,-,-,S,T,G,G,G,G,G,S,D,-,S,-,-,-,-,-,-,-,-,-,-,-,-,-,-,-,-,,,,,0.0,1.0
249,209,E,A,A,A,A,G,A,A,A,N,G,S,P,P,P,P,P,P,P,P,Q,Q,Q,Q,E,E,Q,P,E,D,A,A,V,V,V,A,A,A,R,S,S,E,P,E,E,S,T,D,D,E,E,E,E,E,D,E,S,,,,,0.54207066417262761,0.0
250,210,L,G,V,A,A,V,V,L,L,L,I,S,L,L,L,L,L,L,L,L,L,L,L,L,L,L,L,L,L,E,L,L,L,L,L,L,L,L,L,L,V,L,D,L,L,N,N,L,L,L,L,F,F,F,L,F,N,,,,,0.45468537358370092,0.9679
251,211,T,T,T,T,T,T,T,T,T,T,T,T,T,T,T,T,T,T,T,T,T,T,T,T,T,T,T,T,T,T,T,T,T,T,T,T,T,T,T,T,T,T,T,T,T,T,T,T,T,T,T,T,T,T,T,T,T,T,1.0000000000000002,,,1.0000000000000004,0.0
252,212,V,H,H,Y,Y,N,H,N,H,K,R,M,R,R,R,R,R,R,R,K,R,R,R,R,R,R,K,R,R,R,R,R,R,R,R,R,R,K,R,R,R,V,V,A,A,V,I,V,V,V,V,V,V,V,V,V,V,V,0.9053443159146769,,,0.82309443254062331,0.0
253,213,L,L,L,L,L,L,L,L,L,L,L,I,L,L,L,L,L,L,L,M,L,L,L,L,L,L,M,L,L,L,L,L,L,L,L,L,L,L,L,L,L,L,L,L,L,L,L,L,L,L,L,L,L,L,L,L,L,L,1.0000000000000002,,,1.0000000000000004,0.0
254,214,V,A,A,A,A,A,A,A,V,V,M,M,V,V,V,V,V,V,V,V,V,V,M,V,V,V,V,V,V,V,V,V,V,V,V,V,V,V,V,V,V,V,V,V,V,V,V,V,V,V,V,V,V,V,V,V,V,V,1.0000000000000002,,,1.0000000000000004,0.0
255,215,L,L,L,L,L,L,L,L,L,L,L,L,L,L,L,L,L,L,L,L,L,L,L,L,L,L,L,L,F,L,A,A,L,L,L,L,L,L,V,L,L,L,L,L,L,L,L,L,L,L,L,L,L,L,L,L,L,L,1.0000000000000002,,,1.0000000000000004,0.0
256,216,V,I,I,I,I,I,I,I,I,V,V,V,V,V,V,V,V,V,V,V,V,V,V,V,V,V,V,L,L,L,V,V,V,V,V,V,V,V,V,V,V,V,I,V,V,V,V,V,V,V,V,V,V,V,V,V,V,V,0.97129982980977347,,,0.94305999642351113,0.054
257,217,N,N,N,N,N,N,N,N,N,N,N,N,N,N,N,N,N,N,N,N,N,N,N,N,N,N,N,S,N,N,N,N,N,N,N,N,N,N,N,N,N,N,N,N,N,N,N,N,N,N,N,N,N,N,N,N,N,N,1.0000000000000002,,,1.0000000000000004,0.0
258,218,T,A,A,A,A,A,A,A,A,A,A,A,A,A,A,A,A,A,A,A,A,A,A,A,A,A,A,A,A,A,S,S,A,A,A,A,A,A,A,A,A,T,A,T,T,T,A,T,T,T,T,T,T,T,T,T,T,T,0.9192822038428784,,,0.8536071567811061,0.0434
259,219,I,V,V,V,V,V,V,V,I,M,I,V,I,I,I,I,I,I,I,L,L,L,L,L,L,L,L,V,L,L,I,I,V,V,V,V,V,V,I,V,L,I,I,I,I,I,I,I,I,I,I,I,I,I,I,I,I,I,1.0000000000000002,,,1.0000000000000004,0.0
260,220,Y,Y,Y,Y,Y,Y,Y,Y,Y,Y,Y,Y,Y,Y,Y,Y,Y,Y,Y,Y,Y,Y,Y,Y,Y,Y,Y,H,H,S,Y,F,Y,Y,Y,Y,Y,Y,Y,Y,Y,Y,Y,Y,Y,Y,Y,Y,Y,Y,Y,Y,Y,Y,Y,Y,Y,Y,1.0000000000000002,,,1.0000000000000004,0.0
261,221,F,F,F,F,F,F,F,F,F,F,F,F,F,F,F,F,F,F,F,F,F,F,F,F,F,F,F,F,F,F,F,F,F,F,F,F,F,F,F,F,F,F,F,F,F,F,F,F,F,F,F,F,F,F,F,F,F,F,1.0000000000000002,,,1.0000000000000004,0.0
262,222,K,K,K,K,K,K,K,K,K,K,R,R,K,K,K,K,K,K,K,K,N,N,N,N,S,N,K,S,H,Q,K,K,K,K,K,K,K,K,K,K,K,K,K,K,K,K,K,K,K,K,K,K,K,K,K,K,K,K,1.0000000000000002,,,1.0000000000000004,0.0
263,223,G,G,G,G,G,G,G,G,G,G,G,G,G,G,G,G,G,G,G,G,G,G,G,G,G,G,G,G,G,A,G,G,G,G,G,G,G,G,G,G,G,G,G,G,G,G,G,G,G,G,G,G,G,G,G,G,G,G,1.0000000000000002,,,1.0000000000000004,0.0
264,224,L,N,S,N,N,N,N,N,N,N,S,S,D,D,D,D,D,D,N,E,Q,Q,Q,Q,Q,Q,Q,K,V,P,L,L,L,L,L,L,L,L,L,L,L,L,L,L,L,H,Q,H,H,L,L,L,L,L,H,R,Q,,,,,0.49192082344114246,0.0045
265,225,W,W,W,W,W,W,W,W,W,W,W,W,W,W,W,W,W,W,W,W,W,W,W,W,W,W,W,W,W,W,W,W,W,W,W,W,W,W,W,W,W,W,W,W,W,W,W,W,W,W,W,W,W,W,W,W,W,W,1.0000000000000002,,,1.0000000000000004,0.0
266,226,K,K,K,K,K,K,K,K,K,K,K,K,K,K,K,K,K,K,K,K,K,K,K,K,K,K,K,T,K,K,K,K,K,K,R,K,K,K,K,K,K,K,K,K,K,K,K,K,K,K,K,K,K,K,K,K,K,K,1.0000000000000002,,,1.0000000000000004,0.0
267,227,S,S,S,S,S,S,S,S,S,S,I,N,Q,Q,Q,Q,Q,Q,K,Q,T,T,T,M,T,T,L,V,T,V,S,S,S,S,S,S,S,S,S,S,S,S,S,S,S,N,N,S,S,S,S,S,S,S,S,S,S,S,0.90398522101400958,,,0.82762554874713046,0.0022
268,228,K,Q,Q,Q,Q,Q,Q,Q,Q,Q,Q,Q,K,K,K,K,K,K,K,K,P,P,P,P,P,P,P,P,P,P,R,R,R,R,R,R,R,R,R,R,R,K,K,K,K,K,K,Q,Q,K,K,K,K,K,E,E,K,K,0.85074620673005297,,,0.7453298416839228,0.0004
269,229,F,F,F,F,F,F,F,F,F,F,F,F,F,F,F,F,F,F,F,F,F,F,F,F,F,F,F,F,F,F,F,F,F,F,F,F,F,F,F,F,F,F,F,F,F,F,F,F,F,F,F,F,F,F,F,F,F,F,1.0000000000000002,,,1.0000000000000004,0.0
270,230,S,R,R,R,R,R,R,R,R,R,R,R,R,R,R,N,R,R,R,S,P,P,P,P,L,L,P,L,D,D,Q,Q,Q,Q,L,Q,Q,Q,Q,R,Q,S,N,S,S,D,D,P,P,S,S,S,S,S,P,P,D,,,,,0.51603010591280807,0.0109
271,231,P,P,P,P,P,P,P,P,P,P,P,P,K,K,K,K,K,K,E,V,D,D,E,E,E,E,T,E,P,P,A,P,P,P,P,P,P,P,P,P,P,P,S,P,P,K,K,A,A,P,P,P,P,P,A,T,K,,,,,0.47946199345832941,0.6482
272,232,E,E,E,E,E,E,E,E,E,E,E,E,E,E,E,E,E,E,E,E,S,S,S,S,A,A,K,K,R,K,E,Q,E,E,E,E,E,E,E,E,E,E,E,E,E,D,Q,P,P,E,E,E,E,D,Q,E,K,E,0.71440283346542233,,,0.55768719829829982,0.8726
273,233,N,N,N,N,N,N,N,N,N,N,N,N,D,D,D,D,D,D,E,A,S,S,G,N,S,S,G,A,N,R,D,S,N,N,N,N,S,N,N,N,N,N,N,N,N,N,N,N,N,N,N,N,N,S,N,N,N,N,0.96397797578694222,,,0.92763188391597839,0.0004
274,234,T,T,T,T,T,T,T,T,T,T,T,T,T,T,T,T,T,T,T,T,T,T,T,T,T,T,T,T,T,T,T,T,T,T,T,T,T,T,T,T,T,T,T,T,T,V,V,T,T,T,T,T,T,T,T,T,V,T,0.84244638750732603,,,0.74280099883393547,1.0
275,235,R,R,R,R,R,R,R,R,R,R,R,R,Q,Q,Q,Q,E,E,H,H,H,H,H,H,H,H,H,H,R,A,K,K,K,K,K,K,K,K,K,K,K,R,K,R,R,Y,M,R,K,R,R,K,R,K,K,K,F,,,,,0.51711926193346291,0.7745
276,236,K,T,T,T,T,T,T,T,T,T,T,T,L,L,L,L,M,M,I,S,R,R,H,H,Q,Q,H,Q,E,E,M,P,K,K,K,K,K,K,K,K,K,K,M,K,K,V,K,L,L,K,K,K,K,Q,R,M,K,,,,,0.47907112867691926,0.0355
277,237,E,F,F,F,F,F,F,F,F,F,F,F,I,I,T,M,T,T,S,E,R,R,R,R,R,R,R,R,Q,R,R,R,R,R,R,R,R,R,R,R,R,E,E,E,E,S,L,D,D,E,E,E,E,E,D,E,A,E,0.7318132735821804,,,0.56956797701900752,0.0003
278,238,L,S,S,S,S,S,S,S,S,S,S,S,N,N,N,N,D,D,D,E,L,L,L,L,L,L,L,P,L,M,P,S,T,T,T,T,T,T,T,P,T,L,Q,P,P,E,D,L,L,L,L,L,L,P,K,K,D,,,,,0.36918162057249482,0.6155
279,239,F,F,F,F,F,F,F,F,F,F,F,F,F,F,F,F,F,F,F,F,F,F,F,F,F,F,F,F,F,F,F,F,F,F,F,F,F,F,F,F,F,F,F,F,F,F,F,F,F,F,F,F,F,F,F,F,F,F,1.0000000000000002,,,1.0000000000000004,0.0
280,240,Y,T,T,T,T,T,T,T,T,T,S,T,T,T,T,T,T,S,T,S,H,H,H,H,H,H,H,Y,H,H,T,T,V,V,V,V,V,V,V,Y,H,Y,Y,Y,H,H,H,H,Y,Y,Y,Y,Y,H,Y,F,Y,Y,0.83955166905061407,H,0.72085516158278151,0.76585118961659449,0.0
281,241,K,K,K,K,K,K,K,K,K,K,K,R,K,K,K,L,K,K,I,V,K,K,K,K,K,K,K,R,T,C,S,A,A,A,A,T,A,A,G,G,G,K,P,K,K,S,V,K,K,K,K,K,K,K,R,R,V,,,,,0.52263764506549915,0.4871
282,242,A,D,D,D,D,D,D,D,D,D,D,D,K,K,K,K,K,K,K,K,S,S,S,S,S,S,S,S,V,A,G,G,A,A,A,A,G,G,A,A,P,A,D,V,V,S,S,A,A,A,A,A,A,A,S,D,S,,,,,0.52906214405672669,0.0076
283,243,D,D,D,D,D,D,D,D,D,D,D,D,N,N,D,D,D,D,D,R,D,D,D,D,D,D,D,D,N,N,D,D,D,D,D,D,D,D,D,D,D,G,E,D,D,Q,P,N,N,D,D,D,D,N,D,E,K,,,,,0.49316947437558506,1.0
284,244,G,E,E,E,E,E,E,E,E,E,G,G,G,G,G,G,G,G,G,G,G,G,G,G,G,G,G,G,G,G,G,G,G,G,G,G,G,G,G,G,G,G,S,G,G,T,T,G,G,G,G,G,G,K,G,P,S,G,0.71212414535510449,,,0.55958404902041925,0.9834
285,245,E,S,S,S,S,S,S,S,T,S,S,S,S,S,A,T,S,S,S,L,S,S,S,S,S,S,S,S,S,S,T,N,K,K,K,K,K,K,K,K,K,E,N,Q,Q,R,H,E,E,E,E,E,E,E,Q,N,K,,,,,0.54222517784147284,0.0944
286,246,S,E,E,E,E,E,E,E,E,E,E,E,T,T,A,A,T,T,I,T,T,T,T,T,T,T,T,H,A,T,V,T,S,S,S,S,S,S,S,T,D,S,H,S,S,S,K,T,T,S,S,S,S,K,I,L,T,,,,,0.45876875633399772,0.4305
287,247,C,V,V,V,V,V,V,A,V,V,V,V,V,V,V,V,V,V,I,V,V,V,V,I,V,I,V,V,V,V,H,Y,Y,Y,Y,Y,Y,Y,F,Y,Y,C,C,C,C,C,C,C,C,C,C,C,C,C,C,C,C,C,1.0000000000000002,,,1.0000000000000004,0.0
288,248,S,Q,Q,Q,Q,Q,Q,Q,Q,Q,Q,Q,K,K,K,K,K,K,K,K,S,S,S,S,S,S,S,Q,S,P,K,K,Q,Q,Q,Q,Q,Q,Q,Q,Q,S,L,P,L,P,P,N,R,S,S,S,S,L,S,M,P,,,,,0.43165210186879499,0.7843
289,249,A,I,I,I,I,I,I,I,I,I,T,T,I,I,I,I,V,I,V,V,V,V,V,V,V,V,V,V,V,V,V,V,V,V,V,V,V,V,V,V,V,V,A,V,V,V,V,V,V,A,A,V,V,V,T,V,V,V,0.85401674783071313,,,0.74919903935767107,0.4414
290,250,S,P,P,P,P,P,P,P,P,P,Q,L,P,P,P,P,P,P,P,P,P,P,P,P,P,P,P,Q,P,H,P,P,P,P,P,P,P,P,P,P,P,S,A,P,P,N,P,P,P,S,S,P,L,S,P,P,S,,,,,0.55628846778250851,0.989
291,251,M,M,M,M,M,M,M,M,M,M,M,M,M,M,M,M,M,M,M,M,M,M,M,M,M,M,M,M,M,M,M,M,M,M,M,M,M,M,M,M,M,M,T,M,M,M,M,I,V,M,M,M,M,M,M,M,M,M,0.88541418629369661,,,0.78875147146321967,0.9991
292,252,M,M,M,M,M,M,M,M,M,M,M,M,M,M,M,M,M,M,M,M,M,M,M,M,M,M,M,M,M,M,M,M,L,L,L,L,L,L,L,L,L,M,M,M,M,M,M,M,M,M,M,M,M,M,M,M,M,M,1.0000000000000002,,,1.0000000000000004,0.0
293,253,Y,Y,Y,Y,Y,Y,Y,Y,Y,Y,Y,Y,K,K,K,K,K,K,K,H,A,A,A,A,A,A,A,A,T,T,S,S,A,A,A,A,A,A,A,S,A,Y,Y,Y,Y,Y,Y,Y,Y,Y,Y,Y,Y,Y,Y,Y,Y,Y,1.0000000000000002,,,1.0000000000000004,0.0
294,254,Q,Q,Q,Q,Q,Q,Q,Q,Q,Q,Q,Q,A,A,A,A,A,A,M,L,Q,Q,Q,Q,Q,Q,Q,N,T,L,Q,Q,Q,Q,Q,Q,Q,Q,Q,Q,Q,Q,Q,Q,Q,Q,Q,Q,Q,Q,Q,Q,Q,Q,Q,Q,Q,Q,1.0000000000000002,,,1.0000000000000004,0.0
295,255,E,Q,Q,Q,Q,Q,Q,Q,Q,K,Q,Q,L,L,L,L,L,L,Q,Q,T,T,T,T,S,N,T,T,T,T,L,L,L,L,L,L,L,L,L,L,L,E,E,E,E,E,E,E,E,E,E,E,E,E,E,E,E,E,1.0000000000000002,,,1.0000000000000004,0.0
296,256,G,G,G,G,G,G,G,G,G,G,G,G,L,L,L,L,L,L,L,T,N,N,N,N,N,N,N,G,Q,N,S,S,S,S,S,S,S,S,A,S,S,G,G,G,G,A,K,S,S,G,G,G,S,S,N,A,T,,,,,0.49089763843598633,0.1535
297,257,K,E,E,E,E,E,E,E,E,E,D,D,R,R,R,R,R,R,R,T,K,K,K,K,K,K,K,K,K,H,V,V,V,V,V,V,V,V,V,I,L,K,I,K,K,R,K,R,K,K,K,K,K,K,K,R,K,K,0.84990026293322263,,,0.74348505324165859,0.0003
298,258,F,F,F,F,F,F,F,F,F,F,F,F,T,T,T,T,A,A,T,T,F,F,F,F,F,F,F,Y,F,Y,F,F,F,F,F,F,F,F,F,F,F,F,F,F,F,F,F,F,F,F,F,F,F,F,F,F,F,F,1.0000000000000002,,,1.0000000000000004,0.0
299,259,R,Y,Y,Y,Y,Y,Y,Y,Y,Y,Y,Y,K,K,K,K,Q,K,K,K,N,N,N,N,N,N,N,N,N,H,N,N,R,R,R,R,R,R,R,R,R,R,R,K,K,R,Q,P,R,R,R,R,R,R,R,R,H,R,0.82125661442820963,,,0.69030911178873477,0.0006
300,260,Y,Y,Y,Y,Y,Y,Y,Y,Y,Y,Y,Y,Y,Y,Y,Y,Y,Y,L,L,Y,Y,Y,Y,Y,Y,C,C,Y,Y,I,M,C,W,C,C,S,S,C,C,S,Y,Y,Y,Y,Y,Y,Y,H,Y,Y,Y,Y,Y,H,Y,Y,Y,0.95025777356876107,,,0.906906090131951,0.0082
301,261,R,G,G,G,G,G,G,G,G,G,G,G,G,G,G,G,G,G,G,G,T,T,T,T,T,T,T,S,G,G,G,G,G,-,G,G,G,G,G,G,G,R,S,R,R,K,A,A,A,R,R,R,R,R,V,I,G,,,,,0.44391087658217637,0.9327
302,262,R,E,E,E,E,E,E,E,E,E,E,E,Y,Y,Y,Y,Y,Y,Y,Y,E,E,E,E,E,E,E,E,E,E,M,Q,S,S,S,S,S,S,S,T,S,R,S,R,R,H,K,F,S,R,R,R,R,R,S,Y,R,,,,,0.4928119119142626,0.0357
303,263,V,F,F,F,F,F,F,F,F,F,F,F,F,F,F,F,F,F,F,F,F,F,F,F,F,F,F,F,F,F,V,A,T,T,T,T,T,T,A,T,A,V,F,V,V,F,I,I,I,V,V,V,V,V,I,L,F,V,0.70158909356398536,,,0.59853362045685443,0.226
304,264,A,S,S,S,S,S,S,S,S,T,S,S,S,S,S,S,S,S,F,S,T,T,S,T,T,T,L,T,V,V,T,S,S,S,S,S,R,K,S,S,S,A,K,A,G,P,P,Q,R,A,A,A,A,A,P,P,T,,,,,0.47404019505317224,0.6863
305,265,E,D,D,D,D,D,D,D,D,D,D,D,E,E,E,E,Q,E,H,V,T,T,T,T,T,T,T,T,S,T,T,T,A,A,T,T,T,T,T,T,T,E,D,E,E,E,E,E,Q,E,E,E,E,E,S,S,E,E,0.84395283361594942,,,0.72207524408158974,0.0
306,266,G,G,G,G,G,G,G,G,G,G,G,G,-,-,-,-,-,-,-,-,P,P,P,P,P,P,P,P,K,T,P,P,P,P,P,P,P,P,P,P,P,G,D,G,G,D,D,D,D,G,G,G,S,G,D,N,D,D,0.70414165484144053,,,0.6139325381650298,0.0001
307,266a,-,S,S,S,S,S,S,S,S,S,S,T,-,-,-,-,-,-,-,-,-,-,-,-,-,-,-,-,-,-,-,-,-,-,-,-,-,-,-,-,-,-,-,-,-,-,-,-,-,-,-,-,-,-,-,-,-,,,,,0.0,1.0
308,266b,-,N,N,N,N,N,N,N,N,N,Q,T,-,-,-,-,-,-,-,-,-,-,-,-,-,-,-,-,-,-,-,-,-,-,-,-,-,-,-,-,-,-,-,-,-,-,-,-,-,-,-,-,-,-,-,-,-,,,,,0.0,1.0
309,266c,-,E,E,E,E,E,E,E,E,E,E,E,-,-,-,-,-,-,-,-,-,-,-,-,-,-,-,-,-,-,-,-,-,-,-,-,-,-,-,-,-,-,-,-,-,-,-,-,-,-,-,-,-,-,-,-,-,,,,,0.0,1.0
310,266d,-,A,A,A,A,A,A,A,A,A,A,A,S,S,P,S,S,S,S,K,D,D,S,D,D,D,S,D,D,E,Q,D,N,N,S,N,N,N,N,N,N,-,-,-,-,-,-,-,-,-,-,-,-,-,-,-,-,,,,,0.0,1.0
311,266e,-,G,G,G,G,G,G,G,G,G,G,G,S,S,S,S,S,S,H,N,G,G,G,G,G,G,G,G,G,G,G,G,D,D,G,D,G,G,D,E,G,-,-,-,-,-,-,-,-,-,-,-,-,-,-,-,-,,,,,0.0,1.0
312,266f,-,G,G,G,G,G,G,G,G,G,G,G,L,V,M,I,M,M,M,A,H,H,H,R,L,H,H,D,V,I,L,Q,L,L,L,L,L,L,L,L,L,-,-,-,-,-,-,-,-,-,-,-,-,-,-,-,-,,,,,0.0,1.0
313,266g,-,I,I,I,I,I,I,I,I,V,M,V,N,N,N,N,T,T,N,S,Y,Y,Y,Y,E,E,Y,F,D,D,K,K,W,W,W,W,W,W,W,W,W,-,-,-,-,-,-,-,-,-,-,-,-,-,-,-,-,,,,,0.0,1.0
314,266h,-,Y,Y,Y,Y,Y,Y,Y,Y,Y,Y,Y,Y,Y,Y,Y,C,Y,Y,Y,Y,Y,Y,Y,Y,Y,Y,Y,Y,Y,Y,Y,Y,Y,Y,Y,Y,Y,Y,Y,Y,-,G,-,-,Q,K,K,K,-,-,-,-,-,H,K,K,,,,,0.18170344866225827,1.0
315,267,T,Q,Q,Q,Q,Q,Q,Q,Q,Q,Q,Q,Q,Q,Q,Q,Q,Q,Q,K,D,D,D,D,D,D,D,D,D,D,K,I,N,N,N,N,N,N,N,N,N,T,V,T,T,V,V,V,V,T,T,T,T,T,V,V,V,V,0.71433327840991478,,,0.65093461586450074,0.0
316,268,Q,V,V,V,V,V,V,V,V,V,V,V,V,V,V,V,V,V,V,V,I,I,I,I,V,I,I,V,V,V,V,V,F,F,F,F,F,F,F,I,V,Q,Q,Q,Q,Q,K,Q,Q,Q,Q,Q,Q,Q,Q,Q,Q,Q,0.9575251806213555,,,0.91645241568957392,0.0
317,269,V,L,L,L,L,L,L,L,L,L,L,L,L,L,L,L,L,L,V,L,L,L,L,L,V,L,V,I,I,I,I,I,I,I,I,I,I,I,I,I,I,V,V,V,V,L,I,V,V,V,V,V,V,V,V,V,V,V,0.92530565365561224,,,0.85860899471833585,0.0
318,270,L,E,E,E,E,E,E,E,E,E,E,E,E,E,E,E,E,E,E,E,E,E,E,E,E,E,E,E,E,E,E,E,E,E,E,E,E,E,E,E,E,L,L,L,L,L,L,L,L,L,L,L,L,L,V,L,L,L,0.96616562842350817,,,0.93227580715590919,0.0009
319,271,E,I,I,I,I,I,I,I,I,L,M,M,L,L,L,L,L,L,L,L,L,L,L,L,L,L,L,L,M,V,L,L,L,L,L,L,L,L,L,L,L,E,E,E,E,E,E,E,E,E,E,E,E,E,E,E,E,E,1.0000000000000002,,,1.0000000000000004,0.0
320,272,L,P,P,P,P,P,P,P,P,P,P,L,S,S,P,P,P,P,P,P,P,P,P,P,P,P,P,P,P,P,P,P,P,P,P,P,P,P,P,P,P,L,L,L,M,M,L,L,L,L,L,L,L,L,L,L,L,L,0.93786501283664647,,,0.88486752531732127,0.0036
321,273,P,Y,Y,Y,Y,Y,Y,Y,Y,Y,Y,Y,Y,Y,Y,Y,Y,Y,Y,Y,Y,Y,Y,Y,Y,Y,Y,Y,Y,Y,Y,Y,Y,Y,Y,Y,Y,Y,Y,Y,Y,P,P,P,P,P,P,P,P,P,P,P,P,P,P,P,P,P,1.0000000000000002,,,1.0000000000000004,0.0
322,274,F,E,E,E,E,E,E,E,E,E,E,E,K,K,K,K,K,K,E,K,H,H,H,H,Q,H,H,E,E,E,H,H,H,H,H,H,H,H,H,H,H,F,Y,F,F,Y,Y,Y,Y,F,F,F,F,F,Y,Y,Y,Y,0.85738078217466518,F,0.8096192178253353,0.82572897613625029,0.0
323,275,K,G,G,G,G,G,G,G,G,G,G,G,G,G,G,G,A,A,G,G,G,G,G,G,R,G,G,G,G,G,G,G,G,G,G,G,G,G,G,G,G,K,K,K,K,R,N,K,K,K,K,K,K,K,K,K,R,K,0.88957705643834017,,,0.80195789387375316,0.0128
324,276,G,D,D,D,D,D,D,D,D,D,E,E,D,D,D,D,D,D,D,D,D,D,D,N,D,E,D,E,E,D,N,N,E,E,E,E,E,E,E,E,G,G,G,G,G,G,G,G,G,G,G,G,G,G,G,G,G,G,1.0000000000000002,,,1.0000000000000004,0.0
325,277,D,E,A,E,E,E,E,E,E,E,D,D,E,E,G,E,E,E,E,K,T,T,T,T,T,T,T,E,S,S,T,S,S,S,S,S,S,S,S,M,S,D,D,D,D,D,G,D,D,D,D,D,D,V,D,D,D,D,0.90013411942641497,,,0.80819874424850935,0.0
326,278,D,I,I,I,I,I,I,I,I,I,L,M,F,F,F,F,F,F,F,F,L,L,L,L,L,L,L,L,I,L,V,M,I,I,I,I,I,I,I,I,L,D,D,D,D,D,D,D,D,D,D,D,D,D,D,D,D,D,1.0000000000000002,,,1.0000000000000004,0.0
327,279,I,S,S,S,S,S,S,S,S,S,S,S,S,S,S,S,S,S,S,S,S,S,S,S,S,S,S,S,S,S,S,S,S,S,S,S,S,S,S,S,S,I,I,I,I,I,I,I,I,I,I,I,I,I,I,I,I,I,1.0000000000000002,,,1.0000000000000004,0.0
328,280,T,M,M,M,M,M,M,M,M,L,M,M,L,L,L,L,L,L,L,L,M,M,M,M,M,M,M,M,M,M,M,M,M,M,M,M,M,M,M,M,M,T,T,T,T,T,T,T,T,T,T,T,T,T,T,T,T,T,1.0000000000000002,,,1.0000000000000004,0.0
329,281,M,M,M,M,M,M,M,M,M,I,M,M,I,I,I,I,V,V,I,L,F,F,F,L,F,F,F,L,L,L,L,F,L,L,L,L,L,L,L,L,L,M,M,M,M,M,M,M,M,M,M,M,M,M,M,M,M,M,1.0000000000000002,,,1.0000000000000004,0.0
330,282,V,L,L,L,L,L,L,L,I,I,I,I,I,I,I,I,I,I,L,L,I,I,I,I,I,I,I,I,L,L,I,I,I,I,I,I,I,I,I,I,V,V,V,V,V,V,V,V,V,V,V,V,V,V,V,V,V,V,1.0000000000000002,,,1.0000000000000004,0.0
331,283,L,V,V,V,V,A,V,V,V,V,V,V,I,I,I,I,I,L,L,T,A,A,A,A,A,A,A,A,V,V,A,A,A,A,A,A,A,A,A,A,A,L,L,L,L,I,L,L,L,L,L,L,L,L,L,L,L,L,0.95718169071275649,,,0.91583575141006446,0.0
332,284,I,L,L,L,L,L,L,L,L,L,L,L,L,L,L,L,L,L,L,L,A,A,A,A,A,A,A,A,T,S,L,L,L,L,L,L,L,L,L,L,L,I,V,I,I,I,I,V,V,I,I,I,I,I,I,I,I,I,0.91758639550631771,,,0.86014787580408525,0.0
333,285,L,S,S,S,S,S,S,S,S,S,P,P,P,P,P,P,P,P,P,P,P,P,P,P,P,P,P,P,P,P,P,P,P,P,P,P,P,P,P,P,P,L,L,L,L,L,L,L,L,L,L,L,L,L,L,L,L,L,1.0000000000000002,,,1.0000000000000004,0.0
334,286,P,R,R,R,R,R,R,R,R,R,R,R,A,A,A,A,T,T,A,A,Y,Y,Y,Y,F,F,Y,Y,F,I,S,T,T,T,T,T,T,T,T,T,T,P,P,P,P,P,P,P,P,P,P,P,P,P,P,P,P,P,1.0000000000000002,,,1.0000000000000004,0.0
335,287,K,Q,Q,Q,Q,Q,Q,Q,Q,Q,Q,Q,E,E,E,E,E,E,K,E,E,E,E,E,E,E,E,E,E,E,E,E,E,E,E,E,E,E,E,E,E,K,S,K,K,S,I,K,D,K,K,K,K,G,T,S,L,,,,,0.41526467648214732,0.9983
336,288,P,-,-,-,-,-,-,-,-,-,-,-,-,-,-,-,-,-,-,-,K,K,K,K,K,K,K,K,K,R,E,D,S,S,S,S,S,S,S,N,E,P,P,P,P,Q,E,A,A,P,P,L,L,P,M,K,K,,,,,0.40140948680614841,0.0001
337,289,E,E,E,E,E,E,E,E,E,E,E,E,G,G,D,H,D,D,D,D,E,E,E,E,D,D,E,N,D,E,N,S,S,S,S,S,S,S,S,T,S,E,E,E,E,G,G,G,E,E,E,E,E,G,G,D,D,E,0.7289609209844875,,,0.64476417216350301,0.0845
338,290,K,V,V,V,V,V,V,V,V,V,V,V,M,M,V,T,T,V,V,V,V,V,V,V,V,V,M,V,V,V,T,T,T,T,V,T,T,T,T,T,T,K,T,K,K,T,A,T,T,K,K,K,K,K,T,T,T,,,,,0.57172748757180025,0.134
339,291,S,P,P,P,P,P,P,P,P,P,P,P,D,D,N,N,S,N,A,E,P,P,P,P,H,P,P,P,P,P,P,P,P,P,P,P,P,P,P,P,P,S,P,S,S,A,T,P,P,S,S,P,T,N,S,V,P,,,,,0.49865130400739816,0.9493
340,292,L,L,L,L,L,L,L,L,L,L,L,L,I,I,I,I,I,I,L,I,L,L,L,L,L,L,L,L,L,L,L,L,L,L,L,L,L,L,L,L,L,L,L,L,L,L,L,L,L,L,L,L,L,L,L,L,L,L,1.0000000000000002,,,1.0000000000000004,0.0
341,293,A,A,A,A,A,A,A,V,V,A,S,A,E,E,E,E,E,E,E,G,S,S,S,S,S,S,S,S,S,S,S,S,S,S,S,S,S,S,S,S,S,A,M,A,A,S,S,V,V,A,A,A,A,D,K,A,S,,,,,0.47797809620974463,0.7778
342,294,K,T,T,T,T,T,T,T,T,T,S,S,E,E,E,E,E,E,E,E,A,A,A,A,A,A,A,A,A,A,H,S,A,A,A,A,A,A,A,A,A,K,K,K,K,Q,E,E,E,K,K,K,K,K,E,E,E,K,0.70540423304762312,,,0.64675248408902408,0.0003
343,295,V,L,L,L,L,L,L,L,L,L,L,L,V,V,M,M,V,V,L,L,L,L,L,L,L,I,L,I,L,L,I,I,I,I,I,I,I,I,I,I,I,V,V,V,V,V,V,V,V,V,V,V,V,M,V,V,V,V,0.96800043515740031,,,0.93571299021202736,0.0
344,296,E,E,E,E,E,E,E,E,E,E,E,E,E,E,E,E,E,E,E,E,T,T,T,T,T,T,T,T,N,I,I,L,I,I,V,V,I,I,I,I,I,E,E,E,E,E,V,E,E,E,E,E,E,E,E,E,E,E,0.93624792588571171,,,0.87460024868979169,0.0006
345,297,K,P,P,P,P,P,P,P,P,P,P,P,K,K,K,K,N,K,R,K,N,N,N,S,N,N,N,N,K,G,P,P,P,P,P,P,P,P,P,P,P,Q,Q,Q,Q,E,A,R,R,K,K,R,Q,Q,Q,R,E,,,,,0.54856174089475584,0.0112
346,298,E,L,L,L,L,L,L,L,L,L,I,I,L,L,R,L,Q,Q,N,I,I,I,I,I,I,I,I,I,E,D,T,H,H,H,H,H,H,H,H,H,H,E,N,E,E,V,N,D,D,E,E,E,E,E,D,D,N,,,,,0.58065360107894959,0.0
347,299,L,V,V,V,V,L,L,V,V,L,I,I,I,I,I,I,V,V,I,V,L,L,L,L,L,L,L,L,L,L,I,I,I,I,I,I,I,I,I,I,I,L,L,L,L,L,M,L,L,L,L,L,L,L,L,L,L,L,0.9627847267357843,,,0.92679789517266598,0.0
348,300,T,K,K,K,K,K,K,K,K,K,K,K,T,T,T,T,T,T,S,T,S,S,D,D,D,D,D,T,S,S,S,S,S,S,S,S,T,S,S,S,S,T,T,T,T,D,N,T,T,T,T,T,T,T,T,M,D,T,0.79344075058582475,,,0.64959386869476643,0.0017
349,301,P,A,T,A,A,A,P,P,A,A,A,A,A,A,A,A,A,A,M,A,A,A,A,A,A,A,A,P,S,S,T,T,T,T,T,T,T,T,T,T,T,P,L,P,P,L,L,S,S,P,P,P,P,P,L,S,L,,,,,0.53602250192646994,0.3464
350,302,E,Q,Q,Q,Q,Q,Q,Q,S,P,P,P,Q,Q,H,P,P,R,E,T,Q,Q,Q,E,E,E,Q,E,S,Q,A,N,K,K,K,K,K,K,K,K,K,E,E,E,E,K,K,D,E,E,E,D,D,E,E,E,K,E,0.78635684552835772,,,0.67279073513320142,0.0
351,303,V,L,L,L,L,L,L,L,L,L,L,L,Q,Q,Q,Q,H,H,Q,M,L,L,L,L,L,L,L,L,R,R,S,T,T,T,T,T,T,T,T,T,T,V,K,L,L,K,K,K,K,V,V,M,M,L,Q,Q,K,,,,,0.42676796929427213,0.351
352,304,L,I,I,V,I,I,I,I,I,I,L,L,I,I,I,I,V,V,I,I,I,I,I,I,I,I,I,I,I,I,V,I,I,I,I,I,I,I,I,I,L,L,L,L,L,L,L,L,L,L,L,L,L,L,L,L,L,L,1.0000000000000002,,,1.0000000000000004,0.0
353,305,Q,E,E,E,E,E,E,E,N,E,E,E,L,L,L,L,R,Q,Q,K,S,S,S,S,R,R,S,A,H,R,Q,Q,D,D,D,D,D,N,Q,G,Q,Q,G,Q,Q,S,V,Q,Q,Q,Q,Q,Q,Q,Q,E,T,Q,0.72841290846846551,,,0.55385991495792108,0.0099
354,306,E,E,E,E,E,E,E,E,E,E,E,E,K,K,K,Q,R,K,S,T,H,H,Q,Q,Q,Q,Q,Q,Q,Q,N,S,S,S,S,S,S,S,S,S,S,E,N,E,E,A,G,D,G,E,E,E,E,E,S,R,G,,,,,0.50325470896594782,0.1485
355,307,W,W,W,W,W,W,W,W,W,W,W,W,W,W,W,W,W,W,W,W,W,W,W,W,W,W,W,W,W,W,W,W,W,W,W,W,W,W,W,W,W,W,W,W,W,W,W,W,W,W,W,W,W,W,W,W,W,W,1.0000000000000002,,,1.0000000000000004,0.0
356,308,L,A,A,A,A,A,A,A,A,A,A,A,L,L,F,F,F,F,F,F,K,K,K,K,K,K,K,K,R,R,T,T,M,M,V,M,M,M,M,M,M,L,L,L,L,L,L,I,I,L,L,L,L,L,L,L,L,L,0.92842684879064519,,,0.8675676609291052,0.0
357,309,D,N,N,N,N,N,N,N,N,N,N,N,S,S,S,S,S,S,T,A,G,G,G,G,G,S,G,A,Q,Q,K,K,S,S,S,S,N,N,T,T,T,D,Q,D,D,D,H,D,D,D,D,D,D,D,G,S,H,D,0.76607011192189822,,,0.61443774835808862,0.0001
358,310,E,S,S,S,S,S,S,S,S,S,N,N,E,E,E,E,E,E,K,D,N,N,N,N,N,N,N,Q,E,E,L,L,I,I,T,A,T,T,N,T,-,E,K,E,E,Q,A,S,S,E,E,E,E,E,S,S,N,,,,,0.48360293266819654,0.1069
359,311,L,V,V,V,V,V,V,V,V,V,V,V,M,M,M,M,L,L,M,M,M,M,M,M,M,M,M,M,M,L,M,M,M,M,M,M,M,M,M,M,M,M,S,L,L,M,M,M,L,L,L,L,L,L,M,M,M,M,0.74523537849678001,L,0.71127866794626615,0.67717355042051119,0.613
360,312,E,K,K,K,K,K,K,K,K,K,K,K,Q,Q,Q,Q,H,H,Q,K,T,T,T,T,T,T,T,K,R,R,H,N,V,V,V,V,V,V,V,V,T,T,R,S,S,K,K,M,T,E,E,T,T,V,K,Q,R,,,,,0.38210979012804369,0.8238
361,313,E,K,K,K,K,K,K,K,K,K,L,R,E,E,E,E,E,E,E,E,R,R,R,R,R,R,K,K,K,R,M,P,P,P,P,P,P,P,P,A,P,E,E,E,E,E,E,E,E,E,E,E,E,E,E,E,E,E,1.0000000000000002,,,1.0000000000000004,0.0
362,314,M,Q,Q,Q,Q,Q,Q,Q,Q,Q,Q,Q,E,E,E,Q,E,E,E,E,L,L,Q,L,L,L,A,V,I,V,M,R,K,K,K,K,K,K,K,K,K,T,L,T,V,T,T,V,V,M,M,T,T,T,I,V,T,,,,,0.56090979235862548,0.0
363,315,M,K,K,K,K,K,K,K,K,K,K,K,E,E,E,E,E,E,H,V,P,P,L,T,P,P,P,T,S,K,K,R,R,R,R,R,R,R,R,R,R,L,Q,M,M,T,T,S,S,M,M,L,L,L,S,M,S,,,,,0.435340980581157,0.0469
364,316,L,V,V,V,V,V,V,V,V,V,V,V,V,V,V,V,V,V,V,V,R,R,R,R,R,R,R,R,K,R,I,M,V,V,V,V,M,M,V,V,V,L,L,L,L,V,V,L,L,L,L,L,L,L,L,L,V,L,0.87409883739341054,,,0.79447216248648811,0.0016
365,317,V,E,E,E,E,E,E,E,E,E,E,E,E,E,E,E,E,E,E,E,L,L,L,L,L,L,L,L,Q,Q,R,R,Q,Q,Q,Q,Q,Q,Q,Q,Q,V,S,V,V,S,A,T,V,V,V,V,V,V,S,S,S,,,,,0.54776827449466992,0.002
366,318,V,V,V,V,V,V,V,V,V,V,V,V,I,I,V,I,V,V,I,I,L,L,L,L,L,L,L,L,L,L,L,L,V,V,V,V,L,L,L,V,L,V,V,V,V,V,V,V,V,V,V,V,V,V,I,V,V,V,0.97460835153734193,,,0.94917508979805565,0.0002
367,319,H,Y,Y,Y,Y,Y,Y,Y,Y,Y,Y,Y,S,S,S,S,S,S,S,S,V,V,V,V,I,I,I,V,S,S,L,L,I,I,I,I,V,V,I,I,I,H,Y,H,H,H,Q,S,Y,H,H,H,H,H,Y,Y,H,H,0.80413944963625683,,,0.68316228323776429,0.0
368,320,M,L,L,L,L,L,L,L,L,L,L,L,L,L,L,L,L,L,L,L,L,L,L,L,L,L,L,L,I,M,I,M,L,L,L,L,L,L,L,L,L,M,L,M,V,V,I,F,L,M,M,M,M,I,L,L,L,,,,,0.59076198211436559,1.0
369,321,P,P,P,P,P,P,P,P,P,P,P,P,P,P,P,P,P,P,P,P,P,P,P,P,P,P,P,P,P,P,P,P,P,P,P,P,P,P,P,P,P,P,P,P,P,P,P,P,P,P,P,P,P,P,P,P,P,P,1.0000000000000002,,,1.0000000000000004,0.0
370,322,R,R,R,R,R,R,R,R,R,R,R,R,R,R,R,R,R,R,R,R,K,K,K,K,K,K,K,K,R,R,K,K,K,K,K,K,K,K,K,K,K,C,R,R,R,R,R,R,R,R,R,H,R,R,R,R,R,R,0.93162177215796904,,,0.86543434932398999,0.0251
371,323,F,F,F,F,F,F,F,F,F,F,F,F,F,F,F,F,F,F,F,F,F,F,F,F,F,F,F,F,F,F,F,F,F,F,F,F,F,F,F,F,F,F,F,F,F,F,F,F,F,F,F,F,F,F,F,F,F,F,1.0000000000000002,,,1.0000000000000004,0.0
372,324,R,T,T,T,T,T,T,T,T,K,K,K,K,K,K,K,K,K,Q,K,S,S,S,S,S,S,S,S,S,T,T,T,T,T,T,T,T,T,T,T,S,R,R,R,R,R,R,R,R,R,R,R,R,R,R,C,R,R,0.95163034475713137,,,0.90344085293239973,0.0
373,325,I,V,V,V,V,V,V,I,V,V,M,V,V,V,V,V,I,I,I,V,L,L,L,L,L,L,L,L,M,L,A,V,A,A,A,A,A,A,A,A,V,M,V,T,I,V,V,V,I,I,I,I,I,I,I,I,I,I,0.82051029515872198,V,0.70073049903086493,0.72863959449203386,0.0011
374,326,E,E,E,E,E,E,E,E,E,E,E,E,E,E,E,E,E,E,E,E,E,E,E,E,E,E,E,L,D,N,D,E,V,V,V,V,V,L,V,V,E,E,E,E,E,E,E,E,E,E,E,E,E,E,E,E,E,E,1.0000000000000002,,,1.0000000000000004,0.0
375,327,D,Q,Q,Q,Q,Q,Q,Q,Q,E,Q,Q,Q,Q,Q,Q,Q,Q,Q,H,T,T,T,T,T,T,S,S,T,S,A,Q,A,A,A,A,A,A,A,A,A,D,D,D,D,D,D,D,D,D,D,D,D,D,D,D,D,D,1.0000000000000002,,,1.0000000000000004,0.0
376,328,G,E,E,E,E,E,E,E,E,V,K,K,K,K,K,K,K,K,K,K,E,E,E,E,E,E,E,E,E,E,E,E,Q,Q,Q,Q,Q,Q,N,E,E,S,S,G,S,S,S,S,S,G,G,S,S,S,N,S,S,S,0.87017055243038877,,,0.76871989743429114,0.0
377,329,F,I,I,I,I,I,I,I,I,V,I,I,V,V,L,L,L,L,L,I,V,V,V,I,V,V,A,V,I,V,V,L,T,T,T,T,T,T,L,T,A,F,F,F,F,F,F,F,F,F,F,F,F,F,F,F,F,F,1.0000000000000002,,,1.0000000000000004,0.0
378,330,S,D,D,D,D,D,D,D,D,N,D,D,D,D,D,D,D,D,D,D,D,D,N,D,D,D,D,D,D,N,D,D,D,D,D,D,D,D,D,D,D,S,S,S,S,S,S,S,S,S,S,S,S,S,S,S,S,S,1.0000000000000002,,,1.0000000000000004,0.0
379,331,L,L,L,L,L,L,L,L,L,L,L,L,F,F,F,F,L,F,F,L,L,L,L,L,L,L,L,L,L,F,L,L,L,L,L,L,L,L,L,L,L,V,V,L,L,L,L,V,V,L,L,V,V,L,T,L,L,L,0.75697235761126613,,,0.67167754907312549,0.9059
380,332,K,K,K,K,K,K,K,K,K,K,R,R,K,K,K,K,K,K,K,K,R,R,R,R,R,R,K,K,K,K,K,E,K,K,K,K,K,K,K,K,K,K,K,K,K,K,K,K,K,K,K,K,K,K,K,K,K,K,1.0000000000000002,,,1.0000000000000004,0.0
381,333,E,E,D,D,D,D,D,D,D,D,K,E,D,D,E,E,E,E,E,K,K,K,R,R,G,G,R,K,S,S,G,T,E,E,E,E,E,E,A,D,E,E,E,E,E,E,E,E,E,E,E,E,E,E,K,E,E,E,0.96191252730601284,,,0.92376263469708331,0.0001
382,334,Q,V,V,V,V,I,I,V,V,V,T,S,V,V,A,A,A,A,A,S,P,P,P,P,P,P,P,P,T,A,S,P,P,P,P,P,P,P,S,P,P,R,K,Q,Q,K,Q,K,K,Q,Q,Q,Q,H,K,N,K,,,,,0.62092240650446273,0.0001
383,335,L,L,L,L,L,L,L,L,L,L,L,L,L,L,L,L,L,L,F,F,L,L,L,L,L,L,L,L,L,L,L,L,L,L,L,L,L,L,L,L,L,L,L,L,L,L,L,L,L,L,L,L,L,L,L,L,L,L,1.0000000000000002,,,1.0000000000000004,0.0
384,336,Q,K,K,K,K,K,K,K,K,M,Q,Q,Y,Y,Y,Y,Y,F,K,L,E,E,E,E,E,E,E,E,S,L,S,K,K,K,K,K,K,K,K,K,R,Q,Q,Q,Q,Q,T,R,R,Q,Q,Q,Q,Q,R,Q,Q,Q,0.83617963930693651,,,0.7223205870357432,0.0
385,337,D,A,A,A,A,A,A,G,G,Q,E,Q,S,S,S,S,S,S,A,N,N,N,N,N,K,K,N,R,R,N,A,A,V,V,V,A,A,A,A,A,N,D,Q,D,D,L,K,K,K,D,D,D,D,K,D,R,A,,,,,0.45941788054203625,0.0531
386,338,M,L,L,L,L,L,L,L,L,L,L,L,L,L,L,L,L,L,M,L,L,L,L,L,L,L,L,L,M,M,L,L,L,L,L,L,L,L,L,L,L,M,M,M,M,L,M,M,M,M,M,M,M,M,M,M,M,M,0.96248377028678667,,,0.92625759082270198,0.002
387,339,G,G,G,G,G,G,G,G,G,G,G,G,N,N,N,N,N,N,N,N,G,G,G,G,G,G,G,G,G,G,G,G,G,G,G,G,G,G,G,G,G,G,G,G,G,G,G,G,G,G,G,G,G,G,G,G,G,G,1.0000000000000002,,,1.0000000000000004,0.0
388,340,L,I,V,I,I,V,V,I,I,I,I,I,I,I,M,I,V,V,I,I,M,M,M,M,M,M,M,I,L,L,L,I,I,I,I,I,I,I,I,I,I,L,L,L,L,L,L,L,L,L,L,L,L,L,L,L,L,L,1.0000000000000002,,,1.0000000000000004,0.0
389,341,V,T,T,T,T,T,T,S,T,T,K,R,T,T,T,T,T,T,T,T,T,T,T,T,P,T,K,T,G,G,T,K,T,T,T,T,T,T,T,T,T,V,V,I,V,T,E,E,E,V,V,E,E,V,V,V,E,,,,,0.51222506280673985,0.6794
390,342,D,E,E,E,E,E,E,E,E,K,S,S,E,E,E,E,E,E,E,D,D,D,D,D,D,D,D,D,D,D,D,D,D,D,D,E,E,E,D,D,E,D,D,D,D,D,D,D,D,D,D,D,D,S,D,D,D,D,0.95995551641648402,,,0.91955077761992887,0.0005
391,343,L,V,V,I,I,I,I,I,V,I,V,I,I,I,I,I,I,I,I,I,M,M,M,M,M,I,M,M,I,V,M,I,M,M,M,M,M,M,M,M,M,L,L,L,L,L,L,L,L,L,L,L,L,L,L,I,L,L,0.96482806787933295,,,0.92978714135466434,0.0
392,344,F,F,F,F,F,F,F,F,F,F,F,F,F,F,F,F,F,F,F,F,F,F,F,F,F,F,F,F,F,F,F,F,F,F,F,F,F,F,F,F,F,F,F,F,F,F,F,F,F,F,F,F,F,F,F,F,F,F,1.0000000000000002,,,1.0000000000000004,0.0
393,345,S,I,I,I,I,I,I,N,S,S,S,S,S,S,S,S,S,S,I,N,R,R,R,R,S,S,R,T,S,N,S,D,D,D,D,D,E,E,E,D,D,N,D,S,S,D,S,S,S,S,S,S,S,T,S,S,S,S,0.82878920102658671,,,0.70389321845988029,0.0031
394,346,P,K,K,K,K,K,K,R,R,G,T,K,G,G,G,G,G,G,G,E,Q,Q,P,P,A,S,P,Q,Q,L,S,Q,S,S,P,P,P,P,P,E,V,P,P,P,P,P,P,P,P,P,P,P,P,P,P,P,P,P,1.0000000000000002,,,1.0000000000000004,0.0
395,347,E,N,N,D,D,D,D,N,S,E,E,D,G,G,G,G,G,G,G,G,F,F,N,S,T,T,G,E,S,A,E,N,S,S,S,S,S,S,S,S,S,E,N,E,E,N,A,E,E,E,E,E,E,E,E,E,K,E,0.80462357484352776,,,0.6693701418279332,0.0
396,348,K,-,-,-,-,-,-,-,-,-,-,-,-,-,-,-,-,-,-,-,Q,R,L,Q,L,Q,Q,T,R,T,R,K,K,K,K,K,K,K,K,K,K,K,S,K,K,K,N,N,N,K,K,K,K,K,S,N,D,,,,,0.56686116413618282,0.0002
397,349,S,A,A,A,A,A,A,A,A,A,A,A,C,C,C,C,C,C,C,C,A,A,A,A,A,A,A,A,A,A,A,A,A,A,A,A,A,A,A,S,A,S,A,S,S,A,A,A,A,S,S,S,S,S,A,A,A,A,0.743028436350748,,,0.68599815520045049,0.4446
398,350,K,N,N,N,N,N,N,D,D,D,D,D,D,D,D,D,D,D,D,D,D,D,D,D,D,D,D,D,D,D,D,D,N,N,N,N,N,N,N,N,N,R,K,Q,Q,S,S,K,R,K,K,R,R,K,K,R,S,,,,,0.54729259645459705,0.476
399,351,L,L,L,L,L,L,L,F,L,L,L,L,L,L,L,L,L,L,L,L,F,F,F,F,F,F,F,F,F,F,F,F,F,F,F,F,F,F,F,F,F,L,L,L,L,L,L,L,L,L,L,L,L,L,L,L,L,L,1.0000000000000002,,,1.0000000000000004,0.0
400,352,P,T,T,T,T,T,T,S,T,S,S,S,S,S,S,S,S,S,S,S,T,T,S,S,T,T,S,S,S,T,R,R,A,A,A,A,T,A,A,A,A,P,P,P,P,P,P,P,P,P,P,P,P,P,P,P,P,P,1.0000000000000002,,,1.0000000000000004,0.0
401,353,G,A,A,G,G,A,A,A,A,A,S,A,G,G,G,G,G,G,G,G,S,S,S,S,S,S,R,R,R,R,H,H,K,K,K,K,K,K,K,K,K,G,G,G,G,G,G,G,G,G,G,G,G,G,G,G,-,G,0.92381231906059813,,,0.84956920079210296,0.0
402,353a,-,L,L,L,L,M,M,L,M,V,M,M,I,I,I,I,I,I,I,I,L,L,L,F,L,L,L,L,I,I,L,L,I,I,I,I,I,I,I,I,I,E,-,-,-,-,-,-,-,-,-,-,-,-,-,-,-,,,,,0.0,1.0
403,353b,-,S,S,S,S,S,S,S,S,S,I,T,T,T,T,T,T,T,T,T,S,S,S,S,S,S,S,S,T,T,S,S,T,T,T,T,T,T,T,T,T,P,-,-,-,-,-,-,-,-,-,-,-,-,-,-,-,,,,,0.0,1.0
404,353c,-,D,D,D,D,D,D,D,D,D,A,A,D,D,D,D,D,D,E,E,D,D,N,D,D,D,D,S,T,T,A,S,T,R,R,R,R,R,R,R,R,R,-,-,-,-,-,-,-,-,-,-,-,-,-,-,-,,,,,0.0,1.0
405,353d,-,-,-,-,-,-,-,-,-,-,-,Q,-,-,-,-,-,-,-,-,-,-,-,-,-,-,-,-,-,-,-,-,G,-,-,-,-,-,-,-,-,K,-,-,-,-,-,-,-,-,-,-,-,-,-,-,-,,,,,0.0,1.0
406,353e,-,-,-,-,-,-,-,-,-,-,-,-,-,-,-,-,-,-,-,-,-,-,-,-,-,-,-,-,-,-,-,-,-,-,-,-,-,-,-,-,-,D,-,-,-,-,-,-,-,-,-,-,-,-,-,-,-,,,,,0.0,1.0
407,353f,-,-,-,-,-,-,-,-,-,-,-,-,-,-,-,-,-,-,-,-,-,-,-,-,-,-,-,-,-,-,-,-,-,-,-,-,-,-,-,-,-,V,-,-,-,M,M,-,-,-,-,-,-,-,-,-,G,,,,,0.027964321890691427,0.0
408,354,I,-,-,-,-,-,-,-,-,-,-,-,-,-,-,-,-,-,-,-,-,-,-,-,-,-,-,-,-,-,-,-,-,-,-,-,-,-,-,-,-,L,I,I,I,L,V,I,I,I,I,I,I,I,I,I,I,I,0.89532608841988948,,,0.81226435325920332,0.0
409,355,V,-,-,-,-,-,-,-,-,-,-,-,-,-,-,-,-,-,-,-,-,-,-,-,-,-,-,-,-,-,-,-,-,-,-,-,-,-,-,-,-,L,V,V,I,E,A,V,I,V,V,V,V,T,A,I,L,,,,,0.50941579787026514,0.0
410,356,A,-,-,-,-,-,-,-,-,-,-,M,-,-,-,-,-,-,-,-,-,-,-,-,-,-,-,-,-,-,-,-,-,-,-,-,-,-,-,-,-,Q,A,A,A,D,D,A,A,A,A,A,A,A,A,T,E,A,0.75045550970219388,,,0.59945375236952669,0.0
411,357,E,-,-,-,-,-,-,-,-,-,-,T,-,-,-,-,-,-,-,-,-,-,-,-,-,-,-,-,-,-,-,-,-,-,-,-,-,-,-,-,-,K,G,G,E,G,A,G,E,E,E,E,E,D,E,E,D,,,,,0.56237141303545923,0.0
412,358,G,-,-,-,-,-,-,-,-,-,-,D,-,-,-,-,-,-,-,-,-,-,-,-,-,-,-,-,-,-,-,-,-,-,-,-,-,-,-,-,-,A,G,G,G,-,E,D,G,G,G,G,G,G,G,D,E,G,0.70875323952642055,,,0.54138605852703081,0.0
413,359,R,N,N,N,N,K,K,K,N,S,G,G,S,S,S,S,S,S,S,S,Q,Q,Q,Q,Q,Q,K,E,E,E,-,-,S,S,S,S,S,S,S,T,S,G,R,R,R,V,G,R,R,R,R,R,R,R,R,R,A,R,0.78383445109126193,,,0.63330401782388923,0.0
414,360,D,K,K,K,K,K,K,K,K,K,K,Q,S,S,A,S,S,S,S,P,E,E,E,E,E,E,E,K,E,E,E,E,E,E,E,E,E,E,E,E,E,N,T,D,D,E,P,T,T,D,D,N,S,E,T,K,N,,,,,0.43667800146600871,0.8801
415,361,D,E,E,E,E,E,E,E,E,D,D,D,E,E,E,E,E,E,D,N,P,P,V,F,Q,Q,M,P,P,R,P,S,N,N,N,N,S,S,S,G,S,D,D,D,D,G,N,D,D,D,D,D,D,D,D,D,Y,D,0.84837431246955952,,,0.72163489039243267,0.0001
416,362,L,I,I,I,I,L,L,I,L,L,L,L,V,V,V,V,V,L,L,L,L,L,L,L,L,L,L,L,L,L,L,I,L,L,L,L,L,L,L,L,L,L,L,L,L,L,L,L,L,L,L,L,L,L,L,L,L,L,1.0000000000000002,,,1.0000000000000004,0.0
417,363,Y,F,F,F,F,F,F,F,Y,F,Y,F,Y,Y,F,Y,Y,Y,Y,Y,H,H,Y,Y,S,S,Y,Y,C,C,Y,Y,H,H,H,H,H,H,H,H,H,F,Y,Y,F,H,F,Y,Y,Y,Y,Y,Y,F,Y,Y,Y,Y,0.88505225984417135,F,0.72298218852949347,0.80667426329470371,0.0099
418,364,V,L,L,L,L,L,L,L,L,V,I,I,V,V,V,V,V,V,V,I,V,V,V,V,V,V,V,V,V,V,V,V,V,V,V,V,V,V,V,V,V,V,V,V,V,I,I,V,V,V,V,V,V,V,V,V,I,V,0.90551507496691219,,,0.84575772044014119,0.1724
419,365,S,S,S,S,S,S,S,A,A,A,G,G,S,S,S,S,S,S,S,S,A,A,S,S,A,A,S,S,S,S,S,S,S,S,S,S,S,S,S,S,S,S,S,S,S,S,S,S,S,S,S,S,S,S,S,S,S,S,1.0000000000000002,,,1.0000000000000004,0.0
420,366,D,K,K,K,K,K,K,R,K,K,K,K,Q,Q,Q,R,R,R,K,K,Q,Q,R,Q,Q,Q,Q,E,K,K,T,K,H,H,H,H,H,H,H,H,H,D,D,D,D,D,D,E,D,D,D,D,D,D,D,D,D,D,0.9706371436651251,,,0.94184922483409561,0.0
421,367,A,A,A,A,A,A,A,A,A,A,A,A,V,V,V,V,V,A,I,V,A,A,A,A,A,A,A,A,V,I,A,A,I,I,I,I,I,I,I,V,L,A,A,A,A,A,A,A,A,A,A,A,A,A,A,A,A,A,1.0000000000000002,,,1.0000000000000004,0.0
422,368,F,I,I,I,I,V,V,V,F,V,V,V,T,T,M,M,M,M,T,F,L,L,L,L,L,L,L,F,L,M,L,L,L,L,L,L,L,L,L,L,L,F,F,F,F,Y,Y,F,F,F,F,F,F,F,F,F,F,F,0.94671179766277536,Y,0.72028820233722501,0.90433217955465739,0.0
423,369,H,H,H,H,H,H,H,H,H,H,Q,Q,Q,Q,Q,Q,Q,Q,Q,Q,Q,Q,Q,Q,Q,Q,Q,Q,Q,Q,Q,Q,Q,Q,Q,Q,Q,Q,Q,Q,Q,H,H,H,H,H,H,H,H,H,H,H,H,H,H,H,H,H,1.0000000000000002,,,1.0000000000000004,0.0
424,370,K,K,K,K,K,K,K,K,K,K,K,K,K,K,H,Q,K,K,K,K,K,K,K,K,K,K,K,K,R,K,K,K,K,K,K,K,K,K,K,K,K,K,K,K,K,K,K,K,K,K,K,K,K,K,K,K,K,K,1.0000000000000002,,,1.0000000000000004,0.0
425,371,A,S,C,S,S,S,S,S,A,S,A,A,V,V,I,V,V,V,I,V,V,V,V,V,V,V,V,I,V,I,A,A,A,A,A,A,A,A,A,T,A,A,A,A,A,A,A,A,A,A,A,A,A,A,A,A,A,A,1.0000000000000002,,,1.0000000000000004,0.0
426,372,F,F,F,F,F,C,F,F,F,F,Y,Y,F,F,F,F,F,F,F,F,K,K,K,K,R,K,K,K,K,K,K,K,K,K,K,K,K,K,K,K,K,F,F,F,F,F,F,F,F,F,F,F,F,F,F,F,F,F,1.0000000000000002,,,1.0000000000000004,0.0
427,373,L,I,I,L,L,I,I,I,L,L,L,L,F,F,F,F,F,F,L,L,I,I,I,I,I,I,I,V,L,I,I,I,I,I,I,I,I,I,I,I,I,L,L,L,L,L,L,L,L,L,L,L,L,L,L,L,L,L,1.0000000000000002,,,1.0000000000000004,0.0
428,374,E,E,E,E,E,E,E,E,E,E,E,E,E,E,E,E,E,E,V,E,E,E,E,E,E,E,E,E,E,E,E,E,E,E,E,E,E,E,E,E,E,E,E,E,E,E,E,E,E,E,E,E,E,E,E,E,E,E,1.0000000000000002,,,1.0000000000000004,0.0
429,375,V,V,V,V,V,V,V,V,V,V,V,V,I,I,I,I,I,I,V,I,V,V,V,V,V,V,V,V,V,V,V,V,V,V,V,V,V,V,V,V,V,V,V,V,V,V,V,V,V,V,V,V,V,V,V,V,V,V,1.0000000000000002,,,1.0000000000000004,0.0
430,376,N,N,N,N,N,N,N,N,N,N,T,T,N,N,N,N,N,N,N,N,N,N,N,N,N,N,N,T,N,N,N,N,S,S,S,S,S,S,S,S,N,N,N,N,N,N,N,N,N,N,N,N,N,N,N,N,N,N,1.0000000000000002,,,1.0000000000000004,0.0
431,377,E,E,E,E,E,E,E,E,E,E,E,E,E,E,E,E,E,E,E,E,E,E,E,E,E,E,E,E,E,E,E,E,E,E,E,E,E,E,E,E,E,E,E,E,E,E,E,E,E,E,E,E,E,E,E,E,E,E,1.0000000000000002,,,1.0000000000000004,0.0
432,378,E,E,E,E,E,E,E,E,E,E,E,E,D,D,D,E,D,D,D,E,S,S,S,S,S,S,S,K,E,H,D,D,D,D,D,D,D,D,D,D,D,E,E,E,E,E,E,E,E,E,E,E,E,E,E,E,E,E,1.0000000000000002,,,1.0000000000000004,0.0
433,379,G,G,G,G,G,G,G,G,G,G,G,G,G,G,G,G,G,G,G,G,G,G,G,G,G,G,G,G,G,G,G,G,G,G,G,G,G,G,G,G,G,G,G,G,G,G,G,G,G,G,G,G,G,G,G,G,G,G,1.0000000000000002,,,1.0000000000000004,0.0
434,380,S,S,S,S,S,S,S,S,S,S,L,A,S,S,S,S,S,S,S,S,T,T,T,T,T,T,T,T,T,T,T,T,T,T,T,T,T,T,T,T,T,S,S,S,S,S,S,S,S,S,S,S,S,S,S,S,S,S,1.0000000000000002,,,1.0000000000000004,0.0
435,381,E,E,E,E,E,E,E,E,E,E,E,E,E,E,E,E,E,E,E,E,V,V,V,L,V,V,V,R,K,K,K,K,K,K,K,K,K,K,K,K,K,E,E,E,E,E,E,E,E,E,E,E,E,E,E,E,E,E,1.0000000000000002,,,1.0000000000000004,0.0
436,382,A,A,A,A,A,A,A,A,A,A,G,G,A,A,A,V,A,A,A,A,A,A,A,A,A,A,A,A,G,A,A,A,A,A,A,A,A,A,A,A,A,A,A,A,A,A,A,A,A,A,A,A,A,A,A,A,A,A,1.0000000000000002,,,1.0000000000000004,0.0
437,383,A,A,A,A,A,A,A,A,A,A,A,A,A,A,A,A,A,A,A,A,S,S,S,S,S,S,S,S,S,A,S,S,S,S,S,S,S,A,S,S,S,A,A,A,A,A,S,S,S,A,A,A,A,A,A,A,A,A,0.87161579295910019,,,0.78431648546643074,0.0388
438,384,A,A,A,A,A,A,V,A,A,A,V,A,T,T,T,T,A,A,A,A,S,S,S,S,S,S,S,A,S,A,A,A,A,A,A,A,A,V,A,A,G,A,A,A,A,A,A,A,A,A,A,A,A,A,A,A,A,A,1.0000000000000002,,,1.0000000000000004,0.0
439,385,S,T,A,V,V,A,A,A,A,S,G,G,S,S,A,S,S,S,S,S,S,S,S,S,S,S,T,A,A,A,A,T,A,A,A,A,A,V,A,A,A,S,S,S,S,A,A,A,A,S,S,S,S,S,S,S,A,S,0.77770246099518459,,,0.70091028553732093,0.018
440,386,T,S,S,S,S,S,S,S,S,S,S,S,T,T,T,T,T,T,T,T,T,T,T,T,T,T,T,T,T,T,T,T,T,T,T,T,T,T,T,T,T,T,T,T,T,T,T,T,T,T,T,T,T,T,T,T,T,T,1.0000000000000002,,,1.0000000000000004,0.0
441,387,A,G,G,G,G,G,G,G,G,G,G,G,G,G,G,G,G,G,G,G,A,A,A,A,A,A,A,A,A,A,T,S,T,T,T,T,T,T,T,T,T,V,A,S,S,A,A,A,A,A,A,V,V,G,V,A,A,A,0.76553338672922511,,,0.6263702954959266,0.0231
442,388,V,M,M,M,M,M,M,M,M,M,L,M,I,I,M,I,I,I,G,M,V,V,I,L,F,I,I,A,A,A,A,V,A,A,A,A,A,A,A,A,A,I,V,V,V,A,V,V,V,V,V,I,I,V,V,V,V,V,0.88674763037602544,,,0.79813000286074975,0.0
443,389,V,I,I,I,I,I,I,I,I,I,V,I,H,H,H,N,N,N,Q,Q,I,I,I,V,V,L,V,I,V,V,I,I,I,I,I,I,I,I,I,I,V,G,I,V,V,V,V,V,V,V,V,S,S,L,M,M,M,V,0.70671024740525723,,,0.55418479312429092,0.4082
444,390,I,A,A,A,A,A,A,A,A,A,A,A,I,I,I,T,I,I,V,V,V,V,V,V,I,V,V,L,I,M,L,L,L,L,L,L,L,L,L,L,L,I,L,I,I,A,A,I,I,I,I,I,I,L,I,I,A,I,0.77220384588624913,,,0.64352729311426915,0.0091
445,391,A,I,I,I,I,I,I,I,I,N,L,L,P,P,P,P,P,P,P,S,S,S,S,S,S,S,S,L,Y,F,I,H,I,I,I,I,I,I,I,I,I,A,T,T,T,T,T,S,S,A,A,A,A,A,S,T,V,,,,,0.56857161807745782,0.0012
446,392,G,S,S,S,S,S,S,S,S,S,T,T,V,V,A,V,A,A,V,-,A,A,A,A,A,A,A,A,S,S,A,A,A,A,A,A,A,A,A,A,A,G,G,G,G,G,G,G,G,G,G,G,G,G,G,G,G,G,1.0000000000000002,,,1.0000000000000004,0.0
447,393,R,R,R,R,R,R,R,R,R,R,R,R,I,I,I,I,I,I,I,A,R,R,R,R,R,R,R,R,R,R,R,R,R,R,R,R,R,R,R,R,R,R,R,R,R,R,R,R,R,R,R,R,R,R,R,R,R,R,1.0000000000000002,,,1.0000000000000004,0.0
448,394,S,M,M,M,M,M,M,M,M,M,T,T,M,M,M,M,M,M,M,M,M,M,M,M,M,M,M,M,M,M,S,S,S,S,S,S,S,S,S,S,S,S,S,S,S,S,S,S,S,S,S,S,S,S,S,S,S,S,1.0000000000000002,,,1.0000000000000004,0.0
449,395,L,A,A,A,A,A,A,A,A,A,L,L,S,S,S,S,S,S,S,S,A,A,A,A,A,A,A,A,A,A,S,S,S,S,S,S,S,S,S,S,S,L,L,L,L,I,L,F,F,L,L,L,L,L,F,L,I,L,0.81116613398620818,,,0.69526318006219079,0.0
450,396,N,V,V,V,V,V,V,V,V,V,V,V,L,L,L,L,L,L,L,M,P,P,P,P,P,P,P,P,V,V,P,P,P,P,P,P,P,P,P,P,P,N,N,N,N,N,N,P,P,N,N,N,N,N,P,S,N,N,0.81544676646449132,,,0.69285279716530845,0.0001
451,397,P,L,L,L,L,L,L,L,L,L,L,L,A,A,A,S,T,T,A,S,-,-,-,-,-,-,-,-,-,-,-,-,-,-,-,-,-,-,-,-,-,P,L,P,P,L,I,M,M,P,P,L,S,P,M,M,S,,,,,0.45408444758492622,0.0002
452,398,N,Y,Y,Y,Y,Y,F,Y,Y,Y,Y,Y,Q,Q,H,R,Q,Q,A,S,-,-,-,-,-,-,-,-,-,-,-,-,-,-,-,-,-,-,-,-,-,N,N,N,S,N,F,N,N,N,N,N,D,N,N,N,N,N,0.86972613588428849,,,0.75307519451622051,0.0
453,399,R,-,-,-,-,-,-,-,-,-,-,-,-,-,-,-,-,-,-,-,-,-,-,-,-,-,-,-,-,-,-,-,-,-,-,-,-,-,-,-,-,R,R,R,R,R,R,R,R,R,R,R,R,R,K,K,R,R,0.94821290529293867,,,0.90364490631505401,0.0
454,400,V,P,P,P,P,P,P,P,P,P,P,P,S,S,N,N,T,T,N,H,E,E,E,E,T,T,Q,L,E,E,P,P,P,P,P,P,P,P,P,P,R,V,I,V,V,E,E,I,M,V,V,V,V,V,M,V,E,,,,,0.5330216500858963,0.0069
455,401,T,Q,Q,Q,Q,Q,Q,Q,Q,Q,Q,Q,Q,Q,Q,Q,Q,Q,Q,R,E,E,E,E,E,E,E,E,E,E,W,W,W,W,W,W,W,W,W,W,W,T,T,T,T,I,Q,I,S,T,T,T,T,I,I,V,M,,,,,0.51397041325124437,0.0065
456,402,F,V,V,V,V,V,V,V,V,V,V,V,F,F,F,F,F,F,F,F,I,I,I,I,M,M,I,V,I,I,V,V,F,F,F,F,F,F,F,F,F,F,F,F,F,F,F,F,F,F,F,F,F,F,F,F,F,F,1.0000000000000002,,,1.0000000000000004,0.0
457,403,K,I,I,I,I,I,I,I,I,I,M,M,I,I,I,I,L,L,V,A,I,I,I,I,V,V,I,I,T,A,A,T,I,I,I,I,I,I,I,I,T,K,R,K,K,Q,V,E,N,K,K,Q,K,K,N,N,V,,,,,0.45263024556550496,0.5858
458,404,A,V,V,V,V,V,V,V,V,V,A,A,A,A,A,A,A,A,A,A,M,M,M,M,I,L,V,M,L,L,V,V,V,V,V,V,V,V,V,V,V,A,A,A,A,A,A,A,A,A,A,A,A,A,A,A,A,A,1.0000000000000002,,,1.0000000000000004,0.0
459,405,N,D,D,D,D,D,D,D,D,D,D,D,N,N,N,N,N,N,N,N,D,D,D,D,D,D,D,D,D,D,D,D,D,D,D,D,D,D,D,D,D,N,N,N,N,N,D,N,N,N,N,N,N,N,N,N,N,N,0.9575251806213555,,,0.91645241568957392,0.0001
460,406,R,H,H,H,H,H,H,H,H,H,H,H,H,H,H,H,H,H,R,R,R,R,R,R,R,R,R,H,R,R,R,R,R,R,R,R,R,R,R,R,R,R,R,R,R,R,R,R,R,R,R,R,R,R,R,K,K,R,0.9431294813798361,,,0.89573141246726495,0.0027
461,407,P,P,P,P,P,P,P,P,P,P,P,P,P,P,P,P,P,P,P,P,P,P,P,P,S,S,P,P,P,P,P,P,P,P,P,P,P,P,P,P,P,P,P,P,P,P,P,P,P,P,P,P,P,P,P,P,P,P,1.0000000000000002,,,1.0000000000000004,0.0
462,408,F,F,F,F,F,F,F,F,F,F,F,F,F,F,F,F,F,F,F,F,F,F,F,F,F,F,F,F,F,F,F,F,F,F,F,F,F,F,F,F,F,F,F,F,F,F,F,F,F,F,F,F,F,F,F,F,F,F,1.0000000000000002,,,1.0000000000000004,0.0
463,409,L,F,F,F,F,L,L,F,F,F,F,F,L,L,L,L,L,L,L,L,L,L,L,L,L,L,L,L,F,L,L,L,L,L,L,L,L,L,L,V,L,L,L,L,L,L,L,L,L,L,L,L,L,L,L,L,L,L,1.0000000000000002,,,1.0000000000000004,0.0
464,410,V,F,F,F,F,Y,F,F,F,F,F,F,F,F,F,F,F,F,F,F,F,F,F,F,F,F,F,F,F,F,F,F,F,F,F,F,F,F,F,F,F,V,V,V,V,L,L,L,L,V,V,V,V,V,L,V,L,V,0.76869131460756357,,,0.72016901707324998,0.3096
465,411,F,L,L,L,L,L,L,L,L,V,V,I,I,I,I,I,I,I,I,F,V,V,V,V,V,V,V,M,L,L,L,L,F,F,F,F,S,C,F,F,F,L,F,L,L,L,F,F,F,F,F,L,L,L,L,L,L,L,0.79388278347081753,,,0.72982362739521611,0.0004
466,412,I,I,I,I,I,I,I,I,V,I,I,I,M,M,V,M,L,M,L,I,V,V,V,V,V,V,V,V,I,I,I,I,I,I,I,I,I,I,I,I,I,I,I,I,I,I,I,I,I,I,I,I,I,I,I,I,I,I,1.0000000000000002,,,1.0000000000000004,0.0
467,413,R,R,R,R,R,R,K,R,R,R,R,R,K,K,K,K,K,K,K,R,R,R,R,R,R,R,R,R,Q,Q,R,R,R,R,R,R,R,R,R,R,R,R,R,R,R,R,R,R,R,R,R,R,R,L,R,R,R,R,0.94794817501213136,,,0.89542807225858856,0.2155
468,414,E,N,N,N,N,N,N,N,N,N,D,N,H,H,N,N,H,H,N,H,H,H,H,H,H,H,H,H,H,H,H,H,H,H,H,H,H,H,H,H,H,E,E,E,E,E,E,E,E,E,E,E,E,E,E,E,E,E,1.0000000000000002,,,1.0000000000000004,0.0
469,415,V,R,R,R,R,R,R,R,R,R,R,R,N,N,N,N,I,I,N,I,N,N,N,N,N,N,N,N,K,K,N,N,N,N,N,N,N,N,N,N,N,V,V,V,V,A,S,A,A,V,V,V,V,V,V,V,S,V,0.75697071710874364,,,0.63011554309269646,0.0022
470,416,P,R,R,R,R,K,K,R,R,K,R,K,P,P,P,P,R,Q,P,Q,P,P,P,P,P,P,P,P,P,P,P,S,P,P,P,P,P,P,P,P,P,A,A,A,A,S,S,T,A,P,P,A,A,T,A,A,T,A,0.73165919309202276,,,0.60550740842603301,0.0627
471,417,L,T,T,T,T,S,T,T,T,T,T,T,T,T,T,T,T,T,T,S,T,T,T,T,T,T,T,T,T,T,T,S,T,T,T,T,T,T,T,T,T,L,I,L,L,I,I,L,L,L,L,L,L,L,I,I,I,L,0.76684955691777412,I,0.70015044308222618,0.71966281588028391,0.1175
472,418,N,G,G,G,G,G,G,G,G,G,G,G,E,E,E,D,E,E,E,G,G,G,G,G,E,E,E,G,G,G,G,G,G,G,G,G,G,G,G,G,G,N,N,N,N,N,N,N,N,N,N,N,N,N,N,N,N,N,1.0000000000000002,,,1.0000000000000004,0.0
473,419,T,T,T,T,T,I,T,T,T,S,S,S,S,S,S,S,S,S,S,M,T,T,T,T,T,T,T,T,A,T,T,T,A,A,A,A,A,A,A,T,A,T,S,T,T,T,A,T,T,T,T,T,T,T,A,S,T,T,0.8410473843929186,,,0.73041313202310354,0.0543
474,420,I,V,I,I,I,I,I,I,V,V,I,I,I,I,I,I,I,I,I,I,V,V,V,V,I,I,I,L,L,L,I,I,V,V,V,V,I,I,V,I,V,I,V,I,I,L,L,I,I,I,I,I,I,I,I,I,M,I,0.85042705414518438,,,0.7472901601225338,0.5804
475,421,I,L,L,L,L,L,L,L,L,L,L,L,L,L,L,L,L,L,L,L,L,L,L,L,L,L,L,L,L,L,L,L,L,L,L,L,L,L,L,L,L,I,L,I,I,L,I,I,I,I,I,I,I,I,I,I,V,I,0.88846364155851854,,,0.80282954528722128,0.3284
476,422,F,F,F,F,F,F,F,F,F,F,F,F,F,F,F,L,F,F,F,F,F,F,F,F,F,F,F,F,F,F,F,F,F,F,F,F,F,F,F,F,F,F,F,F,F,F,F,F,F,F,F,F,F,F,F,F,F,F,1.0000000000000002,,,1.0000000000000004,0.0
477,423,M,M,M,M,M,M,M,I,M,M,M,M,M,M,M,M,M,M,M,M,M,M,M,M,M,M,M,V,S,M,M,A,M,M,M,M,L,L,M,M,T,M,M,M,M,I,T,M,M,M,M,M,M,M,M,M,T,M,0.85851329530741749,,,0.75297094610438808,0.7259
478,424,G,G,G,G,G,G,G,G,G,G,G,G,G,G,G,G,G,G,G,G,G,G,G,G,G,G,G,G,G,G,G,G,G,G,G,G,G,G,G,G,G,G,G,G,G,A,G,G,G,G,G,G,G,G,G,G,G,G,0.95179927659972585,,,0.90525600533965966,0.9965
479,425,R,R,R,R,R,R,R,R,R,R,R,R,R,R,R,R,K,K,R,K,Q,Q,Q,Q,Q,Q,Q,Q,Q,Q,Q,Q,Q,Q,Q,Q,Q,Q,Q,Q,Q,R,R,R,R,R,R,R,R,R,R,R,R,R,R,R,R,R,1.0000000000000002,,,1.0000000000000004,0.0
480,426,V,V,V,V,V,V,V,V,V,V,V,V,V,V,V,V,V,V,V,V,V,V,V,V,V,L,V,V,L,F,I,I,I,I,I,I,V,V,I,I,I,V,V,V,V,V,V,I,I,V,V,V,V,V,I,V,V,V,0.92089491723388606,,,0.86436383707395448,0.1859
481,427,A,M,M,M,M,M,M,M,M,M,M,M,T,T,T,T,T,T,T,M,M,M,M,M,M,M,M,M,T,N,N,N,N,N,N,Y,N,N,N,N,N,A,A,A,S,A,A,S,A,A,A,A,A,A,S,S,A,A,0.84664497821207585,,,0.75600694418243086,0.0
482,428,N,H,H,H,H,N,H,H,H,H,T,N,N,N,N,N,D,D,N,N,E,E,E,E,E,E,E,E,Q,H,Q,K,K,K,K,K,K,K,K,K,K,N,N,N,N,E,N,D,D,N,N,N,N,N,N,D,D,N,0.80444615932900232,,,0.71217858879235285,0.0
483,429,P,P,P,P,P,P,P,P,P,P,P,P,P,P,P,P,P,P,P,P,P,P,P,P,P,P,P,P,P,P,P,P,P,P,P,P,P,P,P,P,P,P,P,P,P,P,P,P,P,P,P,P,P,P,P,P,P,P,1.0000000000000002,,,1.0000000000000004,0.0
484,430,C,E,E,E,E,E,E,E,E,E,D,E,D,D,D,D,D,D,E,D,-,-,-,-,-,-,-,-,Q,Q,-,-,-,-,-,-,-,-,-,-,-,C,C,C,C,C,C,C,C,C,C,C,C,C,C,C,C,C,1.0000000000000002,,,1.0000000000000004,0.0
485,431,V,T,T,T,T,T,T,A,A,T,V,L,T,T,T,T,I,I,A,F,-,-,-,-,-,-,-,-,E,Q,-,-,-,-,-,-,-,-,-,-,-,D,T,V,V,D,R,S,S,V,V,V,V,V,P,L,D,,,,,0.37372322153338461,0.0021
486,432,K,M,M,M,M,M,M,M,M,L,I,I,Q,Q,Q,Q,Q,H,P,Y,-,-,-,-,-,-,-,-,Y,Q,-,-,-,-,-,-,-,-,-,-,-,N,E,N,N,R,S,-,-,K,K,N,D,N,-,-,P,,,,,0.23274498167209073,0.0086
487,432a,-,N,N,N,N,N,N,N,N,H,D,D,E,E,K,R,T,T,K,D,-,-,-,-,-,-,-,-,-,-,-,-,-,-,-,-,-,-,-,-,-,-,-,-,-,-,S,-,-,-,-,-,-,-,-,-,-,,,,,0.0,1.0
488,432b,-,T,A,T,T,T,T,T,T,T,A,P,I,I,M,M,T,V,M,A,-,-,-,-,-,-,-,-,-,-,-,-,-,-,-,-,-,-,-,-,-,-,-,-,-,-,-,-,-,-,-,-,-,-,-,-,-,,,,,0.0,1.0
489,432c,-,S,S,S,S,S,S,S,S,I,T,F,K,K,K,K,K,K,R,L,-,-,-,-,-,-,-,-,-,-,-,-,-,-,-,-,-,-,-,-,-,-,-,-,-,-,-,-,-,-,-,-,-,-,-,-,-,,,,,0.0,1.0
490,432d,-,G,G,G,G,G,G,G,G,G,G,D,G,G,G,G,G,G,G,G,-,-,-,-,-,-,-,-,-,-,-,-,-,-,-,-,-,-,-,-,-,-,-,-,-,-,-,-,-,-,-,-,-,-,-,-,-,,,,,0.0,1.0
491,432e,-,H,H,H,H,H,H,H,H,H,P,N,R,R,R,R,R,R,R,R,-,-,-,-,-,-,-,-,-,-,-,-,-,-,-,-,-,-,-,-,-,-,-,-,-,-,-,-,-,-,-,-,-,-,-,-,-,,,,,0.0,1.0
492,432f,-,D,D,D,D,D,D,D,D,D,D,N,D,D,D,D,D,D,D,D,-,-,-,-,-,-,-,-,-,-,-,-,-,-,-,-,-,-,-,-,-,-,-,-,-,-,-,-,-,-,-,-,-,-,-,-,-,,,,,0.0,1.0
493,432g,-,F,F,F,F,F,F,F,F,F,F,F,L,L,L,L,L,L,M,V,-,-,-,-,-,-,-,-,-,-,-,-,-,-,-,-,-,-,-,-,-,-,-,-,-,-,-,-,-,-,-,-,-,-,-,-,-,,,,,0.0,1.0
494,432h,-,E,E,E,E,E,E,E,E,E,D,D,D,D,D,D,D,D,D,E,-,-,-,-,-,-,-,-,-,-,-,-,-,-,-,-,-,-,-,-,-,-,-,-,-,-,-,-,-,-,-,-,-,-,-,-,-,,,,,0.0,1.0
495,432i,-,E,E,E,E,E,E,E,E,E,S,M,S,S,S,S,S,S,S,S,-,-,-,-,-,-,-,-,-,-,-,-,-,-,-,-,-,-,-,-,-,-,-,-,-,-,-,-,-,-,-,-,-,-,-,-,-,,,,,0.0,1.0
496,432j,-,L,L,L,L,L,L,L,L,L,L,-,L,L,L,L,L,L,L,L,-,-,-,-,-,-,-,-,-,-,-,-,-,-,-,-,-,-,-,-,-,-,-,-,-,-,-,-,-,-,-,-,-,-,-,-,-,,,,,0.0,1.0
