score name,Profile-based score (corrected for self-comparisons)
score sequences,57 sequences (A8D37093 checksum)
score sequence ids,NS_CANIS NS_BOS NS_HOMO NS_PAN NS_MUS NS_RATTUS NS_MONODELPHIS NS_GALLUS NS_XENOPOS NS_FUGU NS_DANIO PP_HOMO PP_PAN PP_CANIS PP_BOS PP_MUS PP_RATTUS PP_MONODELPHIS PP_XENOPOS PAI1_HOMO PAI1_PAN PAI1_CANIS PAI1_BOS PAI1_MUS PAI1_RATTUS PAI1_MONODELPHIS PAI1_XENOPOS PAI1_DANIO PAI1_FUGU GDN_FUGU GDN_DANIO GDN_HOMO GDN_PAN GDN_BOS GDN_CANIS GDN_MUS GDN_RATTUS GDN_MONODELPHIS GDN_GALLUS GDN_XENOPOS ANT3_CANIS ANT3_XENOPUS ANT3_MUS ANT3_RATTUS ANT3_FUGU ANT3_DANIO ANT3_GALLUS ANT3_STRUTHIO ANT3_HUMAN ANT3_PONGO ANT3_OVIS ANT3_BOVIN ANT3_CAVIA ANT3_CHELYDRA ANT3_SPHENODON ANT3_SALMO A1AT_HUMAN
score number of sites,496 sites
score weighting,weighted by evolutionary distance
score against,Sequence profile
profile name,Sequence profile
profile sequences,57 sequences (A8D37093 checksum)
profile sequence ids,NS_CANIS NS_BOS NS_HOMO NS_PAN NS_MUS NS_RATTUS NS_MONODELPHIS NS_GALLUS NS_XENOPOS NS_FUGU NS_DANIO PP_HOMO PP_PAN PP_CANIS PP_BOS PP_MUS PP_RATTUS PP_MONODELPHIS PP_XENOPOS PAI1_HOMO PAI1_PAN PAI1_CANIS PAI1_BOS PAI1_MUS PAI1_RATTUS PAI1_MONODELPHIS PAI1_XENOPOS PAI1_DANIO PAI1_FUGU GDN_FUGU GDN_DANIO GDN_HOMO GDN_PAN GDN_BOS GDN_CANIS GDN_MUS GDN_RATTUS GDN_MONODELPHIS GDN_GALLUS GDN_XENOPOS ANT3_CANIS ANT3_XENOPUS ANT3_MUS ANT3_RATTUS ANT3_FUGU ANT3_DANIO ANT3_GALLUS ANT3_STRUTHIO ANT3_HUMAN ANT3_PONGO ANT3_OVIS ANT3_BOVIN ANT3_CAVIA ANT3_CHELYDRA ANT3_SPHENODON ANT3_SALMO A1AT_HUMAN
profile number of sites,496 sites
profile weighting,weighted by evolutionary distance
profile substitution matrix,"vectors of Transformed 250 PAM PET91 matrix (Valdar 2001) to be in the range of [0.0-1.0] with constant diagonal., average diagonal, linear transform, gap 0.000, gap-gap 0.000"
report site selections,all sites
report sites,496 sites
report sequences shown,NS_CANIS NS_BOS NS_HOMO NS_PAN NS_MUS NS_RATTUS NS_MONODELPHIS NS_GALLUS NS_XENOPOS NS_FUGU NS_DANIO PP_HOMO PP_PAN PP_CANIS PP_BOS PP_MUS PP_RATTUS PP_MONODELPHIS PP_XENOPOS PAI1_HOMO PAI1_PAN PAI1_CANIS PAI1_BOS PAI1_MUS PAI1_RATTUS PAI1_MONODELPHIS PAI1_XENOPOS PAI1_DANIO PAI1_FUGU GDN_FUGU GDN_DANIO GDN_HOMO GDN_PAN GDN_BOS GDN_CANIS GDN_MUS GDN_RATTUS GDN_MONODELPHIS GDN_GALLUS GDN_XENOPOS ANT3_CANIS ANT3_XENOPUS ANT3_MUS ANT3_RATTUS ANT3_FUGU ANT3_DANIO ANT3_GALLUS ANT3_STRUTHIO ANT3_HUMAN ANT3_PONGO ANT3_OVIS ANT3_BOVIN ANT3_CAVIA ANT3_CHELYDRA ANT3_SPHENODON ANT3_SALMO A1AT_HUMAN
report numbering by,reference sequence ANT3_HUMAN starting from -32
report numbering extent,-32 to 432j
note sequences,sequences marked * were not scored
note scores,showing score for each position under score
note header ends,data follows immediately below
alignment num,report num,Ref: ANT3_HUMAN,NS_CANIS,NS_BOS,NS_HOMO,NS_PAN,NS_MUS,NS_RATTUS,NS_MONODELPHIS,NS_GALLUS,NS_XENOPOS,NS_FUGU,NS_DANIO,PP_HOMO,PP_PAN,PP_CANIS,PP_BOS,PP_MUS,PP_RATTUS,PP_MONODELPHIS,PP_XENOPOS,PAI1_HOMO,PAI1_PAN,PAI1_CANIS,PAI1_BOS,PAI1_MUS,PAI1_RATTUS,PAI1_MONODELPHIS,PAI1_XENOPOS,PAI1_DANIO,PAI1_FUGU,GDN_FUGU,GDN_DANIO,GDN_HOMO,GDN_PAN,GDN_BOS,GDN_CANIS,GDN_MUS,GDN_RATTUS,GDN_MONODELPHIS,GDN_GALLUS,GDN_XENOPOS,ANT3_CANIS,ANT3_XENOPUS,ANT3_MUS,ANT3_RATTUS,ANT3_FUGU,ANT3_DANIO,ANT3_GALLUS,ANT3_STRUTHIO,ANT3_HUMAN,ANT3_PONGO,ANT3_OVIS,ANT3_BOVIN,ANT3_CAVIA,ANT3_CHELYDRA,ANT3_SPHENODON,ANT3_SALMO,A1AT_HUMAN,score
1,-32,M,-,-,-,-,-,-,-,-,-,-,-,-,-,-,-,-,-,-,-,-,-,-,-,-,-,-,-,-,-,-,-,-,-,-,-,-,-,-,-,-,M,-,M,M,-,-,-,-,M,M,M,-,-,-,-,-,-,0.010048430655222661
2,-31,Y,-,-,-,-,-,-,-,-,-,-,-,-,-,-,-,-,-,-,-,-,-,-,-,-,-,-,-,-,-,-,-,-,-,-,-,-,-,-,-,-,F,-,Y,Y,-,-,-,-,Y,Y,I,-,-,-,-,-,-,0.0065539426162571947
3,-30,S,-,-,-,-,-,-,-,-,-,-,-,-,-,-,-,-,-,-,-,-,-,-,-,-,-,-,-,-,-,-,-,-,-,-,-,-,-,-,-,-,S,-,S,S,-,-,-,-,S,S,S,-,-,-,-,-,-,0.010048430655222661
4,-29,N,-,-,-,-,-,-,-,-,-,-,-,-,-,-,-,-,-,-,-,-,-,-,-,-,-,-,-,-,-,-,-,-,-,-,-,-,-,-,-,-,N,-,P,P,-,-,-,-,N,N,N,-,-,-,-,-,-,0.006126853656490119
5,-28,V,-,-,-,-,-,-,-,-,-,-,-,-,-,-,-,-,-,-,-,-,-,-,-,-,-,-,-,-,-,-,-,-,-,-,-,-,-,-,-,-,G,-,G,G,-,-,-,-,V,V,G,-,-,-,-,-,-,0.0057712889725337023
6,-27,I,-,-,-,-,-,-,-,-,-,-,-,-,-,-,-,-,-,-,-,-,-,-,-,-,-,-,-,-,-,-,-,-,-,-,-,-,-,-,-,-,I,-,A,I,-,-,-,-,I,I,I,-,-,-,-,-,-,0.0078202499989198492
7,-26,G,-,-,-,-,-,-,-,-,-,-,-,-,-,-,-,-,-,-,-,-,-,-,-,-,-,-,-,-,-,-,-,-,-,-,-,-,-,-,-,-,G,-,G,G,-,-,-,-,G,G,G,-,M,-,-,-,-,0.010593292542504691
8,-25,T,-,-,-,-,-,-,-,-,-,-,-,-,-,-,-,-,-,-,-,-,-,-,-,-,-,-,-,-,-,-,-,-,-,-,-,-,-,-,-,-,M,-,S,S,-,-,-,-,T,T,T,-,F,-,-,-,-,0.006213263597584384
9,-24,V,-,-,-,-,-,-,-,-,-,-,-,-,-,-,-,-,-,-,-,-,-,-,-,-,-,-,-,-,-,-,-,-,-,-,-,-,-,-,-,-,I,-,G,A,-,-,-,-,V,I,V,-,S,-,-,-,-,0.0059237029025028254
10,-23,T,-,-,-,-,-,-,-,-,-,-,-,-,-,-,-,-,-,-,-,-,-,-,-,-,-,-,-,-,-,-,-,-,-,-,-,-,-,-,-,-,A,-,A,V,-,-,-,-,T,T,T,-,R,-,-,-,-,0.0067643621944298909
11,-22,S,-,-,-,-,-,-,-,-,-,-,-,-,-,-,-,-,-,-,-,-,-,-,-,-,-,-,-,-,-,-,-,-,-,-,-,-,-,-,-,-,A,-,A,A,-,-,-,-,S,S,T,-,A,-,-,-,-,0.0086813937443595088
12,-21,G,-,-,-,-,-,-,-,-,-,-,-,-,-,-,-,-,-,-,-,-,-,-,-,-,-,-,-,-,-,-,-,-,-,-,-,-,-,-,-,-,G,-,G,G,-,-,-,-,G,G,G,-,S,-,-,-,-,0.011687113022988168
13,-20,K,-,-,-,-,-,-,-,-,-,-,-,-,-,-,-,-,-,-,-,-,-,-,-,-,-,-,-,-,-,-,-,-,-,-,-,-,-,-,-,-,K,-,E,E,-,-,-,-,K,K,K,-,G,-,-,-,-,0.0081132297963962558
14,-19,R,-,-,-,-,-,-,-,-,-,-,-,-,-,-,-,-,-,-,-,-,-,-,-,-,-,-,-,-,-,-,-,-,-,-,-,-,-,-,-,-,R,-,R,R,-,-,-,-,R,R,R,-,K,-,-,-,-,0.012506454206870916
15,-18,K,-,-,-,-,-,-,-,-,-,-,-,-,-,-,-,-,-,-,-,-,-,-,-,-,-,-,-,-,-,-,-,-,-,-,-,-,-,-,-,-,R,-,K,K,-,-,-,-,K,K,S,-,R,-,-,M,-,0.010047766775382402
16,-17,V,-,-,-,-,-,-,-,-,-,-,-,-,-,-,-,-,-,-,-,-,-,-,-,-,-,-,-,-,-,-,-,-,-,-,-,-,-,-,-,-,T,-,L,L,-,-,-,M,V,V,M,-,Q,M,-,R,-,0.012483942019688594
17,-16,Y,-,-,-,-,-,-,-,-,-,-,-,-,-,-,-,-,-,-,-,-,-,-,-,-,-,-,-,-,-,-,-,-,-,-,-,-,-,-,-,-,C,M,C,C,-,M,-,H,Y,Y,C,-,V,H,M,L,-,0.020949309930618297
18,-15,L,-,-,-,-,-,-,-,-,-,-,-,-,-,-,-,-,-,-,-,-,-,-,-,-,-,-,-,-,-,-,-,-,-,-,-,-,-,-,-,-,L,Y,L,L,M,K,-,L,L,L,L,-,C,L,H,P,-,0.0305214189812043
19,-14,L,-,-,-,-,-,-,-,-,-,-,-,-,-,-,-,-,-,-,-,-,-,-,-,-,-,-,-,-,-,-,-,-,-,-,-,-,-,-,-,-,L,L,L,L,P,L,-,F,L,L,F,-,L,F,L,Q,-,0.039680500251493861
20,-13,S,-,-,-,-,-,-,-,-,-,-,-,-,-,-,-,-,-,-,-,-,-,-,-,-,-,-,-,-,-,-,-,-,-,-,-,-,-,-,-,-,S,L,S,S,A,L,-,V,S,S,P,-,L,V,F,F,-,0.02611771135020554
21,-12,L,-,-,-,-,-,-,-,-,-,-,-,-,-,-,-,-,-,-,-,-,-,-,-,-,-,-,-,-,-,-,-,-,-,-,-,-,-,-,-,-,L,S,L,L,S,A,-,A,L,L,L,-,S,W,T,V,-,0.026565816223301328
22,-11,L,-,-,-,-,-,-,-,-,-,-,-,-,-,-,-,-,-,-,-,-,-,-,-,-,-,-,-,-,-,-,-,-,-,-,-,-,-,-,-,-,L,L,L,L,D,C,-,C,L,L,L,-,V,L,L,W,-,0.032651598489538233
23,-10,L,-,-,-,-,-,-,-,-,-,-,-,-,-,-,-,-,-,-,-,-,-,-,-,-,-,-,-,-,-,-,-,-,-,-,-,-,-,-,-,-,L,L,L,L,W,M,-,L,L,L,L,-,L,I,L,T,-,0.042028638899091655
24,-9,I,-,-,-,-,-,-,-,-,-,-,-,-,-,-,-,-,-,-,-,-,-,-,-,-,-,-,-,-,-,-,-,-,-,-,-,-,-,-,-,-,I,L,I,I,L,W,-,F,I,I,I,-,L,I,V,L,-,0.03600894943177773
25,-8,G,-,-,-,-,-,-,-,-,-,-,-,-,-,-,-,-,-,-,-,-,-,-,-,-,-,-,-,-,-,-,-,-,-,-,-,-,-,-,-,-,G,L,G,G,L,A,-,G,G,G,G,-,T,S,I,G,-,0.030810723178269155
26,-7,F,-,-,-,-,-,-,-,-,-,-,-,-,-,-,-,-,-,-,-,-,-,-,-,-,-,-,-,-,-,-,-,-,-,-,-,-,-,-,-,-,L,S,A,A,L,L,-,I,F,F,L,-,L,L,S,L,-,0.031436625099601663
27,-6,W,-,-,-,-,-,-,-,-,-,-,-,-,-,-,-,-,-,-,-,-,-,-,-,-,-,-,-,-,-,-,-,-,-,-,-,-,-,-,-,-,W,L,L,L,L,W,-,W,W,W,W,-,W,W,I,L,-,0.033792989718624974
28,-5,D,-,-,-,-,-,-,-,-,-,-,-,-,-,-,-,-,-,-,-,-,-,-,-,-,-,-,-,-,-,-,-,-,-,-,-,-,-,-,-,-,G,L,G,G,A,A,-,A,D,D,G,-,S,G,W,L,-,0.024217811256387594
29,-4,C,-,-,-,-,-,-,-,-,-,-,-,-,-,-,-,-,-,-,-,-,-,-,-,-,-,-,-,-,-,-,-,-,-,-,-,-,-,-,-,-,C,G,C,C,S,F,-,L,C,C,C,-,S,A,G,P,-,0.026034325883247389
30,-3,V,-,-,-,-,-,-,-,-,-,-,-,-,-,-,-,-,-,-,-,-,-,-,-,-,-,-,-,-,-,-,-,-,-,-,-,-,-,-,-,-,V,S,A,A,L,A,-,A,V,V,V,-,V,V,V,L,-,0.035674108078974635
31,-2,T,-,-,-,-,-,-,-,-,-,-,-,-,-,-,-,-,-,-,-,-,-,-,-,-,-,-,-,-,-,-,-,-,-,-,-,-,-,-,-,-,V,G,I,V,H,L,-,S,T,T,T,-,A,A,V,L,-,0.024404794715875717
32,-1,C,-,-,-,-,-,-,-,-,-,-,-,-,-,-,-,-,-,-,-,-,-,-,-,-,-,-,-,-,-,-,-,-,-,-,-,-,-,-,-,-,C,Y,C,C,V,C,-,P,C,C,C,-,C,P,A,S,-,0.032279438648943566
33,1,H,-,-,-,-,-,-,-,-,-,-,-,-,-,-,-,-,-,-,-,-,-,-,-,-,-,-,-,-,-,-,-,-,-,-,-,-,-,-,-,-,P,L,H,H,V,S,-,Q,H,H,H,H,Q,Q,P,T,-,0.032057746014261937
34,2,G,-,-,-,-,-,-,-,-,-,-,-,-,-,-,-,-,-,-,-,-,-,-,-,-,-,-,-,-,-,-,-,-,-,-,-,-,-,-,-,-,W,Q,G,G,S,I,-,R,G,G,R,R,G,Y,Q,S,M,0.029161426310549968
35,3,S,-,-,-,-,-,-,-,-,-,-,-,-,-,-,-,-,-,-,-,-,-,-,-,-,-,-,-,-,-,-,-,-,-,-,-,-,-,-,-,-,S,S,N,N,A,H,-,Y,S,S,S,S,N,H,H,Q,P,0.038081642269778344
36,4,P,-,-,-,-,-,-,-,-,-,-,-,-,-,-,-,-,-,-,-,-,-,-,-,-,-,-,-,-,-,-,-,-,-,-,-,-,-,-,-,-,P,Q,P,P,D,A,-,V,P,P,P,P,P,P,H,A,S,0.044083254918211023
37,4a,-,-,-,-,-,-,-,-,-,-,-,-,-,-,-,-,-,-,-,-,-,-,-,-,-,-,-,-,-,-,-,-,-,-,-,-,-,-,-,-,-,G,N,V,V,V,T,-,V,-,-,V,V,V,V,P,F,S,0.031356850457960536
38,5,V,-,-,-,-,-,-,-,-,-,-,-,-,-,-,-,-,-,-,-,-,-,-,-,-,-,-,-,-,-,-,-,-,-,-,-,-,-,-,-,-,E,A,D,D,L,K,-,E,V,V,E,E,E,E,V,K,V,0.035106506747373749
39,6,D,-,-,-,-,-,-,-,-,-,-,-,-,-,-,-,-,-,-,-,-,-,-,-,-,-,-,-,-,-,-,-,-,-,-,-,-,-,-,-,-,D,D,D,D,D,D,-,D,D,D,D,D,D,D,D,D,S,0.076273738304029837
40,7,I,-,-,-,-,-,-,-,-,-,-,-,-,-,-,-,-,-,-,-,-,-,-,-,-,-,-,-,-,-,-,-,-,-,-,-,-,-,-,-,-,I,I,I,I,I,I,-,I,I,I,I,V,I,I,I,I,W,0.069409665578839749
41,8,C,-,-,-,-,-,-,-,-,-,-,-,-,-,-,-,-,-,-,-,-,-,-,-,-,-,-,-,-,-,-,-,-,-,-,-,-,-,-,-,-,C,C,C,C,C,C,-,C,C,C,C,C,C,C,C,C,G,0.075489020841674692
42,9,T,-,-,-,-,-,-,-,-,-,-,-,-,-,-,-,-,-,-,-,-,-,-,-,-,-,-,-,-,-,-,-,-,-,-,-,-,-,-,-,-,T,L,I,I,G,N,-,T,T,I,T,T,V,T,T,N,I,0.041599822681181745
43,10,A,-,-,-,-,-,-,-,-,-,-,-,-,-,-,-,-,-,-,-,-,-,-,-,-,-,-,-,-,-,-,-,-,-,-,-,-,-,-,-,-,A,A,A,A,A,A,-,A,A,A,A,A,A,A,A,A,L,0.075489020841674692
44,11,K,-,-,-,-,-,-,-,-,-,-,-,-,-,-,-,-,-,-,-,-,-,-,-,-,-,-,-,-,-,-,-,-,-,-,-,-,-,-,-,-,K,K,K,K,K,K,-,K,K,K,K,K,K,K,K,K,L,0.073895806599923355
45,12,P,-,-,-,-,-,-,-,-,-,-,-,-,-,-,-,-,-,-,-,-,-,-,-,-,-,-,-,-,-,-,-,-,-,-,-,-,-,-,-,-,P,P,P,P,P,P,-,P,P,P,P,P,P,P,P,P,L,0.076273738304029837
46,13,R,-,-,-,-,-,-,-,-,-,-,-,-,-,-,-,-,-,-,-,-,-,-,-,-,-,-,-,-,-,-,-,-,-,-,-,-,-,-,-,-,R,K,R,R,R,K,R,R,R,R,R,R,R,R,R,K,A,0.074756500019465377
47,14,D,-,-,-,-,-,-,-,-,-,-,-,-,-,-,-,-,-,-,-,-,-,-,-,-,-,-,-,-,-,-,-,-,-,-,-,-,-,-,-,-,D,D,D,D,D,D,D,D,D,D,D,D,D,D,D,D,G,0.087428186465595525
48,15,I,-,-,-,-,-,-,-,-,-,-,-,-,-,-,-,-,-,-,-,-,-,-,-,-,-,-,-,-,-,-,-,-,-,-,-,-,-,-,-,-,I,I,I,I,L,L,I,I,I,I,I,I,V,I,I,V,L,0.071925308502262961
49,16,P,-,-,-,-,-,-,-,-,-,-,-,-,-,-,-,-,-,-,-,-,-,-,-,-,-,-,-,-,-,-,-,-,-,-,-,-,-,-,-,-,P,P,P,P,A,P,P,P,P,P,P,P,P,P,A,P,C,0.073265262012317631
50,17,M,-,-,-,-,-,-,-,-,-,-,-,-,-,-,-,-,-,-,-,-,-,-,-,-,-,-,-,-,-,-,-,-,-,-,-,-,-,-,-,-,V,L,V,V,L,L,V,V,M,M,V,V,W,V,V,L,C,0.053181712871206585
51,18,N,-,-,-,-,-,-,-,-,-,-,-,-,-,-,-,-,-,-,-,-,-,-,-,-,-,-,-,-,-,-,-,-,-,-,-,-,-,-,-,-,N,T,N,N,E,E,N,N,N,N,N,N,N,N,N,E,L,0.0621776184040045
52,19,P,-,-,-,-,-,-,-,-,-,-,-,-,-,-,-,-,-,-,-,-,-,-,-,-,-,-,-,-,-,-,-,-,-,-,-,-,-,-,-,-,P,P,P,P,P,P,P,P,P,P,P,P,P,P,P,P,V,0.085744313757104576
53,20,M,-,-,-,-,-,-,-,-,-,-,-,-,-,-,-,-,-,-,-,-,-,-,-,-,-,-,-,-,-,-,-,-,-,-,-,-,-,-,-,-,M,M,L,M,R,M,I,I,M,M,M,M,M,M,M,R,P,0.057909357487315266
54,21,C,-,-,-,-,-,-,-,-,-,-,-,-,-,-,-,-,-,-,-,M,M,M,M,M,M,-,-,-,-,-,-,-,-,-,-,-,-,-,-,-,C,C,C,C,C,C,C,C,C,C,C,C,C,C,C,C,V,0.10826853872757633
55,22,I,-,-,-,-,-,-,-,-,-,-,-,-,-,-,-,-,-,-,-,Q,Q,Q,R,Q,Q,-,-,-,-,-,-,-,-,-,-,-,-,-,-,-,I,V,I,I,I,I,I,I,I,I,I,I,I,I,I,I,S,0.09828778443258801
56,23,Y,-,-,-,-,-,-,-,-,-,-,-,-,-,-,-,-,-,-,-,M,M,M,M,M,M,M,-,-,-,-,-,-,-,-,-,-,-,-,-,-,Y,Y,Y,Y,Y,Y,Y,Y,Y,Y,Y,Y,Y,Y,Y,Y,L,0.11066373475461873
57,24,R,-,-,-,-,-,-,-,-,-,M,-,-,-,-,-,-,-,M,-,S,S,S,S,S,S,K,M,-,-,M,-,-,-,-,-,-,-,-,-,-,R,R,R,R,R,R,R,R,R,R,R,R,R,R,R,R,A,0.13798982185421976
58,25,S,-,-,-,-,-,-,-,-,-,S,-,-,-,-,-,-,-,T,M,P,P,P,P,S,S,L,S,-,-,K,-,M,M,M,M,M,M,M,-,-,S,K,S,S,S,N,N,N,S,S,S,S,V,N,S,S,E,0.18039987670215049
59,26,P,-,-,-,-,-,-,-,-,-,M,-,-,-,-,-,-,-,Q,K,A,A,V,V,A,A,S,R,-,-,T,M,N,N,N,N,N,N,S,M,M,P,T,P,P,P,P,P,P,P,P,P,S,P,P,P,P,D,0.20141893187987439
60,27,E,-,-,-,-,-,-,-,-,-,L,-,-,-,-,-,-,-,T,R,L,L,F,F,L,L,R,N,-,-,L,C,W,W,W,W,W,W,W,N,R,E,L,G,A,D,D,E,E,E,E,E,E,D,E,E,E,P,0.14091062860798989
61,28,K,-,-,-,-,-,-,-,-,-,D,M,-,-,-,-,-,-,W,L,T,A,A,A,A,T,V,L,-,-,S,V,H,H,H,H,H,H,Q,W,S,K,E,K,K,P,-,K,K,K,K,K,K,K,K,K,D,Q,0.17324244166938602
62,29,K,-,-,-,-,-,-,-,-,-,I,L,-,-,-,-,-,-,F,Y,C,C,C,C,C,C,F,R,-,-,F,L,L,L,F,F,F,F,F,H,L,K,A,K,K,E,E,K,K,K,K,K,K,K,K,K,E,G,0.1626993259080606
63,30,A,M,M,M,M,M,M,M,M,M,L,L,M,M,M,M,M,M,G,P,L,L,L,L,L,L,A,C,-,-,L,F,P,P,P,S,P,P,P,F,F,A,V,A,A,A,I,P,L,A,A,A,A,A,E,L,A,D,0.39032594180820041
64,31,T,A,A,A,A,T,A,T,Y,H,S,L,D,D,N,D,N,K,R,G,V,V,A,A,I,T,C,M,M,-,C,R,L,L,F,F,F,F,L,S,T,V,E,T,T,P,Q,Q,Q,T,T,T,T,T,S,Q,P,A,0.32675608170328257
65,32,E,F,F,F,F,Y,Y,F,F,H,P,V,T,T,K,K,K,K,F,V,L,L,L,L,L,L,L,I,Q,M,L,C,F,F,F,F,F,F,L,L,L,E,A,E,E,E,P,E,E,E,E,E,E,E,E,E,T,A,0.33148653597612071
66,33,D,L,L,L,L,L,L,F,L,L,L,V,I,I,I,I,T,T,L,I,G,G,G,G,G,G,S,V,S,L,F,G,L,L,L,L,I,I,L,L,L,D,E,E,E,P,N,R,G,D,D,G,G,Y,G,G,G,Q,0.35485413243646036
67,34,E,G,G,G,G,E,G,G,G,S,V,L,F,S,L,L,I,I,L,V,L,L,L,L,L,L,L,V,L,F,G,V,L,L,V,V,L,L,F,F,F,E,E,D,D,L,K,R,E,E,E,E,Q,E,L,E,D,K,0.34876277138651418
68,34a,-,-,-,-,-,-,-,-,-,-,-,-,-,-,-,-,-,-,-,-,-,-,-,-,-,-,-,-,-,-,-,-,-,-,-,-,-,-,-,-,-,-,K,-,-,T,E,-,-,-,-,-,-,-,-,-,A,-,0.0014202420964508282
69,34b,-,-,-,-,-,-,-,-,-,-,-,-,-,-,-,-,-,-,-,-,-,-,-,-,-,-,-,-,-,-,-,-,-,-,-,-,-,-,-,-,-,-,E,-,-,T,P,-,-,-,-,-,-,-,-,-,I,-,0.0011749006241037335
70,34c,-,-,-,-,-,-,-,-,-,-,-,-,-,-,-,-,-,-,-,-,-,-,-,-,-,-,-,-,-,-,-,-,-,-,-,-,-,-,-,-,-,-,K,-,-,-,-,-,-,-,-,-,-,-,-,-,P,-,0.00014623962258881622
71,34d,-,-,-,-,-,-,-,-,-,-,-,-,-,-,-,-,-,-,-,-,-,-,-,-,-,-,-,-,-,-,-,-,-,-,-,-,-,-,-,-,-,-,E,-,-,-,-,G,G,-,-,-,-,-,G,G,-,-,0.0051792859750772911
72,34e,-,-,-,-,-,-,-,-,-,-,-,-,-,-,-,-,-,-,-,-,-,-,-,-,-,-,-,-,-,-,-,-,-,-,-,-,-,-,-,-,-,-,P,-,-,-,-,A,Q,-,-,-,-,-,S,P,-,-,0.0029002933592123096
73,34f,-,-,-,-,-,-,-,-,-,-,-,-,-,-,-,-,-,-,-,-,-,-,-,-,-,-,-,-,-,-,-,-,-,-,-,-,-,-,-,-,-,-,A,-,-,-,-,G,E,-,-,-,-,-,E,E,-,-,0.0036955867612373291
74,35,G,L,L,L,L,L,L,L,L,L,L,P,L,L,L,L,L,L,T,A,A,A,A,A,V,V,L,L,S,A,L,L,A,A,A,A,T,T,T,L,L,G,Q,G,V,-,-,A,T,G,G,G,G,G,Q,Q,-,T,0.3898041422158523
75,36,S,F,F,F,F,L,L,L,L,L,L,P,W,W,W,W,W,W,L,V,L,L,L,L,L,L,L,L,V,Y,V,F,S,S,S,A,T,T,T,L,G,A,Q,S,L,-,-,G,G,S,S,S,S,T,G,E,-,D,0.30866381561202855
76,37,E,S,S,S,S,A,S,A,S,A,T,L,S,S,S,S,S,S,C,T,V,V,V,I,V,V,I,S,L,T,V,L,V,V,V,V,V,V,V,G,A,E,E,E,E,-,-,E,K,E,E,E,E,E,N,K,-,T,0.35062177481314538
77,38,Q,L,L,L,L,L,L,L,L,L,L,L,L,L,L,L,F,F,G,L,F,F,F,F,S,F,I,L,L,L,L,L,T,T,T,T,T,T,T,T,F,Q,Q,Q,Q,H,E,G,G,Q,Q,Q,Q,Q,E,E,E,S,0.38851049451680969
78,39,K,L,L,L,L,L,V,L,L,I,M,L,L,L,L,L,L,L,P,C,G,G,G,G,G,G,G,A,I,L,R,C,L,L,L,L,L,L,L,L,L,K,K,K,K,P,N,Q,K,K,K,K,K,K,K,K,K,H,0.39111200241266902
79,40,I,V,V,V,V,A,A,I,V,V,L,L,L,L,L,L,L,L,F,G,E,E,E,E,K,K,V,S,F,L,G,S,P,P,P,P,Y,S,T,A,A,I,V,V,V,V,I,D,I,I,I,I,I,I,I,L,V,H,0.38758485225491657
80,41,P,L,L,L,L,L,L,L,L,M,Q,R,L,L,I,T,F,F,L,V,G,G,A,G,G,G,G,V,A,L,H,V,S,S,S,S,S,S,S,S,S,P,P,P,P,P,P,P,P,P,P,P,P,P,P,P,P,D,0.40008021688022172
81,42,E,Q,Q,Q,Q,Q,Q,P,P,Q,C,G,F,F,F,F,F,L,M,W,S,S,S,S,F,F,D,T,L,A,G,S,I,I,V,V,V,V,A,V,A,E,E,E,E,G,V,G,G,E,E,G,G,E,E,D,E,Q,0.31173649761336142
82,43,A,S,S,S,S,S,S,S,S,A,H,C,F,F,S,S,S,S,L,I,A,A,A,A,T,A,S,S,C,L,G,V,C,C,C,C,H,Y,Y,C,Q,A,S,A,A,S,G,V,F,A,A,A,A,A,S,F,N,D,0.41493984384509097
83,44,T,L,L,M,M,V,L,M,K,L,Y,F,G,G,G,G,G,G,R,T,V,V,S,S,L,S,L,A,A,S,A,S,S,S,S,S,S,S,S,S,P,T,T,T,T,T,T,H,T,T,T,T,T,T,T,T,T,H,0.41464777042531192
84,45,N,A,A,A,A,V,V,A,A,V,C,C,S,S,S,S,S,S,S,C,H,H,Y,Y,P,P,P,Q,S,R,L,Q,H,H,Q,Q,Q,Q,H,Q,E,N,N,N,N,N,N,K,N,N,N,N,N,N,N,N,N,P,0.39858829086577963
85,46,R,L,L,T,T,T,T,L,F,F,H,Q,Q,Q,Q,Q,Q,Q,H,N,H,H,S,Q,L,L,Q,N,S,A,S,S,F,F,F,F,F,L,L,F,L,R,P,R,R,P,P,P,P,R,R,R,R,R,P,P,P,T,0.35766698370097677
86,47,R,A,G,G,A,G,G,S,K,G,G,A,A,A,A,A,T,T,S,A,P,P,Y,P,R,P,H,R,L,A,Q,Q,N,N,N,N,N,N,D,N,D,R,R,R,R,R,R,P,R,R,R,R,R,R,R,R,R,F,0.40531797442036943
87,48,V,A,T,A,A,A,A,T,T,T,T,S,S,S,S,S,S,S,A,S,P,P,Q,Q,E,E,N,V,C,L,A,S,P,P,P,P,S,S,P,F,L,V,V,V,V,V,V,V,V,V,V,V,V,V,V,V,V,N,0.42384746809101242
88,49,W,T,T,T,T,T,A,S,N,S,D,D,R,R,R,S,R,R,S,R,S,S,T,S,S,S,P,S,N,S,P,S,L,L,L,L,L,L,F,Y,L,W,Y,W,W,W,W,W,W,W,W,W,W,W,W,W,W,K,0.33323771696160936
89,50,E,F,F,F,F,F,F,F,F,V,V,V,C,C,P,P,A,T,L,L,Y,Y,R,A,H,H,Q,R,L,S,S,S,S,S,S,S,S,S,S,P,S,E,E,E,E,E,E,E,E,E,E,E,E,E,E,E,E,I,0.3394666538813515
90,51,L,P,T,P,P,P,P,P,P,H,P,P,S,S,L,W,T,M,L,W,V,V,A,A,T,T,V,V,I,L,Y,Y,L,L,L,L,L,L,L,L,L,L,L,L,L,L,L,L,L,L,L,L,L,L,L,L,L,T,0.49808697184853573
91,52,S,D,D,E,E,D,D,D,D,D,E,E,A,A,V,A,D,D,A,G,A,A,A,A,A,A,S,A,Q,Q,G,G,E,E,E,E,E,E,E,E,E,S,S,S,S,S,S,S,S,S,S,S,S,S,S,S,S,P,0.47197192846364061
92,53,K,E,E,E,E,E,E,E,E,E,D,D,Q,Q,Q,Q,Q,Q,D,D,H,H,G,S,H,Q,Q,Q,D,D,E,A,E,E,E,E,E,E,E,E,E,R,Q,K,K,K,K,R,R,K,K,K,K,K,K,K,K,N,0.52192995384119611
93,54,A,T,T,A,A,T,T,T,T,T,P,V,K,K,R,R,K,K,N,A,L,L,L,L,Q,Q,M,K,K,K,R,R,L,L,L,L,L,L,L,L,L,A,A,A,A,A,A,A,A,A,A,A,A,A,A,A,A,-,0.41444746210098876
94,55,N,I,I,I,I,I,I,I,I,V,T,T,N,N,N,N,I,N,N,I,A,A,A,A,A,A,V,G,Q,Q,G,G,G,G,G,G,G,G,G,S,G,N,N,N,N,N,N,N,N,N,N,N,N,N,N,N,N,L,0.44681459455380912
95,56,S,A,A,A,A,T,A,A,A,N,A,A,T,T,V,A,A,A,T,T,S,S,T,T,T,T,T,T,T,T,S,S,S,S,S,S,S,S,S,S,S,S,A,S,S,A,S,S,S,S,S,S,S,S,T,S,S,A,0.60162412959217182
96,57,R,E,E,D,D,E,E,E,E,E,E,E,E,E,E,E,D,E,R,E,D,D,D,D,D,N,D,S,D,D,D,D,N,N,D,N,N,D,D,D,D,R,K,R,R,R,R,R,R,R,R,H,H,R,R,R,R,E,0.54065864701166599
97,58,F,L,L,L,L,W,W,L,L,F,F,F,F,F,F,F,F,F,F,L,F,F,F,F,F,F,F,F,F,F,L,L,T,T,T,T,T,T,T,V,I,F,F,F,F,F,F,F,F,F,F,F,F,F,F,F,F,F,0.64659355499371318
98,59,A,S,S,S,S,S,S,S,S,S,S,S,A,A,A,V,A,A,A,A,G,G,G,G,G,G,G,G,G,G,G,G,G,G,G,G,G,G,G,G,G,A,A,A,A,A,A,A,A,A,A,A,A,A,A,A,A,A,0.60321862806202675
99,60,T,V,V,V,V,V,V,V,V,I,V,V,V,V,V,V,V,V,L,V,V,V,V,V,V,V,M,L,L,L,I,L,I,I,I,I,I,I,I,I,I,T,I,T,T,M,L,V,V,T,T,T,T,T,M,T,L,F,0.59036284615216528
100,61,T,N,N,N,N,N,N,N,N,K,R,R,D,D,D,D,D,D,D,D,R,R,K,K,K,K,K,R,Q,K,Q,Q,Q,Q,Q,Q,Q,Q,Q,Q,Q,A,A,N,N,S,S,V,V,T,T,A,A,T,E,V,S,S,0.41325073654622541
101,62,F,M,M,M,M,M,V,V,V,V,L,L,L,L,L,L,L,L,L,L,V,V,V,V,V,V,V,L,V,V,V,V,V,V,V,V,V,V,I,V,V,F,F,F,F,L,L,F,F,F,F,F,F,M,F,F,L,L,0.58791721145725562
102,63,Y,Y,Y,Y,Y,Y,Y,Y,Y,Y,Y,Y,Y,Y,Y,Y,Y,Y,Y,S,F,F,F,F,F,F,F,F,F,F,F,F,F,F,F,F,F,F,F,F,F,Y,Y,Y,Y,Y,F,Y,Y,Y,Y,Y,Y,Y,Y,Y,F,Y,0.81476950498465073
103,64,Q,N,N,N,N,N,N,N,N,H,H,H,Q,Q,Q,Q,K,K,Q,R,Q,Q,Q,Q,Q,Q,R,Q,A,S,Q,M,N,N,N,N,N,N,N,N,N,Q,K,Q,Q,K,K,K,K,Q,Q,Q,Q,Q,K,K,K,R,0.53759690709802155
104,65,H,H,H,R,R,H,H,H,Q,K,L,Q,E,E,T,A,A,A,T,A,Q,Q,E,Q,Q,H,E,E,E,Q,Q,Q,Q,Q,Q,Q,Q,Q,Q,Q,Q,H,N,H,H,Q,Q,H,Y,H,H,H,H,H,Y,H,Q,Q,0.53496118481082666
105,66,L,L,L,L,L,L,L,L,L,L,L,L,V,V,I,V,I,I,I,I,V,V,V,V,V,V,V,V,A,L,E,V,I,I,I,I,I,I,I,I,V,V,L,L,L,V,L,L,L,L,L,L,L,L,L,L,L,L,0.64490310936475559
106,67,A,R,R,R,R,R,R,R,R,R,Q,Q,S,S,C,G,S,S,H,H,A,A,A,V,V,V,V,L,V,S,V,L,V,V,V,V,I,I,V,V,V,A,A,A,A,A,A,A,A,A,A,A,A,A,A,A,A,A,0.44482785274113118
107,68,D,-,-,-,-,-,-,-,-,-,-,-,-,-,-,-,-,-,-,-,-,-,-,-,-,-,-,-,-,-,-,-,-,-,-,-,-,-,-,-,-,D,D,D,D,S,E,D,D,D,D,D,D,K,D,D,Q,-,0.059426589844524987
108,69,S,A,A,A,A,G,A,A,A,A,A,I,L,L,L,L,L,L,S,S,Q,Q,R,R,Q,Q,Q,A,Q,Q,R,Q,K,K,K,R,K,K,K,K,K,S,S,S,S,S,G,S,S,S,S,S,S,S,S,S,G,H,0.40613744927912482
109,70,K,T,T,T,T,T,T,T,A,T,G,S,S,S,S,S,S,S,L,S,A,A,A,A,A,A,T,D,S,S,S,D,S,S,S,S,S,S,S,A,S,K,K,K,K,R,K,K,K,K,K,K,K,K,K,K,K,Q,0.46592060426916238
110,71,N,G,G,G,G,G,G,G,R,I,G,S,H,H,H,H,H,N,H,C,S,S,S,S,S,S,S,Q,A,S,R,R,R,R,Q,R,R,Q,R,K,R,N,Q,N,N,G,S,D,D,N,N,N,N,N,N,N,P,S,0.42178268878437314
111,72,D,E,E,E,E,E,E,E,E,E,D,G,-,-,-,-,-,-,-,T,K,K,K,K,K,K,G,W,P,V,P,A,P,P,P,P,P,P,P,P,P,D,N,D,D,P,N,N,N,D,D,N,N,E,D,D,S,N,0.31333819743552549
112,73,N,D,D,D,D,D,D,D,D,D,Q,E,K,K,E,K,K,K,E,E,D,D,D,D,D,D,D,G,D,D,L,Q,H,H,H,H,H,H,R,Q,H,N,T,N,N,E,D,E,G,N,N,N,N,N,N,H,E,S,0.48835252809734164
113,74,D,E,E,E,E,E,E,E,E,E,D,E,D,D,N,N,N,N,E,E,R,R,R,R,R,R,G,K,R,K,D,E,D,D,D,D,E,E,E,D,E,D,E,D,D,S,E,E,E,D,D,D,D,D,E,G,S,T,0.56442769577895646
114,75,N,N,N,N,N,N,N,N,N,N,N,N,N,N,N,N,N,N,N,N,N,N,N,N,N,N,N,N,N,N,N,N,N,N,N,N,N,N,N,N,N,N,N,N,N,N,N,N,N,N,N,N,N,N,N,N,N,N,0.99999999999999922
115,76,I,I,I,I,I,I,I,I,I,I,I,I,I,I,I,I,I,V,V,I,V,V,M,V,V,V,V,L,L,V,I,V,I,I,I,V,V,V,I,V,F,I,I,I,I,I,I,I,I,I,I,I,I,I,I,I,I,I,0.78903180064410749
116,77,F,L,L,L,L,L,L,L,L,I,I,I,I,I,I,I,I,I,I,I,V,V,V,V,V,V,V,G,A,A,V,L,V,V,I,V,V,V,I,V,V,F,F,F,F,F,F,F,F,F,F,F,F,F,F,F,F,F,0.53431232621025404
117,78,L,F,F,F,F,F,F,F,F,F,F,F,F,F,F,I,F,F,F,F,F,F,F,F,F,F,F,F,L,M,L,L,I,I,I,V,V,I,I,V,M,L,M,L,L,M,L,L,M,L,L,L,L,L,M,M,M,F,0.59439530814087682
118,79,S,S,S,S,S,S,S,S,C,S,S,S,S,S,S,S,S,S,S,S,S,S,S,S,S,S,S,S,S,S,S,S,S,S,S,S,S,S,S,S,S,S,S,S,S,S,S,S,S,S,S,S,S,S,S,S,S,S,0.98020209623239052
119,80,P,P,P,P,P,P,P,P,P,P,P,P,P,P,P,P,P,P,P,P,P,P,P,P,P,P,P,P,P,P,P,P,P,P,P,P,P,P,P,P,P,P,P,P,P,P,P,P,P,P,P,P,P,P,P,P,P,P,0.99999999999999922
120,81,L,L,L,L,L,L,L,L,L,L,L,L,L,L,L,L,L,L,L,L,Y,Y,Y,Y,Y,Y,Y,Y,Y,Y,H,H,H,H,H,H,H,H,H,H,H,L,L,L,L,I,I,L,L,L,L,L,L,L,L,L,I,V,0.56033191138234972
121,82,S,S,S,S,S,S,S,S,S,S,S,S,G,G,G,G,G,G,G,G,G,G,G,G,G,G,G,G,G,G,G,G,G,G,G,G,G,G,G,G,G,S,S,S,S,S,S,S,S,S,S,S,S,S,S,S,S,S,0.69462937215789677
122,83,I,V,V,I,I,I,I,I,I,T,V,V,I,I,T,T,T,T,A,T,V,V,V,V,V,V,I,V,I,A,V,V,I,I,I,I,I,I,I,I,I,I,I,I,I,I,I,I,I,I,I,I,I,I,I,I,I,I,0.72525483157173276
123,84,S,T,T,A,A,A,A,A,A,A,A,A,T,T,T,T,T,T,R,S,A,A,A,A,S,S,A,T,A,V,A,A,A,A,A,A,A,A,A,A,S,S,S,S,S,S,S,S,S,S,S,S,S,S,S,S,S,A,0.608041408169259
124,85,T,F,L,L,L,L,L,I,I,I,V,L,L,L,L,L,M,V,L,L,S,S,S,S,S,S,S,S,S,S,S,S,S,S,S,S,S,S,S,S,S,T,Q,T,T,T,T,T,T,T,T,T,T,T,T,T,S,T,0.48720118786866617
125,86,A,A,A,A,A,A,A,A,A,A,A,A,V,V,V,A,L,L,V,I,V,V,V,V,V,V,V,A,V,V,I,V,V,V,V,V,I,I,V,V,V,A,A,A,A,A,A,A,A,A,A,A,A,A,A,A,A,A,0.64934925177878333
126,87,F,M,M,M,M,M,M,M,M,L,L,L,L,L,L,L,L,L,L,L,L,L,L,L,L,L,L,L,L,L,L,L,L,L,L,L,L,L,L,L,L,F,F,F,F,F,F,F,F,F,F,F,F,F,S,F,F,F,0.67048584750488693
127,88,A,G,G,G,G,G,G,G,G,G,G,G,E,E,G,G,G,G,G,G,A,A,A,A,A,A,A,S,G,A,G,G,G,G,G,G,G,G,G,G,G,A,T,A,A,A,A,A,A,A,A,A,A,A,A,A,A,A,0.65000863485993698
128,89,M,M,M,M,M,M,V,M,M,M,M,M,M,M,M,M,M,M,M,M,M,M,M,M,M,M,M,V,M,M,M,M,M,M,M,M,M,M,M,V,M,M,M,M,M,M,M,M,M,M,M,M,M,M,M,M,M,M,0.94709262610328071
129,90,T,M,L,M,M,M,M,V,I,V,V,V,V,V,I,V,V,V,V,I,L,L,L,L,L,L,L,L,A,A,L,L,L,L,L,L,L,L,L,L,L,T,A,T,T,T,T,T,T,T,T,T,T,T,T,T,T,L,0.52547531859864993
130,91,K,E,E,E,E,E,E,E,E,E,G,E,Q,Q,Q,Q,Q,Q,Q,K,Q,Q,Q,Q,Q,Q,Q,Q,Q,Q,L,L,Q,Q,Q,Q,Q,Q,Q,Q,Q,K,K,K,K,K,K,K,K,K,K,K,K,K,K,K,K,S,0.59245034822493181
131,92,L,L,L,L,L,L,L,L,L,L,L,L,L,L,L,L,L,L,M,L,L,L,L,L,M,L,L,S,M,L,P,P,L,L,L,L,L,L,L,L,L,L,L,L,L,L,L,L,L,L,L,L,L,L,L,L,L,L,0.87967764007787952
132,93,G,G,G,G,G,G,G,G,G,G,G,G,G,G,G,G,G,G,G,G,T,T,T,T,T,T,T,G,G,G,G,G,G,G,G,G,G,G,G,G,G,G,G,G,G,G,G,G,G,G,G,G,G,G,G,G,G,G,0.85642968490680449
133,94,A,A,A,A,A,A,A,A,A,A,A,A,A,A,A,A,A,A,A,A,T,T,T,T,T,T,T,A,A,A,A,A,A,A,A,A,A,A,A,A,A,A,A,A,A,A,A,A,A,A,A,A,A,A,A,A,A,T,0.86831030252059926
134,95,C,Q,Q,Q,Q,Q,Q,R,H,R,R,R,K,K,K,K,K,K,K,R,G,G,A,G,A,A,G,A,Y,A,H,H,D,D,D,D,D,D,D,D,D,C,C,C,C,C,C,C,C,C,C,C,C,C,C,C,C,K,0.38037963218837473
135,96,N,G,G,G,G,G,G,G,G,G,G,G,G,G,G,G,G,G,G,G,G,G,G,G,G,G,G,G,G,G,G,G,G,G,G,G,G,G,G,G,G,N,N,N,N,N,N,G,G,N,N,N,N,N,G,G,N,A,0.74672365590212042
136,97,D,S,S,S,S,S,S,S,T,S,V,S,K,K,R,K,K,K,K,A,E,E,E,E,K,K,N,T,A,K,E,D,R,R,R,R,K,R,K,K,K,N,N,D,N,Q,T,D,D,D,D,N,N,D,N,S,N,D,0.43838763758533489
137,98,T,T,T,T,T,T,T,T,T,S,S,S,A,A,A,A,A,A,A,A,T,T,T,T,T,T,T,T,T,T,T,T,T,T,T,T,T,T,T,T,T,T,T,T,T,T,T,T,T,T,T,T,T,T,T,T,T,T,0.81677473410958534
138,99,L,L,L,Q,Q,R,L,L,L,L,L,L,Q,Q,Q,Q,Q,Q,H,L,Q,Q,C,R,R,R,R,L,L,L,R,R,K,K,K,K,K,K,K,K,K,L,L,L,L,L,L,L,L,L,L,L,L,L,L,L,L,H,0.47582057192202248
139,100,Q,K,K,K,K,K,K,K,K,K,E,Q,Q,Q,Q,Q,Q,Q,Q,S,Q,Q,R,Q,R,Q,E,D,K,R,K,R,K,K,K,K,K,K,K,K,K,K,K,K,K,E,E,Q,Q,Q,Q,K,T,K,Q,Q,K,D,0.61568617027311145
140,101,Q,E,E,E,E,E,E,E,E,E,Q,E,Q,Q,Q,Q,Q,Q,Q,Q,Q,Q,Q,Q,Q,Q,Q,Q,L,A,Q,Q,Q,Q,Q,Q,Q,Q,Q,Q,Q,Q,E,Q,Q,Q,Q,Q,Q,Q,Q,Q,Q,Q,Q,Q,Q,E,0.77281611770367331
141,102,L,I,I,I,I,I,I,I,I,I,I,I,I,I,I,I,I,I,I,I,I,I,I,I,I,I,I,I,L,L,V,L,L,L,L,L,L,L,L,L,L,L,L,L,L,L,L,L,L,L,L,L,L,L,L,L,I,I,0.7219901408963163
142,103,M,R,R,R,R,R,R,R,R,R,R,R,R,R,R,R,L,M,R,Q,Q,Q,Q,Q,Q,Q,Q,R,A,N,L,L,A,A,T,T,S,S,T,T,M,M,M,M,M,M,M,M,M,M,M,M,M,M,R,M,M,L,0.42961871898930193
143,104,E,H,H,H,H,H,H,H,H,H,K,Q,Q,Q,Q,K,K,Q,K,Q,A,A,E,E,D,D,A,K,S,S,T,N,M,M,T,T,T,T,T,T,T,E,E,E,E,R,K,E,E,E,E,E,E,E,K,E,N,E,0.43196189754624814
144,105,V,S,S,S,S,S,S,S,S,V,V,A,T,T,T,T,T,T,A,A,A,A,A,A,A,A,A,A,K,A,A,G,V,V,V,V,V,V,V,M,V,V,V,V,V,V,V,V,V,V,V,V,V,V,V,V,V,G,0.53331053469690548
145,106,F,M,M,M,M,M,M,M,L,L,A,V,L,L,L,L,L,L,L,L,M,M,M,M,M,M,M,L,M,M,L,L,M,M,M,M,M,M,M,M,M,F,F,F,F,F,F,F,F,F,F,F,F,F,F,F,F,L,0.6054891517809099
146,107,K,G,G,G,G,G,G,G,G,G,G,G,K,K,K,K,R,R,R,K,G,G,Q,Q,G,G,E,N,G,G,R,K,R,R,R,R,R,R,R,R,R,K,Y,K,K,E,Q,Q,R,K,K,K,K,K,R,R,E,N,0.51357954856229238
147,108,F,Y,Y,Y,Y,Y,Y,Y,F,Y,F,Y,Q,Q,L,F,M,M,L,L,F,F,F,F,F,F,Y,Y,Y,F,Y,Y,Y,Y,Y,Y,Y,Y,Y,Y,Y,F,F,F,F,F,F,F,F,F,F,F,F,F,F,F,F,F,0.70592665022637469
148,109,D,D,D,D,D,E,E,E,D,D,S,S,Q,Q,Q,Q,R,Q,Q,Q,K,K,Q,K,K,N,S,G,S,S,K,K,G,G,G,G,N,N,G,S,K,D,D,D,D,D,D,D,D,D,D,D,D,D,D,D,D,N,0.49757594376282921
149,110,T,S,S,S,S,G,S,G,S,K,H,H,E,E,E,D,G,K,E,G,I,I,I,I,V,I,I,H,L,L,K,K,V,V,V,V,V,V,V,V,I,T,T,T,T,T,T,T,T,T,T,T,T,T,T,T,T,L,0.39676381280715634
150,111,I,L,L,L,L,L,L,L,L,L,L,F,T,T,N,T,T,T,D,N,D,D,D,E,N,S,E,K,Q,L,-,-,-,-,-,-,-,-,-,-,-,I,I,I,I,I,I,I,I,I,I,I,I,I,I,I,I,T,0.28468800275878042
151,112,S,K,K,K,K,K,K,K,K,K,V,R,S,S,S,S,P,S,S,Q,D,D,E,E,E,E,E,E,E,A,-,-,-,-,-,-,-,-,-,-,-,S,S,S,S,K,K,S,S,S,S,S,S,S,S,S,K,E,0.32250764554821515
152,113,E,N,N,N,N,G,S,D,N,N,S,E,A,A,T,T,A,T,I,D,K,K,K,K,K,R,K,W,R,R,N,N,N,N,N,N,N,N,N,N,N,E,E,E,E,E,E,E,E,E,E,E,E,E,E,E,E,I,0.46471150765460761
153,114,K,G,G,G,G,G,G,G,G,G,G,D,G,G,G,G,G,G,G,S,G,G,G,G,G,G,G,A,G,G,G,G,G,G,G,G,G,G,G,G,E,K,R,K,K,K,K,K,K,K,K,K,K,K,K,K,K,P,0.61177793092037902
154,115,T,D,E,E,E,E,E,E,E,E,G,E,E,E,E,E,E,E,E,E,M,M,M,M,T,T,L,V,M,M,P,P,V,V,V,V,V,V,F,V,V,T,A,T,T,T,T,T,T,T,T,T,T,T,T,T,T,E,0.43142402498168536
155,116,S,E,E,E,E,E,E,E,E,E,E,E,E,E,E,E,E,E,E,E,A,A,A,A,A,A,A,A,P,S,Y,Y,G,G,G,G,G,G,G,G,A,S,S,S,S,L,S,S,S,S,S,S,S,S,S,S,S,A,0.46594443477222219
156,117,D,F,F,F,F,F,F,F,F,F,F,F,F,F,F,F,F,F,F,F,P,P,P,P,H,P,P,L,K,R,K,K,K,K,K,K,K,K,K,K,K,D,D,D,D,D,D,D,D,D,D,D,D,D,D,D,D,Q,0.34807254123141063
157,118,Q,S,S,S,S,S,S,S,T,S,S,S,F,F,S,S,S,S,S,S,A,A,A,A,A,A,A,A,L,Q,M,M,I,I,M,V,V,V,V,A,S,Q,Q,Q,Q,Q,Q,Q,Q,Q,Q,Q,Q,Q,Q,Q,Q,I,0.42179697831071294
158,119,I,F,F,F,F,F,F,F,F,L,L,L,V,V,V,E,V,V,A,E,L,L,L,F,L,L,L,L,Q,Q,L,L,L,L,L,L,L,L,L,L,L,V,I,I,I,V,V,V,I,I,I,I,I,I,I,I,V,H,0.51210437666539499
159,120,H,L,L,L,L,L,L,L,L,L,L,L,L,L,L,L,L,L,L,L,R,R,R,H,R,R,R,N,R,R,K,R,K,K,K,K,K,K,K,K,K,H,H,H,H,H,H,H,H,H,H,H,H,H,H,H,H,E,0.45481177709983794
160,121,F,K,K,K,K,R,R,K,K,K,Q,R,K,K,K,K,K,K,K,K,H,H,Q,R,Q,K,K,K,L,L,K,K,K,K,K,K,K,K,K,K,K,F,Y,F,F,F,F,F,F,F,F,F,F,F,S,F,F,G,0.4492759675640996
161,122,F,D,D,E,E,D,D,D,D,D,N,N,S,S,S,S,S,S,S,T,L,L,L,L,L,L,L,L,L,L,L,L,I,I,I,I,I,I,I,I,I,F,F,F,F,F,F,F,F,F,F,F,F,F,F,F,F,F,0.39675130073232162
162,123,F,F,L,F,F,F,F,L,L,L,L,L,F,F,F,F,L,L,L,L,Y,Y,Y,Y,S,S,Y,R,Q,H,H,H,N,N,N,N,N,N,N,N,N,F,F,F,F,F,F,F,F,F,F,F,F,F,F,F,F,Q,0.48430268865781934
163,124,A,S,S,S,S,S,S,S,S,S,T,S,F,F,F,F,F,F,L,L,K,K,K,K,K,K,K,E,R,R,K,K,K,K,K,K,K,K,K,R,R,A,A,A,A,A,A,A,A,A,A,A,A,A,A,A,A,E,0.4057023653661212
164,125,K,N,H,N,N,N,S,D,D,N,A,Q,S,S,S,S,S,S,S,A,E,E,E,E,E,E,E,Q,D,D,T,S,A,A,A,A,A,A,A,L,A,K,K,K,K,K,K,K,K,K,K,K,K,K,K,K,K,L,0.42679129467918492
165,126,L,M,M,M,M,M,M,M,M,M,P,A,A,A,A,A,A,A,A,V,L,L,L,L,L,L,L,I,L,L,L,L,I,I,I,I,I,I,I,I,I,L,L,L,L,L,L,L,L,L,L,L,L,L,L,L,L,L,0.59988321989833238
166,127,N,V,V,V,V,A,V,I,A,L,L,L,I,I,I,I,I,I,M,I,M,M,M,M,M,M,M,S,A,S,T,T,V,V,V,G,V,V,V,V,V,N,N,N,N,N,N,N,N,N,N,N,N,N,N,N,N,R,0.43170881705209269
167,128,C,T,T,T,T,S,S,T,T,T,A,S,S,S,S,S,S,S,P,S,G,G,G,G,G,G,A,G,S,S,A,T,S,S,S,S,S,S,S,S,A,C,C,C,C,C,C,C,C,C,C,C,C,C,C,C,C,T,0.50942822693711054
168,129,R,A,A,A,A,A,A,T,T,A,D,T,E,E,E,E,K,K,P,E,P,P,P,P,P,S,P,Q,-,E,K,K,K,K,K,K,K,K,K,K,K,R,R,R,R,R,R,R,R,R,R,R,R,R,R,R,R,L,0.43763599583176754
169,130,L,K,E,K,K,E,E,E,E,Q,K,D,K,K,K,K,K,K,K,E,W,W,W,W,W,W,W,Q,-,D,A,S,K,K,K,K,K,K,K,K,K,L,L,L,L,L,L,L,L,L,L,L,L,L,L,L,L,N,0.36246158629389791
170,131,Y,E,E,E,E,E,E,E,E,E,E,E,K,K,K,K,K,K,R,N,N,N,N,N,N,N,N,K,-,G,N,N,N,N,N,N,N,N,N,N,N,Y,F,Y,Y,Y,Y,Y,Y,Y,Y,Y,Y,Y,Y,Y,Y,Q,0.42350388780598613
171,132,R,S,S,S,S,N,G,N,S,K,A,E,Q,Q,Q,Q,Q,Q,Q,K,K,K,K,K,K,K,K,S,E,V,Q,A,K,K,K,K,K,K,K,K,K,R,R,R,R,R,R,K,K,R,R,R,R,R,K,K,R,P,0.52461277346267876
172,133,K,Q,Q,Q,Q,Q,Q,H,H,H,H,Q,E,E,E,E,E,E,G,E,D,D,D,D,N,N,D,A,D,E,D,D,D,D,D,D,D,D,D,D,D,K,K,K,K,K,K,K,K,K,K,K,K,K,K,K,K,D,0.52407888526899749
173,134,A,Y,Y,Y,Y,Y,Y,Y,Y,Y,H,Y,F,F,F,F,F,F,F,F,E,E,E,E,E,E,E,E,G,T,S,I,I,I,I,I,I,I,I,I,I,A,A,A,A,K,K,A,A,A,A,A,A,A,A,A,K,S,0.34420869534284282
174,135,N,-,-,-,-,-,-,-,-,-,-,-,-,-,-,-,-,-,-,-,-,-,-,-,-,-,-,D,-,-,-,-,-,-,-,-,-,-,-,-,-,N,N,N,N,D,H,N,N,N,N,N,N,N,N,N,D,Q,0.07648596846745348
175,136,K,-,-,-,-,-,-,-,-,-,-,-,-,-,-,-,-,-,-,-,-,-,-,-,-,-,-,P,-,-,-,-,-,-,-,-,-,-,-,-,-,K,K,K,K,K,E,K,K,K,K,K,K,K,K,K,K,-,0.078140741589436763
176,137,S,-,-,-,-,-,-,-,-,-,-,-,-,-,-,-,-,-,-,-,-,-,-,-,-,-,-,K,-,-,-,-,-,-,-,-,-,-,-,-,-,S,S,S,S,S,T,S,S,S,S,S,S,S,S,S,T,-,0.073370460771053608
177,138,S,-,-,-,-,-,-,-,-,-,-,-,-,-,-,-,-,-,-,-,-,-,-,-,-,-,-,-,-,-,-,-,-,-,-,-,-,-,-,-,-,S,S,S,S,N,T,S,S,S,S,S,S,S,S,S,T,L,0.067565507480253945
178,139,K,V,V,V,V,V,V,V,V,V,V,V,T,T,T,T,T,T,T,T,-,-,-,-,-,-,-,P,-,-,-,-,-,-,-,-,-,-,-,-,-,E,E,D,N,E,E,E,E,K,K,E,E,L,E,E,E,Q,0.18097300616295439
179,140,L,M,M,M,M,M,M,M,L,L,V,V,F,F,F,F,F,F,F,F,I,I,I,I,I,I,F,V,V,-,L,V,V,V,V,V,V,V,V,V,V,L,L,L,L,L,L,L,L,L,L,L,L,V,L,L,L,L,0.56175955881215733
180,141,V,K,K,K,K,K,K,K,N,S,R,R,N,N,N,N,N,N,N,N,S,S,S,S,S,S,S,H,E,-,L,T,T,T,M,T,T,T,T,T,T,V,V,V,V,V,I,I,V,V,V,V,V,V,V,V,I,T,0.38423922030186147
181,142,S,I,I,I,I,L,I,M,M,I,F,L,L,L,L,L,L,L,L,L,T,T,T,T,T,T,T,I,V,-,I,I,V,V,V,V,V,V,V,I,S,S,S,S,S,S,S,S,S,S,S,S,S,A,S,S,S,T,0.44512918124500489
182,143,A,A,A,A,A,A,A,A,A,A,A,A,A,A,A,A,A,A,A,A,T,T,A,A,A,A,A,A,A,A,A,A,A,A,A,A,A,A,A,A,A,A,V,A,A,A,A,A,A,A,A,A,A,A,A,A,A,G,0.91796263973010495
183,144,N,N,N,N,N,N,N,N,N,N,N,N,N,N,N,N,S,S,N,N,D,D,D,D,D,D,N,D,S,S,N,N,N,N,N,N,N,N,N,N,N,N,N,N,N,N,N,N,N,N,N,N,N,N,N,N,N,N,0.81064340209661756
184,145,R,S,S,S,S,S,S,S,S,S,I,S,A,A,A,A,A,A,A,A,A,A,A,A,A,A,A,G,G,A,A,A,A,A,A,A,A,A,A,A,G,R,R,R,R,R,R,R,R,R,R,R,R,R,R,R,R,G,0.52752925227180514
185,146,L,L,L,L,L,L,L,L,L,L,L,L,L,L,L,L,L,L,L,L,I,I,I,I,I,I,I,L,V,V,M,L,V,V,V,V,V,V,M,V,V,L,L,L,L,L,L,L,L,L,L,L,L,L,L,L,L,L,0.73821885890309791
186,147,F,F,F,F,F,F,F,L,Y,Y,F,F,Y,Y,Y,Y,Y,Y,Y,Y,F,F,F,F,F,F,F,F,M,M,F,F,F,F,F,F,F,F,F,F,F,F,F,F,F,F,F,F,F,F,F,F,F,F,F,F,F,F,0.83940137768425893
187,148,G,V,V,V,V,V,V,V,V,L,L,L,L,L,L,L,L,L,L,L,V,V,V,V,V,V,I,V,V,V,T,P,V,V,V,V,L,V,A,A,A,G,G,G,G,G,G,G,G,G,G,G,G,G,G,G,G,L,0.47351018941226758
188,149,D,Q,Q,Q,Q,Q,Q,Q,Q,Q,Q,Q,Q,Q,Q,Q,Q,Q,Q,Q,Q,Q,Q,Q,Q,Q,Q,Q,D,E,K,N,K,K,K,K,R,R,K,K,S,D,E,D,D,D,D,E,E,D,D,D,D,D,E,E,E,S,0.56738785060506092
189,150,K,N,N,N,N,N,N,N,N,N,Q,S,E,E,E,E,E,E,E,E,R,R,R,R,R,R,R,R,R,R,E,E,N,N,N,N,N,N,N,S,S,K,K,K,K,K,K,K,K,K,K,K,K,K,K,K,K,E,0.53059001401795236
190,151,S,G,G,G,G,G,G,G,G,G,G,G,G,G,G,G,G,G,G,G,D,D,D,D,D,D,D,D,K,K,G,G,A,A,D,G,G,G,G,G,V,S,S,S,S,S,S,S,S,S,S,S,S,S,S,T,S,G,0.55931346155896811
191,152,L,F,F,F,F,F,F,F,F,F,V,V,F,F,F,F,F,F,F,F,L,L,L,L,L,L,M,L,I,M,F,F,S,S,S,F,F,F,F,F,F,L,L,L,L,L,T,L,L,L,L,I,I,L,L,L,L,L,0.59427263331067304
192,153,T,H,H,H,H,H,H,H,H,H,T,H,T,T,T,T,I,I,L,Q,K,K,K,E,E,E,E,S,I,S,P,S,E,E,K,K,K,K,K,K,K,T,T,T,T,A,T,V,V,T,T,T,T,T,T,N,A,K,0.40659535855473256
193,154,F,V,I,V,V,V,I,V,V,I,F,F,V,V,V,V,V,V,V,V,L,L,L,L,L,L,L,L,L,L,M,M,I,I,M,M,M,V,M,M,M,F,F,F,F,F,F,F,F,F,F,F,F,F,F,F,F,L,0.55472011954185729
194,155,N,N,S,N,-,N,N,S,S,S,N,N,K,K,K,K,K,K,K,K,V,V,V,V,V,V,V,T,E,E,K,K,E,E,E,E,E,E,E,E,E,N,N,N,N,D,N,N,N,N,N,N,N,S,N,N,N,V,0.45296959198160958
195,156,E,E,E,E,K,E,E,D,E,D,P,E,E,E,E,E,E,E,E,E,Q,Q,H,H,Q,Q,Q,P,K,K,E,E,V,V,V,V,V,V,V,V,S,E,E,E,E,Q,E,E,E,E,E,E,E,E,E,E,E,D,0.56212081481246257
196,157,T,E,E,E,E,E,E,Q,K,K,E,D,Q,Q,Q,Q,T,S,H,Q,G,G,G,G,G,G,G,G,V,G,A,D,P,P,P,P,P,P,P,P,S,T,T,S,S,T,T,T,T,T,T,T,T,T,T,T,I,K,0.40568282469889544
197,158,Y,F,F,F,F,F,F,F,F,F,F,F,Y,Y,Y,Y,Y,Y,Y,Y,F,F,F,F,F,F,F,F,F,Y,F,F,F,F,F,F,F,F,F,F,F,Y,Y,Y,Y,Y,F,Y,Y,Y,Y,Y,Y,Y,Y,Y,Y,F,0.83346951325405116
198,159,Q,L,L,L,L,L,L,L,L,I,L,L,L,L,L,L,L,L,L,L,M,M,M,M,M,M,M,L,R,R,V,L,V,V,V,V,A,A,V,V,V,Q,Q,Q,Q,Q,Q,Q,Q,Q,Q,Q,Q,Q,Q,Q,Q,L,0.46736064709398911
199,160,D,Q,Q,Q,Q,Q,Q,Q,Q,Q,H,Q,H,H,H,H,H,H,H,H,P,P,P,P,P,P,P,Q,R,R,A,S,T,T,T,T,V,A,T,T,Y,D,D,D,D,N,H,N,N,D,D,D,D,G,N,N,N,E,0.41186270550622456
200,161,I,M,M,M,M,M,M,M,L,L,L,L,G,G,S,G,S,S,S,S,H,H,H,N,H,H,Y,R,S,A,T,A,R,R,R,R,R,R,R,R,K,I,I,V,V,I,I,I,I,I,I,I,I,I,I,V,I,D,0.36177732797897816
201,162,S,L,I,M,M,L,M,M,V,M,M,M,N,N,N,N,N,N,N,N,F,F,F,F,F,F,F,F,L,L,N,N,N,N,N,N,N,N,N,N,N,S,S,S,S,S,S,S,S,S,S,S,S,S,S,S,S,V,0.43470908401650427
202,163,E,K,K,K,K,K,K,K,K,K,K,K,K,K,K,K,K,K,K,R,F,F,F,F,F,F,F,Q,S,V,K,R,K,K,K,K,K,K,K,K,K,E,E,E,E,E,E,E,E,E,E,E,E,E,E,E,E,K,0.51437715757157254
203,164,L,K,K,K,K,M,M,K,K,K,K,K,E,E,E,E,E,E,D,D,R,R,R,R,K,K,K,A,K,K,A,E,D,D,D,D,D,E,D,E,D,A,L,V,I,T,T,I,I,L,L,V,V,A,V,L,L,K,0.37843793308048207
204,165,V,Y,Y,Y,Y,Y,Y,Y,Y,Y,Y,Y,F,F,F,F,F,F,F,V,L,L,L,L,L,L,V,T,A,A,N,N,V,V,V,V,V,V,V,V,V,V,V,V,V,V,V,V,V,V,V,V,V,V,V,V,V,L,0.50518141636601954
205,166,Y,F,F,F,F,F,F,F,F,F,F,F,F,F,F,F,F,F,F,F,F,F,F,F,F,F,F,F,F,F,F,F,F,F,F,F,F,F,F,F,F,Y,Y,Y,Y,Y,Y,Y,Y,Y,Y,Y,Y,Y,Y,Y,Y,Y,0.85373097848970037
206,167,G,K,N,N,-,N,N,Q,K,K,K,R,Q,Q,Q,Q,Q,Q,Q,N,R,R,R,R,Q,R,R,H,Q,Q,Q,L,Q,Q,Q,Q,Q,Q,Q,E,H,G,G,G,G,G,G,G,G,G,G,G,G,G,G,G,G,H,0.46993940415870955
207,168,A,A,A,A,A,A,A,A,A,A,A,A,S,S,S,S,S,S,S,S,S,S,T,T,T,T,S,R,S,T,C,C,C,C,C,C,C,C,C,C,S,A,A,A,A,A,A,A,A,A,A,A,A,A,A,A,A,S,0.56360289012794873
208,169,K,E,E,A,E,E,E,E,E,E,H,E,A,A,A,A,A,A,A,A,T,T,T,T,M,T,M,H,V,H,E,E,E,E,E,E,E,E,E,S,D,K,K,K,K,K,K,K,K,K,K,K,K,K,K,K,K,E,0.459780842202625
209,170,L,V,V,V,V,V,V,V,V,V,V,V,I,I,I,I,T,T,V,I,V,V,V,V,V,V,I,L,P,P,S,S,V,V,V,V,V,V,V,V,V,L,L,L,L,L,L,L,L,L,L,L,L,L,L,L,L,A,0.60250058964670128
210,171,Q,N,N,N,N,N,N,D,E,E,E,E,K,K,K,K,K,K,K,K,K,K,K,K,K,K,K,S,H,H,R,H,R,R,R,Q,Q,Q,R,K,R,Q,L,Q,Q,L,M,W,W,Q,Q,Q,Q,Q,W,C,M,F,0.42261729328761416
211,172,P,H,H,H,-,H,H,H,N,N,M,T,L,L,L,L,L,L,L,L,Q,Q,Q,Q,Q,Q,Q,Q,Q,Q,S,S,N,N,N,N,N,S,N,S,S,P,P,P,P,P,P,P,P,P,P,P,P,P,P,P,P,T,0.41013440580343913
212,173,L,V,V,V,V,V,V,V,I,V,V,V,V,V,V,V,V,V,V,V,V,V,V,V,V,V,V,V,I,V,L,V,V,V,A,V,V,V,L,V,V,L,L,L,L,L,L,L,L,L,L,L,L,L,L,L,L,V,0.72750103389434573
213,174,D,D,D,D,D,D,D,D,D,D,D,D,D,D,D,D,D,D,D,D,D,D,D,D,D,D,D,N,D,D,D,D,N,N,N,S,N,N,N,D,D,D,N,D,D,D,D,N,N,D,D,D,D,D,N,N,N,N,0.77971997522807257
214,175,F,F,F,F,S,F,F,F,F,F,F,F,F,F,F,F,F,F,F,F,F,F,F,F,F,F,F,F,F,F,F,Y,F,F,F,F,F,F,F,F,F,F,F,F,F,F,F,F,F,F,F,F,F,F,F,L,F,F,0.94261275557745683
215,176,K,S,S,S,S,S,S,S,S,S,S,S,Q,Q,Q,Q,L,L,Q,Q,S,S,S,S,S,S,T,T,S,T,R,S,E,E,E,E,Q,Q,D,E,Q,K,K,K,K,K,K,K,K,K,K,K,K,K,K,Q,K,G,0.45936946966115411
216,177,E,Q,Q,Q,Q,Q,E,Q,Q,Q,Q,Q,D,D,D,N,D,D,D,D,E,E,E,E,E,E,E,D,Q,R,H,D,D,D,D,D,D,D,N,D,E,E,E,E,E,D,E,E,E,E,E,G,G,A,E,R,E,D,0.58626292735816576
217,178,N,-,-,-,-,-,-,-,-,-,-,-,-,-,-,-,-,-,-,-,-,-,-,-,-,-,-,-,-,-,-,-,-,-,-,-,-,-,-,-,-,N,K,N,N,D,K,K,K,N,N,N,N,H,K,K,K,-,0.050089099995702505
218,179,A,N,N,N,N,N,N,N,S,G,S,S,A,A,A,A,A,A,A,V,V,V,V,V,V,V,G,V,P,P,P,P,P,P,P,P,P,P,K,P,K,A,P,P,P,P,P,P,P,A,A,A,A,A,P,P,P,T,0.47617792679086768
219,180,E,I,V,V,V,V,V,E,A,S,A,T,K,K,K,K,K,K,K,K,E,E,E,E,E,E,E,A,E,E,S,E,A,A,A,A,A,A,I,N,N,E,E,E,E,E,E,E,E,E,E,E,E,E,E,E,E,E,0.5053500925871196
220,181,Q,A,A,A,G,A,A,A,A,T,A,A,A,A,T,A,T,T,S,A,R,R,R,R,R,R,R,Q,M,Q,K,A,S,S,S,S,S,S,S,T,T,Q,L,Q,Q,K,A,L,L,Q,Q,Q,Q,Q,Q,L,L,E,0.40818305870087701
221,182,S,V,V,V,V,V,V,V,V,V,V,V,C,C,S,C,S,S,C,S,A,A,A,A,A,A,A,A,A,A,A,A,A,A,A,A,A,A,A,A,A,S,S,S,S,A,S,S,S,S,S,S,S,S,S,S,S,A,0.55379903282723297
222,183,R,A,A,A,A,A,A,A,A,A,A,A,A,A,A,A,A,A,A,A,R,R,R,R,R,R,R,K,R,V,A,A,C,C,C,C,S,C,S,C,A,R,R,R,R,R,R,R,R,R,R,R,R,R,R,R,R,K,0.52292031248814153
223,184,A,N,N,N,N,N,N,S,T,N,K,E,E,G,E,E,Q,Q,E,E,F,F,F,F,F,F,F,D,Q,G,D,Q,D,D,A,D,E,D,D,D,S,M,E,V,V,V,I,K,K,A,A,L,L,Q,T,T,V,K,0.32815875624534613
224,185,A,L,Y,Y,Y,S,Y,H,H,H,Q,R,M,M,T,T,A,A,A,T,I,I,I,I,I,I,I,I,V,V,D,S,S,S,S,S,S,A,S,S,I,I,I,T,T,T,T,I,T,A,A,T,T,I,L,L,T,Q,0.39846571445774343
225,186,I,I,I,I,I,I,I,I,I,I,I,I,I,I,I,I,I,I,I,I,I,I,V,V,I,I,M,I,I,I,I,I,I,I,I,I,I,I,I,I,I,I,I,I,I,I,I,I,I,I,I,I,I,I,I,I,I,I,0.95735297336363667
226,187,N,N,N,N,N,N,N,N,N,N,N,N,S,S,S,S,S,S,S,S,N,N,N,N,N,N,N,N,N,N,N,N,N,N,N,N,N,N,N,N,N,N,N,N,N,N,N,N,N,N,N,N,N,N,N,Y,N,N,0.82852499615508357
227,188,K,K,K,K,K,K,K,K,K,M,T,S,T,T,T,N,T,T,T,E,D,D,D,D,D,D,D,Q,S,E,E,D,A,A,A,V,F,F,L,Q,Q,K,N,N,N,N,E,E,E,K,K,Q,Q,D,E,N,D,D,0.40318662749787942
228,189,W,W,W,W,W,W,W,W,W,W,W,W,W,W,W,W,W,W,W,W,W,W,W,W,W,W,W,W,W,W,W,W,W,W,W,W,W,W,W,W,W,W,W,W,W,W,W,W,W,W,W,W,W,W,W,W,W,Y,0.97186445548104705
229,190,V,V,V,V,V,V,V,V,V,V,V,V,V,V,V,V,V,V,V,V,V,V,V,V,V,V,V,V,T,V,V,V,V,V,V,V,V,V,V,V,V,V,V,V,V,I,I,V,V,V,V,I,I,V,I,V,I,V,0.89656583782504884
230,191,S,E,E,E,E,E,E,E,E,E,E,L,E,E,E,E,E,E,E,Q,K,K,K,K,E,E,Q,E,S,S,S,K,K,K,R,R,K,K,K,K,K,S,S,A,A,S,A,A,A,S,S,S,S,A,A,A,A,E,0.46870686128767353
231,192,N,N,N,N,N,N,N,N,N,N,N,N,R,R,S,S,S,S,N,R,T,T,R,R,R,R,R,N,D,D,N,N,N,N,N,N,N,N,N,N,N,N,D,N,N,N,N,N,N,N,N,N,N,N,N,N,N,K,0.67474036404392101
232,193,K,N,N,N,N,Y,Y,H,H,H,H,H,K,K,K,K,K,K,K,Q,H,H,H,H,H,H,H,K,H,H,K,S,E,E,E,E,E,E,E,E,Q,K,K,K,K,K,K,K,K,K,K,K,K,K,K,K,K,G,0.54705896983385915
233,194,T,T,T,T,T,T,T,T,T,T,T,T,T,T,T,T,T,T,T,T,T,T,T,T,T,T,T,T,T,T,T,T,T,T,T,T,T,T,T,T,T,T,T,T,T,T,T,T,T,T,T,T,T,T,T,T,T,T,0.99999999999999922
234,195,E,N,N,N,D,N,N,N,N,N,E,E,D,D,D,D,D,D,D,H,K,K,K,K,K,K,K,D,D,A,K,K,R,R,Q,R,R,R,R,R,N,H,E,E,E,E,E,E,E,E,E,E,E,E,E,E,E,Q,0.51723967610904498
235,196,G,N,S,N,N,S,S,S,N,N,S,S,G,G,G,G,G,G,G,G,G,G,G,G,G,G,G,G,G,G,G,G,D,D,G,G,G,G,G,G,G,G,K,G,G,N,N,R,G,G,G,G,G,G,K,K,N,G,0.64403235272572645
236,197,R,L,L,L,L,L,L,Q,M,R,M,K,K,K,K,K,K,K,K,K,M,M,M,M,M,M,M,M,M,A,H,Q,M,M,M,M,M,M,M,M,M,R,R,R,R,L,R,R,R,R,R,R,R,R,R,R,R,K,0.46632805299443247
237,198,I,L,L,V,V,L,L,V,I,I,I,I,I,I,I,I,I,I,I,I,I,I,I,I,I,I,I,I,I,I,I,I,I,I,I,I,I,I,I,I,I,I,I,I,I,I,I,I,I,I,I,I,I,I,I,I,I,I,0.89750414120032795
238,199,T,K,K,K,K,K,K,K,K,R,R,Q,K,K,K,K,K,K,K,S,S,S,G,S,N,S,S,K,S,P,P,P,D,D,D,D,D,D,D,D,E,T,T,K,K,Q,K,T,T,T,T,T,T,T,T,T,Q,V,0.43466855857015646
239,200,D,D,D,D,D,D,D,D,D,D,E,N,D,D,D,D,N,N,S,K,N,N,N,D,D,D,N,D,E,D,S,S,N,N,S,N,N,N,N,Q,G,D,D,D,D,D,D,E,E,D,D,D,D,N,D,D,N,D,0.64464276248162478
240,201,V,L,L,L,L,L,L,L,F,L,L,L,M,M,M,M,M,M,M,M,L,L,L,L,L,L,L,L,F,F,L,V,L,L,L,L,L,L,L,V,L,V,V,V,V,T,T,V,V,V,V,V,V,V,V,V,T,L,0.61876899770024474
241,202,I,V,V,V,V,V,V,V,V,V,M,V,F,F,F,F,F,F,F,F,L,L,L,L,L,L,L,V,L,L,V,V,L,L,L,L,L,L,I,V,I,V,I,I,I,L,L,I,I,I,I,I,I,I,I,I,L,V,0.59683896098862643
242,203,P,S,S,S,S,S,S,S,S,T,S,S,S,S,S,S,S,S,S,S,G,G,G,G,A,A,E,G,P,Q,K,T,S,S,S,S,S,S,S,A,S,P,P,P,P,P,P,P,P,P,P,P,P,P,P,P,P,K,0.54834159432431673
243,204,S,P,P,P,P,P,P,A,S,A,A,A,G,G,G,G,E,E,T,S,K,K,R,E,K,K,E,S,S,S,A,A,P,P,P,P,P,P,P,P,P,P,V,Q,Q,P,E,E,E,S,P,P,P,N,E,E,K,E,0.42694036351199521
244,205,E,R,R,R,R,E,G,R,R,D,E,E,E,E,E,E,E,E,E,G,G,G,G,G,G,G,G,N,G,G,D,D,D,D,D,N,N,N,D,D,E,D,G,G,G,G,G,K,G,E,E,Q,Q,G,G,G,D,L,0.5106581064580048
245,206,A,D,D,D,D,D,D,D,D,D,D,D,E,E,D,E,E,D,D,D,A,A,A,A,A,A,T,N,V,S,M,M,L,L,L,L,L,L,L,D,L,A,V,A,A,V,S,G,G,A,A,A,A,T,G,G,S,D,0.40009831436442767
246,207,I,F,F,F,F,F,F,F,F,F,V,F,F,F,F,F,F,F,F,F,V,V,V,V,V,V,V,I,L,L,L,F,I,I,L,I,I,I,I,I,L,I,I,I,I,L,I,I,I,I,I,I,I,I,I,I,L,R,0.56918439706128321
247,208,N,D,D,D,D,D,D,S,S,T,S,S,G,G,G,G,G,G,G,T,D,D,D,D,D,N,D,P,S,T,D,D,D,D,N,D,D,D,D,D,D,D,T,N,D,D,D,D,D,N,N,D,N,D,D,T,N,D,0.58729145678578876
248,208a,-,-,-,-,-,-,-,-,-,-,-,-,-,-,-,-,-,-,-,-,-,-,-,-,-,-,-,-,-,-,S,T,G,G,G,G,G,S,D,-,S,-,-,-,-,-,-,-,-,-,-,-,-,-,-,-,-,-,0.014366381982056479
249,209,E,A,A,A,A,G,A,A,A,N,G,S,P,P,P,P,P,P,P,P,Q,Q,Q,Q,E,E,Q,P,E,D,A,A,V,V,V,A,A,A,R,S,S,E,P,E,E,S,T,D,D,E,E,E,E,E,D,E,S,-,0.39492621118758559
250,210,L,G,V,A,A,V,V,L,L,L,I,S,L,L,L,L,L,L,L,L,L,L,L,L,L,L,L,L,L,E,L,L,L,L,L,L,L,L,L,L,V,L,D,L,L,N,N,L,L,L,L,F,F,F,L,F,N,-,0.59463759800331573
251,211,T,T,T,T,T,T,T,T,T,T,T,T,T,T,T,T,T,T,T,T,T,T,T,T,T,T,T,T,T,T,T,T,T,T,T,T,T,T,T,T,T,T,T,T,T,T,T,T,T,T,T,T,T,T,T,T,T,T,0.99999999999999922
252,212,V,H,H,Y,Y,N,H,N,H,K,R,M,R,R,R,R,R,R,R,K,R,R,R,R,R,R,K,R,R,R,R,R,R,R,R,R,R,K,R,R,R,V,V,A,A,V,I,V,V,V,V,V,V,V,V,V,V,V,0.47063674998209248
253,213,L,L,L,L,L,L,L,L,L,L,L,I,L,L,L,L,L,L,L,M,L,L,L,L,L,L,M,L,L,L,L,L,L,L,L,L,L,L,L,L,L,L,L,L,L,L,L,L,L,L,L,L,L,L,L,L,L,F,0.92782332383715116
254,214,V,A,A,A,A,A,A,A,V,V,M,M,V,V,V,V,V,V,V,V,V,V,M,V,V,V,V,V,V,V,V,V,V,V,V,V,V,V,V,V,V,V,V,V,V,V,V,V,V,V,V,V,V,V,V,V,V,A,0.8079330347572804
255,215,L,L,L,L,L,L,L,L,L,L,L,L,L,L,L,L,L,L,L,L,L,L,L,L,L,L,L,L,F,L,A,A,L,L,L,L,L,L,V,L,L,L,L,L,L,L,L,L,L,L,L,L,L,L,L,L,L,L,0.91315994777612153
256,216,V,I,I,I,I,I,I,I,I,V,V,V,V,V,V,V,V,V,V,V,V,V,V,V,V,V,V,L,L,L,V,V,V,V,V,V,V,V,V,V,V,V,I,V,V,V,V,V,V,V,V,V,V,V,V,V,V,V,0.84545556866896387
257,217,N,N,N,N,N,N,N,N,N,N,N,N,N,N,N,N,N,N,N,N,N,N,N,N,N,N,N,S,N,N,N,N,N,N,N,N,N,N,N,N,N,N,N,N,N,N,N,N,N,N,N,N,N,N,N,N,N,N,0.97816862440408381
258,218,T,A,A,A,A,A,A,A,A,A,A,A,A,A,A,A,A,A,A,A,A,A,A,A,A,A,A,A,A,A,S,S,A,A,A,A,A,A,A,A,A,T,A,T,T,T,A,T,T,T,T,T,T,T,T,T,T,Y,0.73208654872297285
259,219,I,V,V,V,V,V,V,V,I,M,I,V,I,I,I,I,I,I,I,L,L,L,L,L,L,L,L,V,L,L,I,I,V,V,V,V,V,V,I,V,L,I,I,I,I,I,I,I,I,I,I,I,I,I,I,I,I,I,0.70454311024086558
260,220,Y,Y,Y,Y,Y,Y,Y,Y,Y,Y,Y,Y,Y,Y,Y,Y,Y,Y,Y,Y,Y,Y,Y,Y,Y,Y,Y,H,H,S,Y,F,Y,Y,Y,Y,Y,Y,Y,Y,Y,Y,Y,Y,Y,Y,Y,Y,Y,Y,Y,Y,Y,Y,Y,Y,Y,F,0.9193608400782376
261,221,F,F,F,F,F,F,F,F,F,F,F,F,F,F,F,F,F,F,F,F,F,F,F,F,F,F,F,F,F,F,F,F,F,F,F,F,F,F,F,F,F,F,F,F,F,F,F,F,F,F,F,F,F,F,F,F,F,F,0.99999999999999922
262,222,K,K,K,K,K,K,K,K,K,K,R,R,K,K,K,K,K,K,K,K,N,N,N,N,S,N,K,S,H,Q,K,K,K,K,K,K,K,K,K,K,K,K,K,K,K,K,K,K,K,K,K,K,K,K,K,K,K,K,0.79742516453437906
263,223,G,G,G,G,G,G,G,G,G,G,G,G,G,G,G,G,G,G,G,G,G,G,G,G,G,G,G,G,G,A,G,G,G,G,G,G,G,G,G,G,G,G,G,G,G,G,G,G,G,G,G,G,G,G,G,G,G,G,0.97747798728833879
264,224,L,N,S,N,N,N,N,N,N,N,S,S,D,D,D,D,D,D,N,E,Q,Q,Q,Q,Q,Q,Q,K,V,P,L,L,L,L,L,L,L,L,L,L,L,L,L,L,L,H,Q,H,H,L,L,L,L,L,H,R,Q,K,0.3838685110854636
265,225,W,W,W,W,W,W,W,W,W,W,W,W,W,W,W,W,W,W,W,W,W,W,W,W,W,W,W,W,W,W,W,W,W,W,W,W,W,W,W,W,W,W,W,W,W,W,W,W,W,W,W,W,W,W,W,W,W,W,0.99999999999999922
266,226,K,K,K,K,K,K,K,K,K,K,K,K,K,K,K,K,K,K,K,K,K,K,K,K,K,K,K,T,K,K,K,K,K,K,R,K,K,K,K,K,K,K,K,K,K,K,K,K,K,K,K,K,K,K,K,K,K,E,0.93571070795753386
267,227,S,S,S,S,S,S,S,S,S,S,I,N,Q,Q,Q,Q,Q,Q,K,Q,T,T,T,M,T,T,L,V,T,V,S,S,S,S,S,S,S,S,S,S,S,S,S,S,S,N,N,S,S,S,S,S,S,S,S,S,S,R,0.56477558333905098
268,228,K,Q,Q,Q,Q,Q,Q,Q,Q,Q,Q,Q,K,K,K,K,K,K,K,K,P,P,P,P,P,P,P,P,P,P,R,R,R,R,R,R,R,R,R,R,R,K,K,K,K,K,K,Q,Q,K,K,K,K,K,E,E,K,P,0.53998591668655771
269,229,F,F,F,F,F,F,F,F,F,F,F,F,F,F,F,F,F,F,F,F,F,F,F,F,F,F,F,F,F,F,F,F,F,F,F,F,F,F,F,F,F,F,F,F,F,F,F,F,F,F,F,F,F,F,F,F,F,F,0.99999999999999922
270,230,S,R,R,R,R,R,R,R,R,R,R,R,R,R,R,N,R,R,R,S,P,P,P,P,L,L,P,L,D,D,Q,Q,Q,Q,L,Q,Q,Q,Q,R,Q,S,N,S,S,D,D,P,P,S,S,S,S,S,P,P,D,E,0.4190629192503052
271,231,P,P,P,P,P,P,P,P,P,P,P,P,K,K,K,K,K,K,E,V,D,D,E,E,E,E,T,E,P,P,A,P,P,P,P,P,P,P,P,P,P,P,S,P,P,K,K,A,A,P,P,P,P,P,A,T,K,V,0.50518722940944905
272,232,E,E,E,E,E,E,E,E,E,E,E,E,E,E,E,E,E,E,E,E,S,S,S,S,A,A,K,K,R,K,E,Q,E,E,E,E,E,E,E,E,E,E,E,E,E,D,Q,P,P,E,E,E,E,D,Q,E,K,K,0.64246228649557779
273,233,N,N,N,N,N,N,N,N,N,N,N,N,D,D,D,D,D,D,E,A,S,S,G,N,S,S,G,A,N,R,D,S,N,N,N,N,S,N,N,N,N,N,N,N,N,N,N,N,N,N,N,N,N,S,N,N,N,D,0.65295720515325806
274,234,T,T,T,T,T,T,T,T,T,T,T,T,T,T,T,T,T,T,T,T,T,T,T,T,T,T,T,T,T,T,T,T,T,T,T,T,T,T,T,T,T,T,T,T,T,V,V,T,T,T,T,T,T,T,T,T,V,T,0.92692234650665217
275,235,R,R,R,R,R,R,R,R,R,R,R,R,Q,Q,Q,Q,E,E,H,H,H,H,H,H,H,H,H,H,R,A,K,K,K,K,K,K,K,K,K,K,K,R,K,R,R,Y,M,R,K,R,R,K,R,K,K,K,F,E,0.55672186706209803
276,236,K,T,T,T,T,T,T,T,T,T,T,T,L,L,L,L,M,M,I,S,R,R,H,H,Q,Q,H,Q,E,E,M,P,K,K,K,K,K,K,K,K,K,K,M,K,K,V,K,L,L,K,K,K,K,Q,R,M,K,E,0.40065340608546507
277,237,E,F,F,F,F,F,F,F,F,F,F,F,I,I,T,M,T,T,S,E,R,R,R,R,R,R,R,R,Q,R,R,R,R,R,R,R,R,R,R,R,R,E,E,E,E,S,L,D,D,E,E,E,E,E,D,E,A,E,0.36852796782973901
278,238,L,S,S,S,S,S,S,S,S,S,S,S,N,N,N,N,D,D,D,E,L,L,L,L,L,L,L,P,L,M,P,S,T,T,T,T,T,T,T,P,T,L,Q,P,P,E,D,L,L,L,L,L,L,P,K,K,D,D,0.38082349101757235
279,239,F,F,F,F,F,F,F,F,F,F,F,F,F,F,F,F,F,F,F,F,F,F,F,F,F,F,F,F,F,F,F,F,F,F,F,F,F,F,F,F,F,F,F,F,F,F,F,F,F,F,F,F,F,F,F,F,F,F,0.99999999999999922
280,240,Y,T,T,T,T,T,T,T,T,T,S,T,T,T,T,T,T,S,T,S,H,H,H,H,H,H,H,Y,H,H,T,T,V,V,V,V,V,V,V,Y,H,Y,Y,Y,H,H,H,H,Y,Y,Y,Y,Y,H,Y,F,Y,H,0.45454602169929675
281,241,K,K,K,K,K,K,K,K,K,K,K,R,K,K,K,L,K,K,I,V,K,K,K,K,K,K,K,R,T,C,S,A,A,A,A,T,A,A,G,G,G,K,P,K,K,S,V,K,K,K,K,K,K,K,R,R,V,V,0.51698954827215138
282,242,A,D,D,D,D,D,D,D,D,D,D,D,K,K,K,K,K,K,K,K,S,S,S,S,S,S,S,S,V,A,G,G,A,A,A,A,G,G,A,A,P,A,D,V,V,S,S,A,A,A,A,A,A,A,S,D,S,D,0.44322305187682171
283,243,D,D,D,D,D,D,D,D,D,D,D,D,N,N,D,D,D,D,D,R,D,D,D,D,D,D,D,D,N,N,D,D,D,D,D,D,D,D,D,D,D,G,E,D,D,Q,P,N,N,D,D,D,D,N,D,E,K,Q,0.72518547724935389
284,244,G,E,E,E,E,E,E,E,E,E,G,G,G,G,G,G,G,G,G,G,G,G,G,G,G,G,G,G,G,G,G,G,G,G,G,G,G,G,G,G,G,G,S,G,G,T,T,G,G,G,G,G,G,K,G,P,S,V,0.69562729479314322
285,245,E,S,S,S,S,S,S,S,T,S,S,S,S,S,A,T,S,S,S,L,S,S,S,S,S,S,S,S,S,S,T,N,K,K,K,K,K,K,K,K,K,E,N,Q,Q,R,H,E,E,E,E,E,E,E,Q,N,K,T,0.47767687924623037
286,246,S,E,E,E,E,E,E,E,E,E,E,E,T,T,A,A,T,T,I,T,T,T,T,T,T,T,T,H,A,T,V,T,S,S,S,S,S,S,S,T,D,S,H,S,S,S,K,T,T,S,S,S,S,K,I,L,T,T,0.46110839444956425
287,247,C,V,V,V,V,V,V,A,V,V,V,V,V,V,V,V,V,V,I,V,V,V,V,I,V,I,V,V,V,V,H,Y,Y,Y,Y,Y,Y,Y,F,Y,Y,C,C,C,C,C,C,C,C,C,C,C,C,C,C,C,C,V,0.49014565241346586
288,248,S,Q,Q,Q,Q,Q,Q,Q,Q,Q,Q,Q,K,K,K,K,K,K,K,K,S,S,S,S,S,S,S,Q,S,P,K,K,Q,Q,Q,Q,Q,Q,Q,Q,Q,S,L,P,L,P,P,N,R,S,S,S,S,L,S,M,P,K,0.46632601886863578
289,249,A,I,I,I,I,I,I,I,I,I,T,T,I,I,I,I,V,I,V,V,V,V,V,V,V,V,V,V,V,V,V,V,V,V,V,V,V,V,V,V,V,V,A,V,V,V,V,V,V,A,A,V,V,V,T,V,V,V,0.74631902454687948
290,250,S,P,P,P,P,P,P,P,P,P,Q,L,P,P,P,P,P,P,P,P,P,P,P,P,P,P,P,Q,P,H,P,P,P,P,P,P,P,P,P,P,P,S,A,P,P,N,P,P,P,S,S,P,L,S,P,P,S,P,0.75072282994243233
291,251,M,M,M,M,M,M,M,M,M,M,M,M,M,M,M,M,M,M,M,M,M,M,M,M,M,M,M,M,M,M,M,M,M,M,M,M,M,M,M,M,M,M,T,M,M,M,M,I,V,M,M,M,M,M,M,M,M,M,0.93991525086025751
292,252,M,M,M,M,M,M,M,M,M,M,M,M,M,M,M,M,M,M,M,M,M,M,M,M,M,M,M,M,M,M,M,M,L,L,L,L,L,L,L,L,L,M,M,M,M,M,M,M,M,M,M,M,M,M,M,M,M,M,0.87907386932284415
293,253,Y,Y,Y,Y,Y,Y,Y,Y,Y,Y,Y,Y,K,K,K,K,K,K,K,H,A,A,A,A,A,A,A,A,T,T,S,S,A,A,A,A,A,A,A,S,A,Y,Y,Y,Y,Y,Y,Y,Y,Y,Y,Y,Y,Y,Y,Y,Y,K,0.45312080601922944
294,254,Q,Q,Q,Q,Q,Q,Q,Q,Q,Q,Q,Q,A,A,A,A,A,A,M,L,Q,Q,Q,Q,Q,Q,Q,N,T,L,Q,Q,Q,Q,Q,Q,Q,Q,Q,Q,Q,Q,Q,Q,Q,Q,Q,Q,Q,Q,Q,Q,Q,Q,Q,Q,Q,R,0.72499697474366798
295,255,E,Q,Q,Q,Q,Q,Q,Q,Q,K,Q,Q,L,L,L,L,L,L,Q,Q,T,T,T,T,S,N,T,T,T,T,L,L,L,L,L,L,L,L,L,L,L,E,E,E,E,E,E,E,E,E,E,E,E,E,E,E,E,L,0.41750878322426827
296,256,G,G,G,G,G,G,G,G,G,G,G,G,L,L,L,L,L,L,L,T,N,N,N,N,N,N,N,G,Q,N,S,S,S,S,S,S,S,S,A,S,S,G,G,G,G,A,K,S,S,G,G,G,S,S,N,A,T,G,0.4527597700892303
297,257,K,E,E,E,E,E,E,E,E,E,D,D,R,R,R,R,R,R,R,T,K,K,K,K,K,K,K,K,K,H,V,V,V,V,V,V,V,V,V,I,L,K,I,K,K,R,K,R,K,K,K,K,K,K,K,R,K,M,0.45827377545257836
298,258,F,F,F,F,F,F,F,F,F,F,F,F,T,T,T,T,A,A,T,T,F,F,F,F,F,F,F,Y,F,Y,F,F,F,F,F,F,F,F,F,F,F,F,F,F,F,F,F,F,F,F,F,F,F,F,F,F,F,F,0.77403456663378123
299,259,R,Y,Y,Y,Y,Y,Y,Y,Y,Y,Y,Y,K,K,K,K,Q,K,K,K,N,N,N,N,N,N,N,N,N,H,N,N,R,R,R,R,R,R,R,R,R,R,R,K,K,R,Q,P,R,R,R,R,R,R,R,R,H,N,0.48894194330995583
300,260,Y,Y,Y,Y,Y,Y,Y,Y,Y,Y,Y,Y,Y,Y,Y,Y,Y,Y,L,L,Y,Y,Y,Y,Y,Y,C,C,Y,Y,I,M,C,W,C,C,S,S,C,C,S,Y,Y,Y,Y,Y,Y,Y,H,Y,Y,Y,Y,Y,H,Y,Y,I,0.6657436185877289
301,261,R,G,G,G,G,G,G,G,G,G,G,G,G,G,G,G,G,G,G,G,T,T,T,T,T,T,T,S,G,G,G,G,G,-,G,G,G,G,G,G,G,R,S,R,R,K,A,A,A,R,R,R,R,R,V,I,G,Q,0.53756429635913883
302,262,R,E,E,E,E,E,E,E,E,E,E,E,Y,Y,Y,Y,Y,Y,Y,Y,E,E,E,E,E,E,E,E,E,E,M,Q,S,S,S,S,S,S,S,T,S,R,S,R,R,H,K,F,S,R,R,R,R,R,S,Y,R,H,0.40989422434140088
303,263,V,F,F,F,F,F,F,F,F,F,F,F,F,F,F,F,F,F,F,F,F,F,F,F,F,F,F,F,F,F,V,A,T,T,T,T,T,T,A,T,A,V,F,V,V,F,I,I,I,V,V,V,V,V,I,L,F,C,0.54773057105355116
304,264,A,S,S,S,S,S,S,S,S,T,S,S,S,S,S,S,S,S,F,S,T,T,S,T,T,T,L,T,V,V,T,S,S,S,S,S,R,K,S,S,S,A,K,A,G,P,P,Q,R,A,A,A,A,A,P,P,T,K,0.49700471947588687
305,265,E,D,D,D,D,D,D,D,D,D,D,D,E,E,E,E,Q,E,H,V,T,T,T,T,T,T,T,T,S,T,T,T,A,A,T,T,T,T,T,T,T,E,D,E,E,E,E,E,Q,E,E,E,E,E,S,S,E,K,0.49225842923178842
306,266,G,G,G,G,G,G,G,G,G,G,G,G,-,-,-,-,-,-,-,-,P,P,P,P,P,P,P,P,K,T,P,P,P,P,P,P,P,P,P,P,P,G,D,G,G,D,D,D,D,G,G,G,S,G,D,N,D,L,0.35903339151147928
307,266a,-,S,S,S,S,S,S,S,S,S,S,T,-,-,-,-,-,-,-,-,-,-,-,-,-,-,-,-,-,-,-,-,-,-,-,-,-,-,-,-,-,-,-,-,-,-,-,-,-,-,-,-,-,-,-,-,-,S,0.035171627591578061
308,266b,-,N,N,N,N,N,N,N,N,N,Q,T,-,-,-,-,-,-,-,-,-,-,-,-,-,-,-,-,-,-,-,-,-,-,-,-,-,-,-,-,-,-,-,-,-,-,-,-,-,-,-,-,-,-,-,-,-,-,0.024069236140470504
309,266c,-,E,E,E,E,E,E,E,E,E,E,E,-,-,-,-,-,-,-,-,-,-,-,-,-,-,-,-,-,-,-,-,-,-,-,-,-,-,-,-,-,-,-,-,-,-,-,-,-,-,-,-,-,-,-,-,-,-,0.03126861248557971
310,266d,-,A,A,A,A,A,A,A,A,A,A,A,S,S,P,S,S,S,S,K,D,D,S,D,D,D,S,D,D,E,Q,D,N,N,S,N,N,N,N,N,N,-,-,-,-,-,-,-,-,-,-,-,-,-,-,-,-,-,0.22072015021023522
311,266e,-,G,G,G,G,G,G,G,G,G,G,G,S,S,S,S,S,S,H,N,G,G,G,G,G,G,G,G,G,G,G,G,D,D,G,D,G,G,D,E,G,-,-,-,-,-,-,-,-,-,-,-,-,-,-,-,-,-,0.31313585340049827
312,266f,-,G,G,G,G,G,G,G,G,G,G,G,L,V,M,I,M,M,M,A,H,H,H,R,L,H,H,D,V,I,L,Q,L,L,L,L,L,L,L,L,L,-,-,-,-,-,-,-,-,-,-,-,-,-,-,-,-,-,0.17121050885920658
313,266g,-,I,I,I,I,I,I,I,I,V,M,V,N,N,N,N,T,T,N,S,Y,Y,Y,Y,E,E,Y,F,D,D,K,K,W,W,W,W,W,W,W,W,W,-,-,-,-,-,-,-,-,-,-,-,-,-,-,-,-,-,0.13588147318926194
314,266h,-,Y,Y,Y,Y,Y,Y,Y,Y,Y,Y,Y,Y,Y,Y,Y,C,Y,Y,Y,Y,Y,Y,Y,Y,Y,Y,Y,Y,Y,Y,Y,Y,Y,Y,Y,Y,Y,Y,Y,Y,-,G,-,-,Q,K,K,K,-,-,-,-,-,H,K,K,S,0.51574694168176449
315,267,T,Q,Q,Q,Q,Q,Q,Q,Q,Q,Q,Q,Q,Q,Q,Q,Q,Q,Q,K,D,D,D,D,D,D,D,D,D,D,K,I,N,N,N,N,N,N,N,N,N,T,V,T,T,V,V,V,V,T,T,T,T,T,V,V,V,W,0.40451577486822099
316,268,Q,V,V,V,V,V,V,V,V,V,V,V,V,V,V,V,V,V,V,V,I,I,I,I,V,I,I,V,V,V,V,V,F,F,F,F,F,F,F,I,V,Q,Q,Q,Q,Q,K,Q,Q,Q,Q,Q,Q,Q,Q,Q,Q,V,0.48444096588795982
317,269,V,L,L,L,L,L,L,L,L,L,L,L,L,L,L,L,L,L,V,L,L,L,L,L,V,L,V,I,I,I,I,I,I,I,I,I,I,I,I,I,I,V,V,V,V,L,I,V,V,V,V,V,V,V,V,V,V,L,0.66856065605964243
318,270,L,E,E,E,E,E,E,E,E,E,E,E,E,E,E,E,E,E,E,E,E,E,E,E,E,E,E,E,E,E,E,E,E,E,E,E,E,E,E,E,E,L,L,L,L,L,L,L,L,L,L,L,L,L,V,L,L,L,0.58768518948150572
319,271,E,I,I,I,I,I,I,I,I,L,M,M,L,L,L,L,L,L,L,L,L,L,L,L,L,L,L,L,M,V,L,L,L,L,L,L,L,L,L,L,L,E,E,E,E,E,E,E,E,E,E,E,E,E,E,E,E,M,0.48976320950587643
320,272,L,P,P,P,P,P,P,P,P,P,P,L,S,S,P,P,P,P,P,P,P,P,P,P,P,P,P,P,P,P,P,P,P,P,P,P,P,P,P,P,P,L,L,L,M,M,L,L,L,L,L,L,L,L,L,L,L,K,0.63784084396827889
321,273,P,Y,Y,Y,Y,Y,Y,Y,Y,Y,Y,Y,Y,Y,Y,Y,Y,Y,Y,Y,Y,Y,Y,Y,Y,Y,Y,Y,Y,Y,Y,Y,Y,Y,Y,Y,Y,Y,Y,Y,Y,P,P,P,P,P,P,P,P,P,P,P,P,P,P,P,P,Y,0.63379178945661963
322,274,F,E,E,E,E,E,E,E,E,E,E,E,K,K,K,K,K,K,E,K,H,H,H,H,Q,H,H,E,E,E,H,H,H,H,H,H,H,H,H,H,H,F,Y,F,F,Y,Y,Y,Y,F,F,F,F,F,Y,Y,Y,L,0.44055020612710144
323,275,K,G,G,G,G,G,G,G,G,G,G,G,G,G,G,G,A,A,G,G,G,G,G,G,R,G,G,G,G,G,G,G,G,G,G,G,G,G,G,G,G,K,K,K,K,R,N,K,K,K,K,K,K,K,K,K,R,G,0.64120146003249945
324,276,G,D,D,D,D,D,D,D,D,D,E,E,D,D,D,D,D,D,D,D,D,D,D,N,D,E,D,E,E,D,N,N,E,E,E,E,E,E,E,E,G,G,G,G,G,G,G,G,G,G,G,G,G,G,G,G,G,N,0.61277010412207322
325,277,D,E,A,E,E,E,E,E,E,E,D,D,E,E,G,E,E,E,E,K,T,T,T,T,T,T,T,E,S,S,T,S,S,S,S,S,S,S,S,M,S,D,D,D,D,D,G,D,D,D,D,D,D,V,D,D,D,A,0.48429449948407516
326,278,D,I,I,I,I,I,I,I,I,I,L,M,F,F,F,F,F,F,F,F,L,L,L,L,L,L,L,L,I,L,V,M,I,I,I,I,I,I,I,I,L,D,D,D,D,D,D,D,D,D,D,D,D,D,D,D,D,T,0.41253493040918143
327,279,I,S,S,S,S,S,S,S,S,S,S,S,S,S,S,S,S,S,S,S,S,S,S,S,S,S,S,S,S,S,S,S,S,S,S,S,S,S,S,S,S,I,I,I,I,I,I,I,I,I,I,I,I,I,I,I,I,A,0.67351413252147063
328,280,T,M,M,M,M,M,M,M,M,L,M,M,L,L,L,L,L,L,L,L,M,M,M,M,M,M,M,M,M,M,M,M,M,M,M,M,M,M,M,M,M,T,T,T,T,T,T,T,T,T,T,T,T,T,T,T,T,I,0.61976571240226064
329,281,M,M,M,M,M,M,M,M,M,I,M,M,I,I,I,I,V,V,I,L,F,F,F,L,F,F,F,L,L,L,L,F,L,L,L,L,L,L,L,L,L,M,M,M,M,M,M,M,M,M,M,M,M,M,M,M,M,F,0.62649076974562912
330,282,V,L,L,L,L,L,L,L,I,I,I,I,I,I,I,I,I,I,L,L,I,I,I,I,I,I,I,I,L,L,I,I,I,I,I,I,I,I,I,I,V,V,V,V,V,V,V,V,V,V,V,V,V,V,V,V,V,F,0.68975126935822451
331,283,L,V,V,V,V,A,V,V,V,V,V,V,I,I,I,I,I,L,L,T,A,A,A,A,A,A,A,A,V,V,A,A,A,A,A,A,A,A,A,A,A,L,L,L,L,I,L,L,L,L,L,L,L,L,L,L,L,L,0.54566470944007262
332,284,I,L,L,L,L,L,L,L,L,L,L,L,L,L,L,L,L,L,L,L,A,A,A,A,A,A,A,A,T,S,L,L,L,L,L,L,L,L,L,L,L,I,V,I,I,I,I,V,V,I,I,I,I,I,I,I,I,P,0.58721968604359265
333,285,L,S,S,S,S,S,S,S,S,S,P,P,P,P,P,P,P,P,P,P,P,P,P,P,P,P,P,P,P,P,P,P,P,P,P,P,P,P,P,P,P,L,L,L,L,L,L,L,L,L,L,L,L,L,L,L,L,D,0.58289538967041798
334,286,P,R,R,R,R,R,R,R,R,R,R,R,A,A,A,A,T,T,A,A,Y,Y,Y,Y,F,F,Y,Y,F,I,S,T,T,T,T,T,T,T,T,T,T,P,P,P,P,P,P,P,P,P,P,P,P,P,P,P,P,E,0.40246730563802025
335,287,K,Q,Q,Q,Q,Q,Q,Q,Q,Q,Q,Q,E,E,E,E,E,E,K,E,E,E,E,E,E,E,E,E,E,E,E,E,E,E,E,E,E,E,E,E,E,K,S,K,K,S,I,K,D,K,K,K,K,G,T,S,L,G,0.55043070290387575
336,288,P,-,-,-,-,-,-,-,-,-,-,-,-,-,-,-,-,-,-,-,K,K,K,K,K,K,K,K,K,R,E,D,S,S,S,S,S,S,S,N,E,P,P,P,P,Q,E,A,A,P,P,L,L,P,M,K,K,-,0.16911250602430403
337,289,E,E,E,E,E,E,E,E,E,E,E,E,G,G,D,H,D,D,D,D,E,E,E,E,D,D,E,N,D,E,N,S,S,S,S,S,S,S,S,T,S,E,E,E,E,G,G,G,E,E,E,E,E,G,G,D,D,-,0.54653051046297374
338,290,K,V,V,V,V,V,V,V,V,V,V,V,M,M,V,T,T,V,V,V,V,V,V,V,V,V,M,V,V,V,T,T,T,T,V,T,T,T,T,T,T,K,T,K,K,T,A,T,T,K,K,K,K,K,T,T,T,-,0.49897333789078607
339,291,S,P,P,P,P,P,P,P,P,P,P,P,D,D,N,N,S,N,A,E,P,P,P,P,H,P,P,P,P,P,P,P,P,P,P,P,P,P,P,P,P,S,P,S,S,A,T,P,P,S,S,P,T,N,S,V,P,K,0.59811462886657951
340,292,L,L,L,L,L,L,L,L,L,L,L,L,I,I,I,I,I,I,L,I,L,L,L,L,L,L,L,L,L,L,L,L,L,L,L,L,L,L,L,L,L,L,L,L,L,L,L,L,L,L,L,L,L,L,L,L,L,L,0.88324293574471446
341,293,A,A,A,A,A,A,A,V,V,A,S,A,E,E,E,E,E,E,E,G,S,S,S,S,S,S,S,S,S,S,S,S,S,S,S,S,S,S,S,S,S,A,M,A,A,S,S,V,V,A,A,A,A,D,K,A,S,Q,0.51301653466619423
342,294,K,T,T,T,T,T,T,T,T,T,S,S,E,E,E,E,E,E,E,E,A,A,A,A,A,A,A,A,A,A,H,S,A,A,A,A,A,A,A,A,A,K,K,K,K,Q,E,E,E,K,K,K,K,K,E,E,E,H,0.46264951882438171
343,295,V,L,L,L,L,L,L,L,L,L,L,L,V,V,M,M,V,V,L,L,L,L,L,L,L,I,L,I,L,L,I,I,I,I,I,I,I,I,I,I,I,V,V,V,V,V,V,V,V,V,V,V,V,M,V,V,V,L,0.65371226923426229
344,296,E,E,E,E,E,E,E,E,E,E,E,E,E,E,E,E,E,E,E,E,T,T,T,T,T,T,T,T,N,I,I,L,I,I,V,V,I,I,I,I,I,E,E,E,E,E,V,E,E,E,E,E,E,E,E,E,E,E,0.55720534411824107
345,297,K,P,P,P,P,P,P,P,P,P,P,P,K,K,K,K,N,K,R,K,N,N,N,S,N,N,N,N,K,G,P,P,P,P,P,P,P,P,P,P,P,Q,Q,Q,Q,E,A,R,R,K,K,R,Q,Q,Q,R,E,N,0.45607039040678193
346,298,E,L,L,L,L,L,L,L,L,L,I,I,L,L,R,L,Q,Q,N,I,I,I,I,I,I,I,I,I,E,D,T,H,H,H,H,H,H,H,H,H,H,E,N,E,E,V,N,D,D,E,E,E,E,E,D,D,N,E,0.36371009031768314
347,299,L,V,V,V,V,L,L,V,V,L,I,I,I,I,I,I,V,V,I,V,L,L,L,L,L,L,L,L,L,L,I,I,I,I,I,I,I,I,I,I,I,L,L,L,L,L,M,L,L,L,L,L,L,L,L,L,L,L,0.68378968037086618
348,300,T,K,K,K,K,K,K,K,K,K,K,K,T,T,T,T,T,T,S,T,S,S,D,D,D,D,D,T,S,S,S,S,S,S,S,S,T,S,S,S,S,T,T,T,T,D,N,T,T,T,T,T,T,T,T,M,D,T,0.49831120606299634
349,301,P,A,T,A,A,A,P,P,A,A,A,A,A,A,A,A,A,A,M,A,A,A,A,A,A,A,A,P,S,S,T,T,T,T,T,T,T,T,T,T,T,P,L,P,P,L,L,S,S,P,P,P,P,P,L,S,L,H,0.51476557033168291
350,302,E,Q,Q,Q,Q,Q,Q,Q,S,P,P,P,Q,Q,H,P,P,R,E,T,Q,Q,Q,E,E,E,Q,E,S,Q,A,N,K,K,K,K,K,K,K,K,K,E,E,E,E,K,K,D,E,E,E,D,D,E,E,E,K,D,0.48547147355172965
351,303,V,L,L,L,L,L,L,L,L,L,L,L,Q,Q,Q,Q,H,H,Q,M,L,L,L,L,L,L,L,L,R,R,S,T,T,T,T,T,T,T,T,T,T,V,K,L,L,K,K,K,K,V,V,M,M,L,Q,Q,K,I,0.4191538500720477
352,304,L,I,I,V,I,I,I,I,I,I,L,L,I,I,I,I,V,V,I,I,I,I,I,I,I,I,I,I,I,I,V,I,I,I,I,I,I,I,I,I,L,L,L,L,L,L,L,L,L,L,L,L,L,L,L,L,L,I,0.72167510313107319
353,305,Q,E,E,E,E,E,E,E,N,E,E,E,L,L,L,L,R,Q,Q,K,S,S,S,S,R,R,S,A,H,R,Q,Q,D,D,D,D,D,N,Q,G,Q,Q,G,Q,Q,S,V,Q,Q,Q,Q,Q,Q,Q,Q,E,T,T,0.4249740108811792
354,306,E,E,E,E,E,E,E,E,E,E,E,E,K,K,K,Q,R,K,S,T,H,H,Q,Q,Q,Q,Q,Q,Q,Q,N,S,S,S,S,S,S,S,S,S,S,E,N,E,E,A,G,D,G,E,E,E,E,E,S,R,G,K,0.46792711873715842
355,307,W,W,W,W,W,W,W,W,W,W,W,W,W,W,W,W,W,W,W,W,W,W,W,W,W,W,W,W,W,W,W,W,W,W,W,W,W,W,W,W,W,W,W,W,W,W,W,W,W,W,W,W,W,W,W,W,W,F,0.96908042858711718
356,308,L,A,A,A,A,A,A,A,A,A,A,A,L,L,F,F,F,F,F,F,K,K,K,K,K,K,K,K,R,R,T,T,M,M,V,M,M,M,M,M,M,L,L,L,L,L,L,I,I,L,L,L,L,L,L,L,L,L,0.41355028661153498
357,309,D,N,N,N,N,N,N,N,N,N,N,N,S,S,S,S,S,S,T,A,G,G,G,G,G,S,G,A,Q,Q,K,K,S,S,S,S,N,N,T,T,T,D,Q,D,D,D,H,D,D,D,D,D,D,D,G,S,H,E,0.45376578743050777
358,310,E,S,S,S,S,S,S,S,S,S,N,N,E,E,E,E,E,E,K,D,N,N,N,N,N,N,N,Q,E,E,L,L,I,I,T,A,T,T,N,T,-,E,K,E,E,Q,A,S,S,E,E,E,E,E,S,S,N,N,0.43169518122285189
359,311,L,V,V,V,V,V,V,V,V,V,V,V,M,M,M,M,L,L,M,M,M,M,M,M,M,M,M,M,M,L,M,M,M,M,M,M,M,M,M,M,M,M,S,L,L,M,M,M,L,L,L,L,L,L,M,M,M,E,0.67212921892037003
360,312,E,K,K,K,K,K,K,K,K,K,K,K,Q,Q,Q,Q,H,H,Q,K,T,T,T,T,T,T,T,K,R,R,H,N,V,V,V,V,V,V,V,V,T,T,R,S,S,K,K,M,T,E,E,T,T,V,K,Q,R,D,0.40955703279411204
361,313,E,K,K,K,K,K,K,K,K,K,L,R,E,E,E,E,E,E,E,E,R,R,R,R,R,R,K,K,K,R,M,P,P,P,P,P,P,P,P,A,P,E,E,E,E,E,E,E,E,E,E,E,E,E,E,E,E,R,0.49733655467291077
362,314,M,Q,Q,Q,Q,Q,Q,Q,Q,Q,Q,Q,E,E,E,Q,E,E,E,E,L,L,Q,L,L,L,A,V,I,V,M,R,K,K,K,K,K,K,K,K,K,T,L,T,V,T,T,V,V,M,M,T,T,T,I,V,T,R,0.37671437308452338
363,315,M,K,K,K,K,K,K,K,K,K,K,K,E,E,E,E,E,E,H,V,P,P,L,T,P,P,P,T,S,K,K,R,R,R,R,R,R,R,R,R,R,L,Q,M,M,T,T,S,S,M,M,L,L,L,S,M,S,S,0.37577158759046636
364,316,L,V,V,V,V,V,V,V,V,V,V,V,V,V,V,V,V,V,V,V,R,R,R,R,R,R,R,R,K,R,I,M,V,V,V,V,M,M,V,V,V,L,L,L,L,V,V,L,L,L,L,L,L,L,L,L,V,A,0.54225402569149006
365,317,V,E,E,E,E,E,E,E,E,E,E,E,E,E,E,E,E,E,E,E,L,L,L,L,L,L,L,L,Q,Q,R,R,Q,Q,Q,Q,Q,Q,Q,Q,Q,V,S,V,V,S,A,T,V,V,V,V,V,V,S,S,S,S,0.40212740546741338
366,318,V,V,V,V,V,V,V,V,V,V,V,V,I,I,V,I,V,V,I,I,L,L,L,L,L,L,L,L,L,L,L,L,V,V,V,V,L,L,L,V,L,V,V,V,V,V,V,V,V,V,V,V,V,V,I,V,V,L,0.72100166407653632
367,319,H,Y,Y,Y,Y,Y,Y,Y,Y,Y,Y,Y,S,S,S,S,S,S,S,S,V,V,V,V,I,I,I,V,S,S,L,L,I,I,I,I,V,V,I,I,I,H,Y,H,H,H,Q,S,Y,H,H,H,H,H,Y,Y,H,H,0.41783381881533715
368,320,M,L,L,L,L,L,L,L,L,L,L,L,L,L,L,L,L,L,L,L,L,L,L,L,L,L,L,L,I,M,I,M,L,L,L,L,L,L,L,L,L,M,L,M,V,V,I,F,L,M,M,M,M,I,L,L,L,L,0.77403591434513197
369,321,P,P,P,P,P,P,P,P,P,P,P,P,P,P,P,P,P,P,P,P,P,P,P,P,P,P,P,P,P,P,P,P,P,P,P,P,P,P,P,P,P,P,P,P,P,P,P,P,P,P,P,P,P,P,P,P,P,P,0.99999999999999922
370,322,R,R,R,R,R,R,R,R,R,R,R,R,R,R,R,R,R,R,R,R,K,K,K,K,K,K,K,K,R,R,K,K,K,K,K,K,K,K,K,K,K,C,R,R,R,R,R,R,R,R,R,H,R,R,R,R,R,K,0.77791166367154407
371,323,F,F,F,F,F,F,F,F,F,F,F,F,F,F,F,F,F,F,F,F,F,F,F,F,F,F,F,F,F,F,F,F,F,F,F,F,F,F,F,F,F,F,F,F,F,F,F,F,F,F,F,F,F,F,F,F,F,L,0.9775168737202371
372,324,R,T,T,T,T,T,T,T,T,K,K,K,K,K,K,K,K,K,Q,K,S,S,S,S,S,S,S,S,S,T,T,T,T,T,T,T,T,T,T,T,S,R,R,R,R,R,R,R,R,R,R,R,R,R,R,C,R,S,0.49049869398904838
373,325,I,V,V,V,V,V,V,I,V,V,M,V,V,V,V,V,I,I,I,V,L,L,L,L,L,L,L,L,M,L,A,V,A,A,A,A,A,A,A,A,V,M,V,T,I,V,V,V,I,I,I,I,I,I,I,I,I,I,0.58429004002067864
374,326,E,E,E,E,E,E,E,E,E,E,E,E,E,E,E,E,E,E,E,E,E,E,E,E,E,E,E,L,D,N,D,E,V,V,V,V,V,L,V,V,E,E,E,E,E,E,E,E,E,E,E,E,E,E,E,E,E,T,0.71202250094988773
375,327,D,Q,Q,Q,Q,Q,Q,Q,Q,E,Q,Q,Q,Q,Q,Q,Q,Q,Q,H,T,T,T,T,T,T,S,S,T,S,A,Q,A,A,A,A,A,A,A,A,A,D,D,D,D,D,D,D,D,D,D,D,D,D,D,D,D,G,0.46243339119298549
376,328,G,E,E,E,E,E,E,E,E,V,K,K,K,K,K,K,K,K,K,K,E,E,E,E,E,E,E,E,E,E,E,E,Q,Q,Q,Q,Q,Q,N,E,E,S,S,G,S,S,S,S,S,G,G,S,S,S,N,S,S,T,0.48670701015589896
377,329,F,I,I,I,I,I,I,I,I,V,I,I,V,V,L,L,L,L,L,I,V,V,V,I,V,V,A,V,I,V,V,L,T,T,T,T,T,T,L,T,A,F,F,F,F,F,F,F,F,F,F,F,F,F,F,F,F,Y,0.49409381698607141
378,330,S,D,D,D,D,D,D,D,D,N,D,D,D,D,D,D,D,D,D,D,D,D,N,D,D,D,D,D,D,N,D,D,D,D,D,D,D,D,D,D,D,S,S,S,S,S,S,S,S,S,S,S,S,S,S,S,S,D,0.68300106073573452
379,331,L,L,L,L,L,L,L,L,L,L,L,L,F,F,F,F,L,F,F,L,L,L,L,L,L,L,L,L,L,F,L,L,L,L,L,L,L,L,L,L,L,V,V,L,L,L,L,V,V,L,L,V,V,L,T,L,L,L,0.76569910591194201
380,332,K,K,K,K,K,K,K,K,K,K,R,R,K,K,K,K,K,K,K,K,R,R,R,R,R,R,K,K,K,K,K,E,K,K,K,K,K,K,K,K,K,K,K,K,K,K,K,K,K,K,K,K,K,K,K,K,K,K,0.88352834084850052
381,333,E,E,D,D,D,D,D,D,D,D,K,E,D,D,E,E,E,E,E,K,K,K,R,R,G,G,R,K,S,S,G,T,E,E,E,E,E,E,A,D,E,E,E,E,E,E,E,E,E,E,E,E,E,E,K,E,E,S,0.59321779676352415
382,334,Q,V,V,V,V,I,I,V,V,V,T,S,V,V,A,A,A,A,A,S,P,P,P,P,P,P,P,P,T,A,S,P,P,P,P,P,P,P,S,P,P,R,K,Q,Q,K,Q,K,K,Q,Q,Q,Q,H,K,N,K,V,0.401130197408198
383,335,L,L,L,L,L,L,L,L,L,L,L,L,L,L,L,L,L,L,F,F,L,L,L,L,L,L,L,L,L,L,L,L,L,L,L,L,L,L,L,L,L,L,L,L,L,L,L,L,L,L,L,L,L,L,L,L,L,L,0.96230590019054008
384,336,Q,K,K,K,K,K,K,K,K,M,Q,Q,Y,Y,Y,Y,Y,F,K,L,E,E,E,E,E,E,E,E,S,L,S,K,K,K,K,K,K,K,K,K,R,Q,Q,Q,Q,Q,T,R,R,Q,Q,Q,Q,Q,R,Q,Q,G,0.44897534574279974
385,337,D,A,A,A,A,A,A,G,G,Q,E,Q,S,S,S,S,S,S,A,N,N,N,N,N,K,K,N,R,R,N,A,A,V,V,V,A,A,A,A,A,N,D,Q,D,D,L,K,K,K,D,D,D,D,K,D,R,A,Q,0.40670484589089911
386,338,M,L,L,L,L,L,L,L,L,L,L,L,L,L,L,L,L,L,M,L,L,L,L,L,L,L,L,L,M,M,L,L,L,L,L,L,L,L,L,L,L,M,M,M,M,L,M,M,M,M,M,M,M,M,M,M,M,L,0.78972601720389435
387,339,G,G,G,G,G,G,G,G,G,G,G,G,N,N,N,N,N,N,N,N,G,G,G,G,G,G,G,G,G,G,G,G,G,G,G,G,G,G,G,G,G,G,G,G,G,G,G,G,G,G,G,G,G,G,G,G,G,G,0.83600740230042081
388,340,L,I,V,I,I,V,V,I,I,I,I,I,I,I,M,I,V,V,I,I,M,M,M,M,M,M,M,I,L,L,L,I,I,I,I,I,I,I,I,I,I,L,L,L,L,L,L,L,L,L,L,L,L,L,L,L,L,I,0.66173203234081168
389,341,V,T,T,T,T,T,T,S,T,T,K,R,T,T,T,T,T,T,T,T,T,T,T,T,P,T,K,T,G,G,T,K,T,T,T,T,T,T,T,T,T,V,V,I,V,T,E,E,E,V,V,E,E,V,V,V,E,T,0.55825378219532973
390,342,D,E,E,E,E,E,E,E,E,K,S,S,E,E,E,E,E,E,E,D,D,D,D,D,D,D,D,D,D,D,D,D,D,D,D,E,E,E,D,D,E,D,D,D,D,D,D,D,D,D,D,D,D,S,D,D,D,K,0.7298707435286732
391,343,L,V,V,I,I,I,I,I,V,I,V,I,I,I,I,I,I,I,I,I,M,M,M,M,M,I,M,M,I,V,M,I,M,M,M,M,M,M,M,M,M,L,L,L,L,L,L,L,L,L,L,L,L,L,L,I,L,V,0.64174083423713479
392,344,F,F,F,F,F,F,F,F,F,F,F,F,F,F,F,F,F,F,F,F,F,F,F,F,F,F,F,F,F,F,F,F,F,F,F,F,F,F,F,F,F,F,F,F,F,F,F,F,F,F,F,F,F,F,F,F,F,F,0.99999999999999922
393,345,S,I,I,I,I,I,I,N,S,S,S,S,S,S,S,S,S,S,I,N,R,R,R,R,S,S,R,T,S,N,S,D,D,D,D,D,E,E,E,D,D,N,D,S,S,D,S,S,S,S,S,S,S,T,S,S,S,S,0.496925100947612
394,346,P,K,K,K,K,K,K,R,R,G,T,K,G,G,G,G,G,G,G,E,Q,Q,P,P,A,S,P,Q,Q,L,S,Q,S,S,P,P,P,P,P,E,V,P,P,P,P,P,P,P,P,P,P,P,P,P,P,P,P,N,0.45178002218907365
395,347,E,N,N,D,D,D,D,N,S,E,E,D,G,G,G,G,G,G,G,G,F,F,N,S,T,T,G,E,S,A,E,N,S,S,S,S,S,S,S,S,S,E,N,E,E,N,A,E,E,E,E,E,E,E,E,E,K,G,0.457220531520242
396,348,K,-,-,-,-,-,-,-,-,-,-,-,-,-,-,-,-,-,-,-,Q,R,L,Q,L,Q,Q,T,R,T,R,K,K,K,K,K,K,K,K,K,K,K,S,K,K,K,N,N,N,K,K,K,K,K,S,N,D,-,0.22829907588243417
397,349,S,A,A,A,A,A,A,A,A,A,A,A,C,C,C,C,C,C,C,C,A,A,A,A,A,A,A,A,A,A,A,A,A,A,A,A,A,A,A,S,A,S,A,S,S,A,A,A,A,S,S,S,S,S,A,A,A,A,0.68815304997477766
398,350,K,N,N,N,N,N,N,D,D,D,D,D,D,D,D,D,D,D,D,D,D,D,D,D,D,D,D,D,D,D,D,D,N,N,N,N,N,N,N,N,N,R,K,Q,Q,S,S,K,R,K,K,R,R,K,K,R,S,D,0.55878141045532992
399,351,L,L,L,L,L,L,L,F,L,L,L,L,L,L,L,L,L,L,L,L,F,F,F,F,F,F,F,F,F,F,F,F,F,F,F,F,F,F,F,F,F,L,L,L,L,L,L,L,L,L,L,L,L,L,L,L,L,L,0.74506272540711738
400,352,P,T,T,T,T,T,T,S,T,S,S,S,S,S,S,S,S,S,S,S,T,T,S,S,T,T,S,S,S,T,R,R,A,A,A,A,T,A,A,A,A,P,P,P,P,P,P,P,P,P,P,P,P,P,P,P,P,S,0.53969321215215527
401,353,G,A,A,G,G,A,A,A,A,A,S,A,G,G,G,G,G,G,G,G,S,S,S,S,S,S,R,R,R,R,H,H,K,K,K,K,K,K,K,K,K,G,G,G,G,G,G,G,G,G,G,G,G,G,G,G,-,G,0.50225810771826618
402,353a,-,L,L,L,L,M,M,L,M,V,M,M,I,I,I,I,I,I,I,I,L,L,L,F,L,L,L,L,I,I,L,L,I,I,I,I,I,I,I,I,I,E,-,-,-,-,-,-,-,-,-,-,-,-,-,-,-,V,0.32934691772250646
403,353b,-,S,S,S,S,S,S,S,S,S,I,T,T,T,T,T,T,T,T,T,S,S,S,S,S,S,S,S,T,T,S,S,T,T,T,T,T,T,T,T,T,P,-,-,-,-,-,-,-,-,-,-,-,-,-,-,-,T,0.3451578143261122
404,353c,-,D,D,D,D,D,D,D,D,D,A,A,D,D,D,D,D,D,E,E,D,D,N,D,D,D,D,S,T,T,A,S,T,R,R,R,R,R,R,R,R,R,-,-,-,-,-,-,-,-,-,-,-,-,-,-,-,E,0.27210809893528004
405,353d,-,-,-,-,-,-,-,-,-,-,-,Q,-,-,-,-,-,-,-,-,-,-,-,-,-,-,-,-,-,-,-,-,G,-,-,-,-,-,-,-,-,K,-,-,-,-,-,-,-,-,-,-,-,-,-,-,-,-,0.00063091846511872073
406,353e,-,-,-,-,-,-,-,-,-,-,-,-,-,-,-,-,-,-,-,-,-,-,-,-,-,-,-,-,-,-,-,-,-,-,-,-,-,-,-,-,-,D,-,-,-,-,-,-,-,-,-,-,-,-,-,-,-,-,0.0
407,353f,-,-,-,-,-,-,-,-,-,-,-,-,-,-,-,-,-,-,-,-,-,-,-,-,-,-,-,-,-,-,-,-,-,-,-,-,-,-,-,-,-,V,-,-,-,M,M,-,-,-,-,-,-,-,-,-,G,-,0.0017409605240225751
408,354,I,-,-,-,-,-,-,-,-,-,-,-,-,-,-,-,-,-,-,-,-,-,-,-,-,-,-,-,-,-,-,-,-,-,-,-,-,-,-,-,-,L,I,I,I,L,V,I,I,I,I,I,I,I,I,I,I,-,0.068278556767681534
409,355,V,-,-,-,-,-,-,-,-,-,-,-,-,-,-,-,-,-,-,-,-,-,-,-,-,-,-,-,-,-,-,-,-,-,-,-,-,-,-,-,-,L,V,V,I,E,A,V,I,V,V,V,V,T,A,I,L,-,0.043798543332720132
410,356,A,-,-,-,-,-,-,-,-,-,-,M,-,-,-,-,-,-,-,-,-,-,-,-,-,-,-,-,-,-,-,-,-,-,-,-,-,-,-,-,-,Q,A,A,A,D,D,A,A,A,A,A,A,A,A,T,E,-,0.054367674569005271
411,357,E,-,-,-,-,-,-,-,-,-,-,T,-,-,-,-,-,-,-,-,-,-,-,-,-,-,-,-,-,-,-,-,-,-,-,-,-,-,-,-,-,K,G,G,E,G,A,G,E,E,E,E,E,D,E,E,D,-,0.050931137654915165
412,358,G,-,-,-,-,-,-,-,-,-,-,D,-,-,-,-,-,-,-,-,-,-,-,-,-,-,-,-,-,-,-,-,-,-,-,-,-,-,-,-,-,A,G,G,G,-,E,D,G,G,G,G,G,G,G,D,E,-,0.052821111107327345
413,359,R,N,N,N,N,K,K,K,N,S,G,G,S,S,S,S,S,S,S,S,Q,Q,Q,Q,Q,Q,K,E,E,E,-,-,S,S,S,S,S,S,S,T,S,G,R,R,R,V,G,R,R,R,R,R,R,R,R,R,A,E,0.4131173840211535
414,360,D,K,K,K,K,K,K,K,K,K,K,Q,S,S,A,S,S,S,S,P,E,E,E,E,E,E,E,K,E,E,E,E,E,E,E,E,E,E,E,E,E,N,T,D,D,E,P,T,T,D,D,N,S,E,T,K,N,A,0.48089915871274785
415,361,D,E,E,E,E,E,E,E,E,D,D,D,E,E,E,E,E,E,D,N,P,P,V,F,Q,Q,M,P,P,R,P,S,N,N,N,N,S,S,S,G,S,D,D,D,D,G,N,D,D,D,D,D,D,D,D,D,Y,P,0.45751575909491388
416,362,L,I,I,I,I,L,L,I,L,L,L,L,V,V,V,V,V,L,L,L,L,L,L,L,L,L,L,L,L,L,L,I,L,L,L,L,L,L,L,L,L,L,L,L,L,L,L,L,L,L,L,L,L,L,L,L,L,L,0.827837624102717
417,363,Y,F,F,F,F,F,F,F,Y,F,Y,F,Y,Y,F,Y,Y,Y,Y,Y,H,H,Y,Y,S,S,Y,Y,C,C,Y,Y,H,H,H,H,H,H,H,H,H,F,Y,Y,F,H,F,Y,Y,Y,Y,Y,Y,F,Y,Y,Y,K,0.65519505260731592
418,364,V,L,L,L,L,L,L,L,L,V,I,I,V,V,V,V,V,V,V,I,V,V,V,V,V,V,V,V,V,V,V,V,V,V,V,V,V,V,V,V,V,V,V,V,V,I,I,V,V,V,V,V,V,V,V,V,I,L,0.79309885464711383
419,365,S,S,S,S,S,S,S,A,A,A,G,G,S,S,S,S,S,S,S,S,A,A,S,S,A,A,S,S,S,S,S,S,S,S,S,S,S,S,S,S,S,S,S,S,S,S,S,S,S,S,S,S,S,S,S,S,S,S,0.83607460960099445
420,366,D,K,K,K,K,K,K,R,K,K,K,K,Q,Q,Q,R,R,R,K,K,Q,Q,R,Q,Q,Q,Q,E,K,K,T,K,H,H,H,H,H,H,H,H,H,D,D,D,D,D,D,E,D,D,D,D,D,D,D,D,D,K,0.51350701787819675
421,367,A,A,A,A,A,A,A,A,A,A,A,A,V,V,V,V,V,A,I,V,A,A,A,A,A,A,A,A,V,I,A,A,I,I,I,I,I,I,I,V,L,A,A,A,A,A,A,A,A,A,A,A,A,A,A,A,A,A,0.69829667642671622
422,368,F,I,I,I,I,V,V,V,F,V,V,V,T,T,M,M,M,M,T,F,L,L,L,L,L,L,L,F,L,M,L,L,L,L,L,L,L,L,L,L,L,F,F,F,F,Y,Y,F,F,F,F,F,F,F,F,F,F,V,0.53887981556749942
423,369,H,H,H,H,H,H,H,H,H,H,Q,Q,Q,Q,Q,Q,Q,Q,Q,Q,Q,Q,Q,Q,Q,Q,Q,Q,Q,Q,Q,Q,Q,Q,Q,Q,Q,Q,Q,Q,Q,H,H,H,H,H,H,H,H,H,H,H,H,H,H,H,H,H,0.76357499693552189
424,370,K,K,K,K,K,K,K,K,K,K,K,K,K,K,H,Q,K,K,K,K,K,K,K,K,K,K,K,K,R,K,K,K,K,K,K,K,K,K,K,K,K,K,K,K,K,K,K,K,K,K,K,K,K,K,K,K,K,K,0.94656372000655875
425,371,A,S,C,S,S,S,S,S,A,S,A,A,V,V,I,V,V,V,I,V,V,V,V,V,V,V,V,I,V,I,A,A,A,A,A,A,A,A,A,T,A,A,A,A,A,A,A,A,A,A,A,A,A,A,A,A,A,A,0.60006817995727779
426,372,F,F,F,F,F,C,F,F,F,F,Y,Y,F,F,F,F,F,F,F,F,K,K,K,K,R,K,K,K,K,K,K,K,K,K,K,K,K,K,K,K,K,F,F,F,F,F,F,F,F,F,F,F,F,F,F,F,F,V,0.48930685556516912
427,373,L,I,I,L,L,I,I,I,L,L,L,L,F,F,F,F,F,F,L,L,I,I,I,I,I,I,I,V,L,I,I,I,I,I,I,I,I,I,I,I,I,L,L,L,L,L,L,L,L,L,L,L,L,L,L,L,L,L,0.66339401821362998
428,374,E,E,E,E,E,E,E,E,E,E,E,E,E,E,E,E,E,E,V,E,E,E,E,E,E,E,E,E,E,E,E,E,E,E,E,E,E,E,E,E,E,E,E,E,E,E,E,E,E,E,E,E,E,E,E,E,E,T,0.94116014081820587
429,375,V,V,V,V,V,V,V,V,V,V,V,V,I,I,I,I,I,I,V,I,V,V,V,V,V,V,V,V,V,V,V,V,V,V,V,V,V,V,V,V,V,V,V,V,V,V,V,V,V,V,V,V,V,V,V,V,V,I,0.89973271459243764
430,376,N,N,N,N,N,N,N,N,N,N,T,T,N,N,N,N,N,N,N,N,N,N,N,N,N,N,N,T,N,N,N,N,S,S,S,S,S,S,S,S,N,N,N,N,N,N,N,N,N,N,N,N,N,N,N,N,N,D,0.78746834559461365
431,377,E,E,E,E,E,E,E,E,E,E,E,E,E,E,E,E,E,E,E,E,E,E,E,E,E,E,E,E,E,E,E,E,E,E,E,E,E,E,E,E,E,E,E,E,E,E,E,E,E,E,E,E,E,E,E,E,E,E,0.99999999999999922
432,378,E,E,E,E,E,E,E,E,E,E,E,E,D,D,D,E,D,D,D,E,S,S,S,S,S,S,S,K,E,H,D,D,D,D,D,D,D,D,D,D,D,E,E,E,E,E,E,E,E,E,E,E,E,E,E,E,E,K,0.65848112092148692
433,379,G,G,G,G,G,G,G,G,G,G,G,G,G,G,G,G,G,G,G,G,G,G,G,G,G,G,G,G,G,G,G,G,G,G,G,G,G,G,G,G,G,G,G,G,G,G,G,G,G,G,G,G,G,G,G,G,G,G,0.99999999999999922
434,380,S,S,S,S,S,S,S,S,S,S,L,A,S,S,S,S,S,S,S,S,T,T,T,T,T,T,T,T,T,T,T,T,T,T,T,T,T,T,T,T,T,S,S,S,S,S,S,S,S,S,S,S,S,S,S,S,S,T,0.68111065730282838
435,381,E,E,E,E,E,E,E,E,E,E,E,E,E,E,E,E,E,E,E,E,V,V,V,L,V,V,V,R,K,K,K,K,K,K,K,K,K,K,K,K,K,E,E,E,E,E,E,E,E,E,E,E,E,E,E,E,E,E,0.62627929250953762
436,382,A,A,A,A,A,A,A,A,A,A,G,G,A,A,A,V,A,A,A,A,A,A,A,A,A,A,A,A,G,A,A,A,A,A,A,A,A,A,A,A,A,A,A,A,A,A,A,A,A,A,A,A,A,A,A,A,A,A,0.91745425804441327
437,383,A,A,A,A,A,A,A,A,A,A,A,A,A,A,A,A,A,A,A,A,S,S,S,S,S,S,S,S,S,A,S,S,S,S,S,S,S,A,S,S,S,A,A,A,A,A,S,S,S,A,A,A,A,A,A,A,A,A,0.71208632779726966
438,384,A,A,A,A,A,A,V,A,A,A,V,A,T,T,T,T,A,A,A,A,S,S,S,S,S,S,S,A,S,A,A,A,A,A,A,A,A,V,A,A,G,A,A,A,A,A,A,A,A,A,A,A,A,A,A,A,A,G,0.71133936822014077
439,385,S,T,A,V,V,A,A,A,A,S,G,G,S,S,A,S,S,S,S,S,S,S,S,S,S,S,T,A,A,A,A,T,A,A,A,A,A,V,A,A,A,S,S,S,S,A,A,A,A,S,S,S,S,S,S,S,A,A,0.6169149058088681
440,386,T,S,S,S,S,S,S,S,S,S,S,S,T,T,T,T,T,T,T,T,T,T,T,T,T,T,T,T,T,T,T,T,T,T,T,T,T,T,T,T,T,T,T,T,T,T,T,T,T,T,T,T,T,T,T,T,T,M,0.79282884701351686
441,387,A,G,G,G,G,G,G,G,G,G,G,G,G,G,G,G,G,G,G,G,A,A,A,A,A,A,A,A,A,A,T,S,T,T,T,T,T,T,T,T,T,V,A,S,S,A,A,A,A,A,A,V,V,G,V,A,A,F,0.53021741999342498
442,388,V,M,M,M,M,M,M,M,M,M,L,M,I,I,M,I,I,I,G,M,V,V,I,L,F,I,I,A,A,A,A,V,A,A,A,A,A,A,A,A,A,I,V,V,V,A,V,V,V,V,V,I,I,V,V,V,V,L,0.53250042221367844
443,389,V,I,I,I,I,I,I,I,I,I,V,I,H,H,H,N,N,N,Q,Q,I,I,I,V,V,L,V,I,V,V,I,I,I,I,I,I,I,I,I,I,V,G,I,V,V,V,V,V,V,V,V,S,S,L,M,M,M,E,0.53137231368945959
444,390,I,A,A,A,A,A,A,A,A,A,A,A,I,I,I,T,I,I,V,V,V,V,V,V,I,V,V,L,I,M,L,L,L,L,L,L,L,L,L,L,L,I,L,I,I,A,A,I,I,I,I,I,I,L,I,I,A,A,0.54789856428835881
445,391,A,I,I,I,I,I,I,I,I,N,L,L,P,P,P,P,P,P,P,S,S,S,S,S,S,S,S,L,Y,F,I,H,I,I,I,I,I,I,I,I,I,A,T,T,T,T,T,S,S,A,A,A,A,A,S,T,V,I,0.43807884248069745
446,392,G,S,S,S,S,S,S,S,S,S,T,T,V,V,A,V,A,A,V,-,A,A,A,A,A,A,A,A,S,S,A,A,A,A,A,A,A,A,A,A,A,G,G,G,G,G,G,G,G,G,G,G,G,G,G,G,G,P,0.52501113200005356
447,393,R,R,R,R,R,R,R,R,R,R,R,R,I,I,I,I,I,I,I,A,R,R,R,R,R,R,R,R,R,R,R,R,R,R,R,R,R,R,R,R,R,R,R,R,R,R,R,R,R,R,R,R,R,R,R,R,R,M,0.76128297738382633
448,394,S,M,M,M,M,M,M,M,M,M,T,T,M,M,M,M,M,M,M,M,M,M,M,M,M,M,M,M,M,M,S,S,S,S,S,S,S,S,S,S,S,S,S,S,S,S,S,S,S,S,S,S,S,S,S,S,S,S,0.60949928684707577
449,395,L,A,A,A,A,A,A,A,A,A,L,L,S,S,S,S,S,S,S,S,A,A,A,A,A,A,A,A,A,A,S,S,S,S,S,S,S,S,S,S,S,L,L,L,L,I,L,F,F,L,L,L,L,L,F,L,I,I,0.48282719966458754
450,396,N,V,V,V,V,V,V,V,V,V,V,V,L,L,L,L,L,L,L,M,P,P,P,P,P,P,P,P,V,V,P,P,P,P,P,P,P,P,P,P,P,N,N,N,N,N,N,P,P,N,N,N,N,N,P,S,N,P,0.46477345329187042
451,397,P,L,L,L,L,L,L,L,L,L,L,L,A,A,A,S,T,T,A,S,-,-,-,-,-,-,-,-,-,-,-,-,-,-,-,-,-,-,-,-,-,P,L,P,P,L,I,M,M,P,P,L,S,P,M,M,S,-,0.17806466815404026
452,398,N,Y,Y,Y,Y,Y,F,Y,Y,Y,Y,Y,Q,Q,H,R,Q,Q,A,S,-,-,-,-,-,-,-,-,-,-,-,-,-,-,-,-,-,-,-,-,-,N,N,N,S,N,F,N,N,N,N,N,D,N,N,N,N,-,0.17394870937161977
453,399,R,-,-,-,-,-,-,-,-,-,-,-,-,-,-,-,-,-,-,-,-,-,-,-,-,-,-,-,-,-,-,-,-,-,-,-,-,-,-,-,-,R,R,R,R,R,R,R,R,R,R,R,R,R,K,K,R,-,0.07465527233777805
454,400,V,P,P,P,P,P,P,P,P,P,P,P,S,S,N,N,T,T,N,H,E,E,E,E,T,T,Q,L,E,E,P,P,P,P,P,P,P,P,P,P,R,V,I,V,V,E,E,I,M,V,V,V,V,V,M,V,E,P,0.41359924045714486
455,401,T,Q,Q,Q,Q,Q,Q,Q,Q,Q,Q,Q,Q,Q,Q,Q,Q,Q,Q,R,E,E,E,E,E,E,E,E,E,E,W,W,W,W,W,W,W,W,W,W,W,T,T,T,T,I,Q,I,S,T,T,T,T,I,I,V,M,E,0.37274588706037193
456,402,F,V,V,V,V,V,V,V,V,V,V,V,F,F,F,F,F,F,F,F,I,I,I,I,M,M,I,V,I,I,V,V,F,F,F,F,F,F,F,F,F,F,F,F,F,F,F,F,F,F,F,F,F,F,F,F,F,V,0.63042311403585383
457,403,K,I,I,I,I,I,I,I,I,I,M,M,I,I,I,I,L,L,V,A,I,I,I,I,V,V,I,I,T,A,A,T,I,I,I,I,I,I,I,I,T,K,R,K,K,Q,V,E,N,K,K,Q,K,K,N,N,V,K,0.46882393256677313
458,404,A,V,V,V,V,V,V,V,V,V,A,A,A,A,A,A,A,A,A,A,M,M,M,M,I,L,V,M,L,L,V,V,V,V,V,V,V,V,V,V,V,A,A,A,A,A,A,A,A,A,A,A,A,A,A,A,A,F,0.59127169860667916
459,405,N,D,D,D,D,D,D,D,D,D,D,D,N,N,N,N,N,N,N,N,D,D,D,D,D,D,D,D,D,D,D,D,D,D,D,D,D,D,D,D,D,N,N,N,N,N,D,N,N,N,N,N,N,N,N,N,N,N,0.73311699360362315
460,406,R,H,H,H,H,H,H,H,H,H,H,H,H,H,H,H,H,H,R,R,R,R,R,R,R,R,R,H,R,R,R,R,R,R,R,R,R,R,R,R,R,R,R,R,R,R,R,R,R,R,R,R,R,R,R,K,K,K,0.73654151011439251
461,407,P,P,P,P,P,P,P,P,P,P,P,P,P,P,P,P,P,P,P,P,P,P,P,P,S,S,P,P,P,P,P,P,P,P,P,P,P,P,P,P,P,P,P,P,P,P,P,P,P,P,P,P,P,P,P,P,P,P,0.9592153955896251
462,408,F,F,F,F,F,F,F,F,F,F,F,F,F,F,F,F,F,F,F,F,F,F,F,F,F,F,F,F,F,F,F,F,F,F,F,F,F,F,F,F,F,F,F,F,F,F,F,F,F,F,F,F,F,F,F,F,F,F,0.99999999999999922
463,409,L,F,F,F,F,L,L,F,F,F,F,F,L,L,L,L,L,L,L,L,L,L,L,L,L,L,L,L,F,L,L,L,L,L,L,L,L,L,L,V,L,L,L,L,L,L,L,L,L,L,L,L,L,L,L,L,L,V,0.81290552729187582
464,410,V,F,F,F,F,Y,F,F,F,F,F,F,F,F,F,F,F,F,F,F,F,F,F,F,F,F,F,F,F,F,F,F,F,F,F,F,F,F,F,F,F,V,V,V,V,L,L,L,L,V,V,V,V,V,L,V,L,F,0.70798471523535489
465,411,F,L,L,L,L,L,L,L,L,V,V,I,I,I,I,I,I,I,I,F,V,V,V,V,V,V,V,M,L,L,L,L,F,F,F,F,S,C,F,F,F,L,F,L,L,L,F,F,F,F,F,L,L,L,L,L,L,L,0.5747021420266023
466,412,I,I,I,I,I,I,I,I,V,I,I,I,M,M,V,M,L,M,L,I,V,V,V,V,V,V,V,V,I,I,I,I,I,I,I,I,I,I,I,I,I,I,I,I,I,I,I,I,I,I,I,I,I,I,I,I,I,M,0.78746499390671088
467,413,R,R,R,R,R,R,K,R,R,R,R,R,K,K,K,K,K,K,K,R,R,R,R,R,R,R,R,R,Q,Q,R,R,R,R,R,R,R,R,R,R,R,R,R,R,R,R,R,R,R,R,R,R,R,L,R,R,R,I,0.80623845220393264
468,414,E,N,N,N,N,N,N,N,N,N,D,N,H,H,N,N,H,H,N,H,H,H,H,H,H,H,H,H,H,H,H,H,H,H,H,H,H,H,H,H,H,E,E,E,E,E,E,E,E,E,E,E,E,E,E,E,E,E,0.58460085401882245
469,415,V,R,R,R,R,R,R,R,R,R,R,R,N,N,N,N,I,I,N,I,N,N,N,N,N,N,N,N,K,K,N,N,N,N,N,N,N,N,N,N,N,V,V,V,V,A,S,A,A,V,V,V,V,V,V,V,S,Q,0.4512179130719236
470,416,P,R,R,R,R,K,K,R,R,K,R,K,P,P,P,P,R,Q,P,Q,P,P,P,P,P,P,P,P,P,P,P,S,P,P,P,P,P,P,P,P,P,A,A,A,A,S,S,T,A,P,P,A,A,T,A,A,T,N,0.50978809570396011
471,417,L,T,T,T,T,S,T,T,T,T,T,T,T,T,T,T,T,T,T,S,T,T,T,T,T,T,T,T,T,T,T,S,T,T,T,T,T,T,T,T,T,L,I,L,L,I,I,L,L,L,L,L,L,L,I,I,I,T,0.64508545531964046
472,418,N,G,G,G,G,G,G,G,G,G,G,G,E,E,E,D,E,E,E,G,G,G,G,G,E,E,E,G,G,G,G,G,G,G,G,G,G,G,G,G,G,N,N,N,N,N,N,N,N,N,N,N,N,N,N,N,N,K,0.59518284982003622
473,419,T,T,T,T,T,I,T,T,T,S,S,S,S,S,S,S,S,S,S,M,T,T,T,T,T,T,T,T,A,T,T,T,A,A,A,A,A,A,A,T,A,T,S,T,T,T,A,T,T,T,T,T,T,T,A,S,T,S,0.63416248859221924
474,420,I,V,I,I,I,I,I,I,V,V,I,I,I,I,I,I,I,I,I,I,V,V,V,V,I,I,I,L,L,L,I,I,V,V,V,V,I,I,V,I,V,I,V,I,I,L,L,I,I,I,I,I,I,I,I,I,M,P,0.74013931530863364
475,421,I,L,L,L,L,L,L,L,L,L,L,L,L,L,L,L,L,L,L,L,L,L,L,L,L,L,L,L,L,L,L,L,L,L,L,L,L,L,L,L,L,I,L,I,I,L,I,I,I,I,I,I,I,I,I,I,V,L,0.78968768177585957
476,422,F,F,F,F,F,F,F,F,F,F,F,F,F,F,F,L,F,F,F,F,F,F,F,F,F,F,F,F,F,F,F,F,F,F,F,F,F,F,F,F,F,F,F,F,F,F,F,F,F,F,F,F,F,F,F,F,F,F,0.98129204035389606
477,423,M,M,M,M,M,M,M,I,M,M,M,M,M,M,M,M,M,M,M,M,M,M,M,M,M,M,M,V,S,M,M,A,M,M,M,M,L,L,M,M,T,M,M,M,M,I,T,M,M,M,M,M,M,M,M,M,T,M,0.80780969890706866
478,424,G,G,G,G,G,G,G,G,G,G,G,G,G,G,G,G,G,G,G,G,G,G,G,G,G,G,G,G,G,G,G,G,G,G,G,G,G,G,G,G,G,G,G,G,G,A,G,G,G,G,G,G,G,G,G,G,G,G,0.97726715015920007
479,425,R,R,R,R,R,R,R,R,R,R,R,R,R,R,R,R,K,K,R,K,Q,Q,Q,Q,Q,Q,Q,Q,Q,Q,Q,Q,Q,Q,Q,Q,Q,Q,Q,Q,Q,R,R,R,R,R,R,R,R,R,R,R,R,R,R,R,R,K,0.71558139325865455
480,426,V,V,V,V,V,V,V,V,V,V,V,V,V,V,V,V,V,V,V,V,V,V,V,V,V,L,V,V,L,F,I,I,I,I,I,I,V,V,I,I,I,V,V,V,V,V,V,I,I,V,V,V,V,V,I,V,V,V,0.8142658264082353
481,427,A,M,M,M,M,M,M,M,M,M,M,M,T,T,T,T,T,T,T,M,M,M,M,M,M,M,M,M,T,N,N,N,N,N,N,Y,N,N,N,N,N,A,A,A,S,A,A,S,A,A,A,A,A,A,S,S,A,V,0.45701757814890553
482,428,N,H,H,H,H,N,H,H,H,H,T,N,N,N,N,N,D,D,N,N,E,E,E,E,E,E,E,E,Q,H,Q,K,K,K,K,K,K,K,K,K,K,N,N,N,N,E,N,D,D,N,N,N,N,N,N,D,D,N,0.52576131959204087
483,429,P,P,P,P,P,P,P,P,P,P,P,P,P,P,P,P,P,P,P,P,P,P,P,P,P,P,P,P,P,P,P,P,P,P,P,P,P,P,P,P,P,P,P,P,P,P,P,P,P,P,P,P,P,P,P,P,P,P,0.99999999999999922
484,430,C,E,E,E,E,E,E,E,E,E,D,E,D,D,D,D,D,D,E,D,-,-,-,-,-,-,-,-,Q,Q,-,-,-,-,-,-,-,-,-,-,-,C,C,C,C,C,C,C,C,C,C,C,C,C,C,C,C,T,0.20269188874970434
485,431,V,T,T,T,T,T,T,A,A,T,V,L,T,T,T,T,I,I,A,F,-,-,-,-,-,-,-,-,E,Q,-,-,-,-,-,-,-,-,-,-,-,D,T,V,V,D,R,S,S,V,V,V,V,V,P,L,D,Q,0.18308220230421618
486,432,K,M,M,M,M,M,M,M,M,L,I,I,Q,Q,Q,Q,Q,H,P,Y,-,-,-,-,-,-,-,-,Y,Q,-,-,-,-,-,-,-,-,-,-,-,N,E,N,N,R,S,-,-,K,K,N,D,N,-,-,P,K,0.12533067463870767
487,432a,-,N,N,N,N,N,N,N,N,H,D,D,E,E,K,R,T,T,K,D,-,-,-,-,-,-,-,-,-,-,-,-,-,-,-,-,-,-,-,-,-,-,-,-,-,-,S,-,-,-,-,-,-,-,-,-,-,-,0.055917220210593373
488,432b,-,T,A,T,T,T,T,T,T,T,A,P,I,I,M,M,T,V,M,A,-,-,-,-,-,-,-,-,-,-,-,-,-,-,-,-,-,-,-,-,-,-,-,-,-,-,-,-,-,-,-,-,-,-,-,-,-,-,0.054160578720170126
489,432c,-,S,S,S,S,S,S,S,S,I,T,F,K,K,K,K,K,K,R,L,-,-,-,-,-,-,-,-,-,-,-,-,-,-,-,-,-,-,-,-,-,-,-,-,-,-,-,-,-,-,-,-,-,-,-,-,-,-,0.044528923978530206
490,432d,-,G,G,G,G,G,G,G,G,G,G,D,G,G,G,G,G,G,G,G,-,-,-,-,-,-,-,-,-,-,-,-,-,-,-,-,-,-,-,-,-,-,-,-,-,-,-,-,-,-,-,-,-,-,-,-,-,-,0.09486175499683723
491,432e,-,H,H,H,H,H,H,H,H,H,P,N,R,R,R,R,R,R,R,R,-,-,-,-,-,-,-,-,-,-,-,-,-,-,-,-,-,-,-,-,-,-,-,-,-,-,-,-,-,-,-,-,-,-,-,-,-,-,0.064532863145377733
492,432f,-,D,D,D,D,D,D,D,D,D,D,N,D,D,D,D,D,D,D,D,-,-,-,-,-,-,-,-,-,-,-,-,-,-,-,-,-,-,-,-,-,-,-,-,-,-,-,-,-,-,-,-,-,-,-,-,-,-,0.095596276378765541
493,432g,-,F,F,F,F,F,F,F,F,F,F,F,L,L,L,L,L,L,M,V,-,-,-,-,-,-,-,-,-,-,-,-,-,-,-,-,-,-,-,-,-,-,-,-,-,-,-,-,-,-,-,-,-,-,-,-,-,-,0.067417280396083301
494,432h,-,E,E,E,E,E,E,E,E,E,D,D,D,D,D,D,D,D,D,E,-,-,-,-,-,-,-,-,-,-,-,-,-,-,-,-,-,-,-,-,-,-,-,-,-,-,-,-,-,-,-,-,-,-,-,-,-,-,0.080041112940381992
495,432i,-,E,E,E,E,E,E,E,E,E,S,M,S,S,S,S,S,S,S,S,-,-,-,-,-,-,-,-,-,-,-,-,-,-,-,-,-,-,-,-,-,-,-,-,-,-,-,-,-,-,-,-,-,-,-,-,-,-,0.057612277073521886
496,432j,-,L,L,L,L,L,L,L,L,L,L,-,L,L,L,L,L,L,L,L,-,-,-,-,-,-,-,-,-,-,-,-,-,-,-,-,-,-,-,-,-,-,-,-,-,-,-,-,-,-,-,-,-,-,-,-,-,-,0.090476552716668268
